character,round,image_number,frame_id,pose_index,action,output_file,source_sha256,crop_source,crop_x,crop_y,crop_w,crop_h,output_sha256,source_replaced,manual_applied
Alien Meow,ROUND_1,1,12,2,待機／天線掃描呼吸,Alien Meow/ROUND_1/01_待機_天線掃描呼吸/12.webp,1dfa32bf56bf62d7b783fdf276b72de05752c7907f94dfb7add11b9c8bf73fcb,detected_or_manifest,256,0,256,256,17501f312eca5010677fa9ebdbe18a8ebdca21340aabd869d6a1d66017473ad1,False,False
Alien Meow,ROUND_1,1,15,5,前走,Alien Meow/ROUND_1/02_前走/15.webp,1dfa32bf56bf62d7b783fdf276b72de05752c7907f94dfb7add11b9c8bf73fcb,manual,256,256,256,256,046d859772d0acd06e4944c372732c97f24ab166329f57e92f9cf54fa6d5d95e,False,True
Alien Meow,ROUND_1,1,16,6,前走,Alien Meow/ROUND_1/02_前走/16.webp,1dfa32bf56bf62d7b783fdf276b72de05752c7907f94dfb7add11b9c8bf73fcb,manual,512,256,256,227,d21f0942db449ab2f54d6cc9ef5245d585d9532b679bfb5cc77f521cea15ed81,False,True
Alien Meow,ROUND_1,2,26,6,落地,Alien Meow/ROUND_1/09_落地/26.webp,306fa5c2f5cee61c894c2bd88f8f06240faf9f73dfb5455f730e3cf0cab39337,detected_or_manifest,512,260,252,231,5c6231d45be4862b5a1eaf3f285a7dd4553c3f59d33090b4a58f5191ec3e39d2,False,False
Alien Meow,ROUND_1,3,31,1,前衝蓄勢,Alien Meow/ROUND_1/10_前衝蓄勢/31.webp,3a31919d873941bd998457af380eb5b99b5353dce4d96f13c5d6e554e4476965,detected_or_manifest,12,1,239,217,9b831dae8aee7376994f2828441951f10af2d0eac8ccd4c757c89aadee12c727,False,False
Alien Meow,ROUND_1,3,34,4,後撤起手,Alien Meow/ROUND_1/13_後撤起手/34.webp,3a31919d873941bd998457af380eb5b99b5353dce4d96f13c5d6e554e4476965,detected_or_manifest,21,254,211,217,b591876f673081572868ac69cf1cc31d75cda270b15a4091fdd01a3fe06d61b1,False,False
Alien Meow,ROUND_1,3,35,5,後撤空中,Alien Meow/ROUND_1/14_後撤空中/35.webp,3a31919d873941bd998457af380eb5b99b5353dce4d96f13c5d6e554e4476965,detected_or_manifest,275,461,189,44,710d150c60e50a1a3a29239353c4fd3cffccccb08681737589e12606b6dd3ce7,False,False
Alien Meow,ROUND_1,3,36,6,後撤落地,Alien Meow/ROUND_1/15_後撤落地/36.webp,3a31919d873941bd998457af380eb5b99b5353dce4d96f13c5d6e554e4476965,detected_or_manifest,512,265,250,193,f6da5b079da34646e2c287462ed7f1659e7b2079282f63f31f12172eff021a87,False,False
Alien Meow,ROUND_1,5,51,1,重攻「水平掃描」,Alien Meow/ROUND_1/17_重攻「水平掃描」/51.webp,3e6b488ea21e5cfbebf2f1660f7232fd9e7d726614265ba27e26da8cd649e397,detected_or_manifest,19,0,221,256,7f7f2e8b4d62b46df454fa555049c7eec23aa35b1e147c331f850093e630273e,False,False
Alien Meow,ROUND_1,6,61,1,下段「地表斷訊脈衝」,Alien Meow/ROUND_1/18_下段「地表斷訊脈衝」/61.webp,e362c9f03d4186d7d3f68d9442ffe2b2f1a2074d8253a42d63f2fe794080f23c,detected_or_manifest,29,3,222,253,743068df49ff60d12da883d320b738d582aa3fdf5d986adb0aa0c1fc5e641b47,False,False
Alien Meow,ROUND_1,6,62,2,下段「地表斷訊脈衝」,Alien Meow/ROUND_1/18_下段「地表斷訊脈衝」/62.webp,e362c9f03d4186d7d3f68d9442ffe2b2f1a2074d8253a42d63f2fe794080f23c,detected_or_manifest,256,3,257,217,a82a034e64ee6e8daa2ca0c1d054d8f1f2dadc1a08febcc20b0044a9a1edda40,False,False
Alien Meow,ROUND_1,6,63,3,下段「地表斷訊脈衝」,Alien Meow/ROUND_1/18_下段「地表斷訊脈衝」/63.webp,e362c9f03d4186d7d3f68d9442ffe2b2f1a2074d8253a42d63f2fe794080f23c,detected_or_manifest,519,0,241,244,a59fc46d82f6899e3acb61854d2d532ae63eaaca5b6e121eef42d8813376ea65,False,False
Alien Meow,ROUND_1,6,66,6,下段「地表斷訊脈衝」,Alien Meow/ROUND_1/18_下段「地表斷訊脈衝」/66.webp,e362c9f03d4186d7d3f68d9442ffe2b2f1a2074d8253a42d63f2fe794080f23c,detected_or_manifest,516,261,229,236,e518174494199d93d2442b4d95aecbb1e0a9ee3f1227d0e3bb09d7fcea1a3766,False,False
Alien Meow,ROUND_1,7,71,1,空中攻擊「空域掃描墜擊」,Alien Meow/ROUND_1/19_空中攻擊「空域掃描墜擊」/71.webp,8dad18e1b81d591cd65311e82bcc0ace9073fb731dc023e9161279d65a8ba1d5,detected_or_manifest,28,11,224,221,bccc92a75b41cca81aba38719143cea0007aef4da165186d00a8c94911ac156a,False,False
Alien Meow,ROUND_1,7,72,2,空中攻擊「空域掃描墜擊」,Alien Meow/ROUND_1/19_空中攻擊「空域掃描墜擊」/72.webp,8dad18e1b81d591cd65311e82bcc0ace9073fb731dc023e9161279d65a8ba1d5,detected_or_manifest,260,33,251,212,78dc41cc07d84fafc24320ae4501a7f6bf91f9262e80ed586ee638fa7096dbd6,False,False
Alien Meow,ROUND_1,7,76,6,空中攻擊「空域掃描墜擊」,Alien Meow/ROUND_1/19_空中攻擊「空域掃描墜擊」/76.webp,8dad18e1b81d591cd65311e82bcc0ace9073fb731dc023e9161279d65a8ba1d5,detected_or_manifest,520,270,204,211,992d4a514b0a480acf9476151b3e2e34146b11fee2f565578a54bc04f8aa2500,False,False
Alien Meow,ROUND_2,1,12,2,投技「UFO 回收程序」,Alien Meow/ROUND_2/01_投技「UFO_回收程序」/12.webp,4e4533ac2ed257c9d6f8f4cb3be66ff00e86ccca6dc8aa896c63a2a6052f02c5,detected_or_manifest,256,0,256,384,e8d76499cee810a8d7d7e314c1c3ada0c405a7c169972303e2a9037f66b52bc8,False,False
Alien Meow,ROUND_2,1,16,6,投技「UFO 回收程序」,Alien Meow/ROUND_2/01_投技「UFO_回收程序」/16.webp,4e4533ac2ed257c9d6f8f4cb3be66ff00e86ccca6dc8aa896c63a2a6052f02c5,detected_or_manifest,516,388,233,314,be459e098e62b89843774e1fdcf3ed7c02f487b1678bdbe6e9f9b33ea2c1340c,False,False
Alien Meow,ROUND_2,9,91,1,最終「全頻率收尾／Full-Frequency Battlefield Scan Sweep」,Alien Meow/ROUND_2/51_最終「全頻率收尾_Full-Frequency_Battlefield_Scan_Sweep」/91.webp,7e81084e226e995c448a15b2ce57a922f63f53790c313141cb0e7aa60d88026a,detected_or_manifest,0,0,956,538,1d84aa4c62fc21db9b88fe0dde793be6a3136afac09a857142d07ee108f0f0d0,False,False
Doge,ROUND_1,1,13,3,Idle,Doge/ROUND_1/01_Idle/13.webp,6af38c442cff7544d3f27c2b3cded46f36a9d783d3f0f3cb537bc2eb20c9e252,detected_or_manifest,527,4,215,246,f5fee0b19b7678363a56d510c3668bd0ec9ea198e060a742f8196adf584f6996,False,False
Doge,ROUND_1,3,31,1,Light_Paw_Slap,Doge/ROUND_1/07_Light_Paw_Slap/31.webp,dd3b28b53c05df618825ec65ae5b1596c546fef68cbb1aac9b696cbaf4b2bd79,detected_or_manifest,28,4,189,245,5d26cb7a86d80d8ce4653beb2c334deb6346546a5e9949b4e404cab8147b468f,False,False
Doge,ROUND_1,3,33,3,Light_Paw_Slap,Doge/ROUND_1/07_Light_Paw_Slap/33.webp,dd3b28b53c05df618825ec65ae5b1596c546fef68cbb1aac9b696cbaf4b2bd79,detected_or_manifest,527,14,210,236,7a19e3f74bd6cb45d883f9e1daa69daeb86f28b91aaa8c8979924d299626b8b4,False,False
Doge,ROUND_1,5,51,1,Low_Lazy_Trip,Doge/ROUND_1/09_Low_Lazy_Trip/51.webp,045655d79b70d7f7f880062c463a815a145f8703487694147bba920767102bf7,detected_or_manifest,0,0,265,247,8ae9b29ea138702ceddbdf42ee359253d37f00c19f0bce3355c7dd2d857a810a,False,False
Doge,ROUND_1,5,52,2,Low_Lazy_Trip,Doge/ROUND_1/09_Low_Lazy_Trip/52.webp,045655d79b70d7f7f880062c463a815a145f8703487694147bba920767102bf7,detected_or_manifest,265,0,250,247,d9b4811c03b4570bc4207313f175a52d42d07bf2ce474ece591de4bcd201bf65,False,False
Doge,ROUND_1,5,53,3,Low_Lazy_Trip,Doge/ROUND_1/09_Low_Lazy_Trip/53.webp,045655d79b70d7f7f880062c463a815a145f8703487694147bba920767102bf7,detected_or_manifest,515,0,253,247,42743407776413869cd7c5132342ae7bc0a2480ae68e60cf7fab014e355f1fdc,False,False
Doge,ROUND_1,5,54,4,Low_Lazy_Trip,Doge/ROUND_1/09_Low_Lazy_Trip/54.webp,045655d79b70d7f7f880062c463a815a145f8703487694147bba920767102bf7,detected_or_manifest,0,247,265,265,6997a4c771bd18dcf76260b8efa76a391215c972fad23ce2f6d28c629411a11c,False,False
Doge,ROUND_1,5,55,5,Low_Lazy_Trip,Doge/ROUND_1/09_Low_Lazy_Trip/55.webp,045655d79b70d7f7f880062c463a815a145f8703487694147bba920767102bf7,detected_or_manifest,265,247,250,265,899ec024691a906670f269d13734b6ef81df365ed8baf4688a25c91dbbbd1473,False,False
Doge,ROUND_1,5,56,6,Low_Lazy_Trip,Doge/ROUND_1/09_Low_Lazy_Trip/56.webp,045655d79b70d7f7f880062c463a815a145f8703487694147bba920767102bf7,detected_or_manifest,515,247,253,265,aef90edb77f1496910863daa05052d62c11a05c95ac8e5067ff00b85ba26a160,False,False
Doge,ROUND_1,6,62,2,Air_Body_Splash,Doge/ROUND_1/10_Air_Body_Splash/62.webp,262b21aef2af4e19c6b563a5e505afdd85512c78046aaf042e5e419a0d65d62c,detected_or_manifest,305,47,209,177,1a83e0e545192d48ceed873e92ec752e5696d4a046c6c6e40111069c2f17ca33,False,False
Doge,ROUND_1,6,65,5,Air_Body_Splash,Doge/ROUND_1/10_Air_Body_Splash/65.webp,262b21aef2af4e19c6b563a5e505afdd85512c78046aaf042e5e419a0d65d62c,detected_or_manifest,379,274,31,23,bec4417d002e4b8cb07ef0e9837e5f6624b8e13ccb522150902c59f38a6b68b0,False,False
Doge,ROUND_1,8,82,2,Hitstun,Doge/ROUND_1/13_Hitstun/82.webp,7163d2f93936550ff058f77f84ebe51f39298747b0553e544d348c8e41d1d0ba,detected_or_manifest,294,7,175,235,e1f28836243cbb5a6be8575f4b23689047da306fc1af42bae40c818b3c15bd87,False,False
Doge,ROUND_1,8,83,3,Hitstun,Doge/ROUND_1/13_Hitstun/83.webp,7163d2f93936550ff058f77f84ebe51f39298747b0553e544d348c8e41d1d0ba,detected_or_manifest,528,4,218,252,a5ce6b5f34bdfd3a27c4713d70443ed61c7f077b919b10e70a71dc77d1b62fa6,False,False
Doge,ROUND_1,8,86,6,Hitstun,Doge/ROUND_1/13_Hitstun/86.webp,7163d2f93936550ff058f77f84ebe51f39298747b0553e544d348c8e41d1d0ba,detected_or_manifest,552,256,172,241,5dce256de39f9b1e9146da2ebe16fb7c33c5ce98de23ed1e3c55a2aa354d5af6,False,False
Doge,ROUND_1,9,96,6,Backstep,Doge/ROUND_1/15_Backstep/96.webp,12665fc21e379b75800625659cc933fb5cb55ec87c735571dbcef6bd7bee3b9b,detected_or_manifest,511,268,257,193,1d030fc27e7886733089a124078f3f03d8b191ac0e26a0c6b49da8eb0a2960d5,False,False
Doge,ROUND_2,1,13,3,Throw_Come_Here,Doge/ROUND_2/01_Throw_Come_Here/13.webp,4b0794ef6d04fca4bc65bfde31c883d98471e4f11d46d39a31369e53c54fa02e,detected_or_manifest,531,24,212,227,dd8dc04358a70cdfe353586b05a46dd3b4f71d3b5c531ec9e2908d85916bf6ce,False,False
Doge,ROUND_2,1,14,4,Throw_Come_Here,Doge/ROUND_2/01_Throw_Come_Here/14.webp,4b0794ef6d04fca4bc65bfde31c883d98471e4f11d46d39a31369e53c54fa02e,manual,14,282,252,203,d55d5ad16b10cac4c36cb0ce3d347ad94a90b11616205f8282429f29f45d0fd8,False,True
Doge,ROUND_2,2,23,3,Thrown_Knockdown_Getup_KO,Doge/ROUND_2/02_Thrown_Knockdown_Getup_KO/23.webp,a023beb253309535b46bc6693bef38e79835e66bab5ea45edb77a94d97320c5a,manual,520,112,248,188,79fc66363ca42b915a72bff152aff9602cd67f0adaf2914537d84d1c171c6164,False,True
Doge,ROUND_2,2,26,6,Thrown_Knockdown_Getup_KO,Doge/ROUND_2/02_Thrown_Knockdown_Getup_KO/26.webp,a023beb253309535b46bc6693bef38e79835e66bab5ea45edb77a94d97320c5a,manual,506,384,262,194,589604ad227cd125884005dfd81678f1827ef0ac0d5ed435900580b6d1eeadc9,False,True
YA鼠,ROUND_1,3,31,1,輕攻「那個…不好意思」,YA鼠/ROUND_1/07_輕攻「那個...不好意思」/31.webp,67cfdc1aeab3c184acefa37ca6ed4ce79d208baf3e9487f2fc04f1a2487e0496,detected_or_manifest,0,0,256,256,b82b17b63f7526922119a9dcd10c9c8613cb950e8afe6a104b0f8b0936813e9a,False,False
YA鼠,ROUND_1,3,32,2,輕攻「那個…不好意思」,YA鼠/ROUND_1/07_輕攻「那個...不好意思」/32.webp,67cfdc1aeab3c184acefa37ca6ed4ce79d208baf3e9487f2fc04f1a2487e0496,detected_or_manifest,256,0,256,256,8972a9bfbec18be09e5f20c20a109a766b17819d66947d277c079949e9e901d1,False,False
YA鼠,ROUND_1,4,41,1,重攻「不好意思借過！」,YA鼠/ROUND_1/08_重攻「不好意思借過！」/41.webp,8b79135cf98588ca27d05d7ff20162fd6d356890716f88491734dfddedb2defe,detected_or_manifest,24,15,219,211,ab62367227ffc41141c8ee635bb3a34909ee9ffe3ffc3ff3506570bdde879bd1,False,False
YA鼠,ROUND_1,9,91,1,標準圓眼鏡,YA鼠/ROUND_1/23_標準圓眼鏡/91.webp,7a63b450c221c689693a7f29cbf47833925c02c93b4a7e01dc29eeb883f63665,detected_or_manifest,0,0,256,239,716680503346616e40c4393c2f137f2782ccd40255aa54c3d7c3e8583e908e2b,False,False
YA鼠,ROUND_1,9,92,2,歪掉的眼鏡,YA鼠/ROUND_1/24_歪掉的眼鏡/92.webp,7a63b450c221c689693a7f29cbf47833925c02c93b4a7e01dc29eeb883f63665,detected_or_manifest,256,0,291,239,938eb27ef81f7fdd4d2bfa331f7553534eafaa09301fdf4c3e3fa6102dcd24f5,False,False
YA鼠,ROUND_1,9,93,3,手機正面,YA鼠/ROUND_1/25_手機正面/93.webp,7a63b450c221c689693a7f29cbf47833925c02c93b4a7e01dc29eeb883f63665,detected_or_manifest,547,0,221,239,d149d7694c2094605c15bf8c4632c1511eab60cb72d1dfe958a7b7ab08f45f64,False,False
YA鼠,ROUND_1,9,94,4,手機相機面,YA鼠/ROUND_1/26_手機相機面/94.webp,7a63b450c221c689693a7f29cbf47833925c02c93b4a7e01dc29eeb883f63665,detected_or_manifest,0,239,256,273,c08e11aa551693546e7acc52c7788fe5caadd1b6bad9ac66ce8d471889e666f6,False,False
YA鼠,ROUND_1,9,95,5,汗滴素材,YA鼠/ROUND_1/27_汗滴素材/95.webp,7a63b450c221c689693a7f29cbf47833925c02c93b4a7e01dc29eeb883f63665,detected_or_manifest,256,239,291,273,bd7e51a57b1167d1c5c079369eebf62133a23b9cc26fdd0ef047d1e8f276cb84,False,False
YA鼠,ROUND_1,9,96,6,緊張抖動素材,YA鼠/ROUND_1/28_緊張抖動素材/96.webp,7a63b450c221c689693a7f29cbf47833925c02c93b4a7e01dc29eeb883f63665,detected_or_manifest,547,239,221,273,99fc51f349d49e2795f8ddb10c7e5e1ce542c9dcb7c73c146477da6009286020,False,False
YA鼠,ROUND_2,1,12,2,前衝,YA鼠/ROUND_2/01_前衝/12.webp,0bcc4db15dd6c200e003ef18df683fc66ac2066d53b017ebc553bc336a26ea66,manual,264,0,256,256,c2f685ad85d48561fac3798c7c30e53e1a5c345e3cb3ff876cdd1f03380228d9,False,True
YA鼠,ROUND_2,1,14,4,後撤,YA鼠/ROUND_2/02_後撤/14.webp,0bcc4db15dd6c200e003ef18df683fc66ac2066d53b017ebc553bc336a26ea66,detected_or_manifest,32,272,224,224,c047c2509b5db695880312d66735ebc278890beaa583e990944c6ec558c60834,False,False
YA鼠,ROUND_2,1,15,5,後撤,YA鼠/ROUND_2/02_後撤/15.webp,0bcc4db15dd6c200e003ef18df683fc66ac2066d53b017ebc553bc336a26ea66,detected_or_manifest,256,256,256,256,f9843e41e942bf76e68703c648134ec9abf41e77ab9627581f47f476689daf5e,False,False
YA鼠,ROUND_2,2,24,4,投技「你離我太近了！」,YA鼠/ROUND_2/03_投技「你離我太近了！」/24.webp,f4d1e28fa179f67dafa63c5922f658118fa92cf1129ff5944f5394785c0e4a3f,detected_or_manifest,26,257,226,251,bb4d8d8d0d29eed567823dd7beca1615a30ac6213a1f54efe1bf19b14f11807b,False,False
YA鼠,ROUND_2,3,31,1,強擊失衡,YA鼠/ROUND_2/04_強擊失衡/31.webp,6b60722e7d95a1bce0c4c3456d3a60c8af5d5742130da00f6e21eaccdea6ea85,detected_or_manifest,0,22,250,233,05df7e1f982d2dc01146a9719781c2209643b047f0fed7aa8b0a3557bd67999d,False,False
YA鼠,ROUND_2,3,33,3,下墜,YA鼠/ROUND_2/06_下墜/33.webp,6b60722e7d95a1bce0c4c3456d3a60c8af5d5742130da00f6e21eaccdea6ea85,detected_or_manifest,520,24,237,231,59a2901ead4ed5b229856839a826e40555b3a46816ceac48a0069129d2bf635b,False,False
YA鼠,ROUND_2,3,37,7,起身前段,YA鼠/ROUND_2/10_起身前段/37.webp,6b60722e7d95a1bce0c4c3456d3a60c8af5d5742130da00f6e21eaccdea6ea85,detected_or_manifest,0,513,257,212,ef16b087e0bb5642cd2ce331482459b4abc181e361ab0b552abcf6639da61e4a,False,False
Oh fuxking 天婦羅尬哩涼,ROUND_1,1,13,3,待機,Oh fuxking 天婦羅尬哩涼/ROUND_1/01_待機/13.webp,dd5c53ded8e5934f11af429c2439c7d6faa1f534669868768ad8b46e1bcda7ed,detected_or_manifest,544,12,169,237,9c0c8e25969180bb6a1e9995c76625d08563b28fa3e3414579bdcc205f944881,False,False
Oh fuxking 天婦羅尬哩涼,ROUND_1,2,21,1,後走,Oh fuxking 天婦羅尬哩涼/ROUND_1/03_後走/21.webp,b3b22454c1134f333b2756c634b5d4d6123d35b72e885e1f501c5f33be4eb5bf,detected_or_manifest,0,28,244,224,648a1884a75254ba9ecad45a8646cea7eb51ff04046a61f270cb20837d6c7ddb,False,False
Oh fuxking 天婦羅尬哩涼,ROUND_1,2,22,2,後走,Oh fuxking 天婦羅尬哩涼/ROUND_1/03_後走/22.webp,b3b22454c1134f333b2756c634b5d4d6123d35b72e885e1f501c5f33be4eb5bf,manual,302,11,209,239,40f44b51871c42549bc2bfda12f79e69548878f7edccbbee119dbcfe4e8ede70,False,True
Oh fuxking 天婦羅尬哩涼,ROUND_1,2,23,3,後走,Oh fuxking 天婦羅尬哩涼/ROUND_1/03_後走/23.webp,b3b22454c1134f333b2756c634b5d4d6123d35b72e885e1f501c5f33be4eb5bf,detected_or_manifest,540,9,210,244,d075c55c0e7b69cad88d2f01098888207c1180c47009ce65944baee4a8ee1a05,False,False
Oh fuxking 天婦羅尬哩涼,ROUND_1,2,26,6,跳躍,Oh fuxking 天婦羅尬哩涼/ROUND_1/05_跳躍/26.webp,b3b22454c1134f333b2756c634b5d4d6123d35b72e885e1f501c5f33be4eb5bf,manual,519,264,203,217,9820c9966550d4ee96abfa583d4de1c51942e5d2ed798f61c2f87912bcce1466,False,True
Oh fuxking 天婦羅尬哩涼,ROUND_1,2,29,9,落地,Oh fuxking 天婦羅尬哩涼/ROUND_1/06_落地/29.webp,b3b22454c1134f333b2756c634b5d4d6123d35b72e885e1f501c5f33be4eb5bf,detected_or_manifest,515,510,232,228,6ae91103da3db7cfd6feb785908a149efd3b0aa3c2f1163d2bc9d86f7450c4ae,False,False
Oh fuxking 天婦羅尬哩涼,ROUND_1,3,31,1,輕攻「企鵝啄啄」,Oh fuxking 天婦羅尬哩涼/ROUND_1/07_輕攻「企鵝啄啄」/31.webp,af2a6ba8b21c93464c7226799f891253adade47884269caa48a7e40cf1bafc0a,detected_or_manifest,52,11,188,239,0290a036337f15b5cd25262e2a6c79f25b26185ded70df2b56002b706aa419d1,False,False
Oh fuxking 天婦羅尬哩涼,ROUND_1,3,33,3,輕攻「企鵝啄啄」,Oh fuxking 天婦羅尬哩涼/ROUND_1/07_輕攻「企鵝啄啄」/33.webp,af2a6ba8b21c93464c7226799f891253adade47884269caa48a7e40cf1bafc0a,detected_or_manifest,527,53,226,196,2a08921df81d38be6cba9f0e1f399058bb78fb83b954920e8d08df43aceab8f3,False,False
Oh fuxking 天婦羅尬哩涼,ROUND_1,3,36,6,輕攻「企鵝啄啄」,Oh fuxking 天婦羅尬哩涼/ROUND_1/07_輕攻「企鵝啄啄」/36.webp,af2a6ba8b21c93464c7226799f891253adade47884269caa48a7e40cf1bafc0a,detected_or_manifest,543,261,205,224,9be8e513f1b1a8bcfef152c055f3d3876bdaf1f7dd3ee3e634a704814c394bd5,False,False
Oh fuxking 天婦羅尬哩涼,ROUND_1,4,41,1,重攻「天婦羅鐵頭功」,Oh fuxking 天婦羅尬哩涼/ROUND_1/08_重攻「天婦羅鐵頭功」/41.webp,0a53543cc421454495b9a63a1d1e79cc52389b7b318638d7017dc56aa7ae2b83,detected_or_manifest,20,11,236,223,24b064e125e5e19f4e7ab334e749388698bb9f1da563c82925885821d4a08b96,False,False
Oh fuxking 天婦羅尬哩涼,ROUND_1,4,43,3,重攻「天婦羅鐵頭功」,Oh fuxking 天婦羅尬哩涼/ROUND_1/08_重攻「天婦羅鐵頭功」/43.webp,0a53543cc421454495b9a63a1d1e79cc52389b7b318638d7017dc56aa7ae2b83,detected_or_manifest,531,23,224,212,1c518b69d45b08a0969884d8f7c898ab89dd9792ad2515db6c1f82618ae65b05,False,False
Oh fuxking 天婦羅尬哩涼,ROUND_1,5,51,1,下段「冰面肚皮滑行」,Oh fuxking 天婦羅尬哩涼/ROUND_1/09_下段「冰面肚皮滑行」/51.webp,29b04849021d1183a6cdb393bb85449c45e1c0cf5e83953d9c648a6db962e0da,detected_or_manifest,23,48,235,207,9c7038e6855419f7f7b2916ad6fdf700586f553c6c4ccefb056e638fa94f5aa3,False,False
Oh fuxking 天婦羅尬哩涼,ROUND_1,5,52,2,下段「冰面肚皮滑行」,Oh fuxking 天婦羅尬哩涼/ROUND_1/09_下段「冰面肚皮滑行」/52.webp,29b04849021d1183a6cdb393bb85449c45e1c0cf5e83953d9c648a6db962e0da,manual,258,120,234,131,eb232efacc35827879ef2f9e087072648f56f2af05ce56d87290fea9bc463229,False,True
Oh fuxking 天婦羅尬哩涼,ROUND_1,5,53,3,下段「冰面肚皮滑行」,Oh fuxking 天婦羅尬哩涼/ROUND_1/09_下段「冰面肚皮滑行」/53.webp,29b04849021d1183a6cdb393bb85449c45e1c0cf5e83953d9c648a6db962e0da,detected_or_manifest,526,121,235,129,690bab46b2a872dc5f32819d7df7ea46bcbb9d0baca6d6aea34f44c996fcc432,False,False
Oh fuxking 天婦羅尬哩涼,ROUND_1,6,61,1,空中攻擊「企鵝炸彈」,Oh fuxking 天婦羅尬哩涼/ROUND_1/10_空中攻擊「企鵝炸彈」/61.webp,7e8bd3751583821183a606a5fc60456b8c43f493dc349e03f50d54566edcbeb2,detected_or_manifest,11,15,207,233,d0ddea0d6a75e0226aafd19ad5304228f4a67358dffc69b71e453d41d80df9ad,False,False
Oh fuxking 天婦羅尬哩涼,ROUND_1,7,74,4,蹲防,Oh fuxking 天婦羅尬哩涼/ROUND_1/14_蹲防/74.webp,ec0bb039d87b22d2c6e5cda945d13baca866fc224aa27f0d16771cf4ece33ef4,detected_or_manifest,22,271,218,212,50ec9e81b49d5307770f3104fc1ecf775b72124cb489437efa47853472bce5e6,False,False
Oh fuxking 天婦羅尬哩涼,ROUND_1,8,81,1,上段受擊,Oh fuxking 天婦羅尬哩涼/ROUND_1/17_上段受擊/81.webp,5e8c8f16f05b58a6a3406ebaa6c251f3250863b1e56b0725176b2df37ef2b727,detected_or_manifest,0,0,267,254,65c9ccf819a6552b7a8805aeec2bee67ac89ed4b67cb6cbf5f1f2780a737172d,False,False
Oh fuxking 天婦羅尬哩涼,ROUND_1,8,82,2,中段受擊,Oh fuxking 天婦羅尬哩涼/ROUND_1/18_中段受擊/82.webp,5e8c8f16f05b58a6a3406ebaa6c251f3250863b1e56b0725176b2df37ef2b727,detected_or_manifest,267,0,254,254,535311e7496f9ab6f6bafe72c607687365794591723baa5fb8a6218245e53a0e,False,False
Oh fuxking 天婦羅尬哩涼,ROUND_1,8,83,3,下段受擊,Oh fuxking 天婦羅尬哩涼/ROUND_1/19_下段受擊/83.webp,5e8c8f16f05b58a6a3406ebaa6c251f3250863b1e56b0725176b2df37ef2b727,detected_or_manifest,521,0,247,254,4dc158c8819a749657388c7cdd8bda89e1a2b5e8dcfb9cbd87f28a5630478826,False,False
Oh fuxking 天婦羅尬哩涼,ROUND_1,8,84,4,Heavy Reel,Oh fuxking 天婦羅尬哩涼/ROUND_1/20_Heavy_Reel/84.webp,5e8c8f16f05b58a6a3406ebaa6c251f3250863b1e56b0725176b2df37ef2b727,detected_or_manifest,0,254,267,258,736626f6a5822462c07b5c87dcfb4394e658b0a5445ab6acbc13a6670866eba5,False,False
Oh fuxking 天婦羅尬哩涼,ROUND_1,8,85,5,Counter Hit Reel,Oh fuxking 天婦羅尬哩涼/ROUND_1/21_Counter_Hit_Reel/85.webp,5e8c8f16f05b58a6a3406ebaa6c251f3250863b1e56b0725176b2df37ef2b727,detected_or_manifest,267,254,254,258,f6fadd92381f10f533e198b6a82250e0ada56d86a816fdd150fd4645880ca95e,False,False
Oh fuxking 天婦羅尬哩涼,ROUND_1,8,86,6,恢復,Oh fuxking 天婦羅尬哩涼/ROUND_1/22_恢復/86.webp,5e8c8f16f05b58a6a3406ebaa6c251f3250863b1e56b0725176b2df37ef2b727,detected_or_manifest,521,254,247,258,b3e4ef00d6aff5f45e932e71394d8e43812be47b6dec8251add02c50a668e23f,False,False
Oh fuxking 天婦羅尬哩涼,ROUND_1,9,93,3,前衝,Oh fuxking 天婦羅尬哩涼/ROUND_1/23_前衝/93.webp,83c1484181745ae8a8dd360b83e7f40ce545d1cfb6461ec1814d7c88a3a1e432,detected_or_manifest,550,15,202,214,a93f28354c25b8d2cb5091977be851b604dbef5afdc3ad4a199deddb174ec362,False,False
Oh fuxking 天婦羅尬哩涼,ROUND_1,9,94,4,後撤,Oh fuxking 天婦羅尬哩涼/ROUND_1/24_後撤/94.webp,83c1484181745ae8a8dd360b83e7f40ce545d1cfb6461ec1814d7c88a3a1e432,detected_or_manifest,32,263,221,231,f70bb93c5c1169b73a1e7fc9350924f16bfb14d7eaa93d2675dbc201f32ad203,False,False
Oh fuxking 天婦羅尬哩涼,ROUND_1,9,95,5,後撤,Oh fuxking 天婦羅尬哩涼/ROUND_1/24_後撤/95.webp,83c1484181745ae8a8dd360b83e7f40ce545d1cfb6461ec1814d7c88a3a1e432,manual,259,237,215,252,4c7e703ca4d95fc9a09b3416e77784aa0616337bf2bbe0e0a4e4ebd1c56c16d3,False,True
Oh fuxking 天婦羅尬哩涼,ROUND_1,9,96,6,後撤,Oh fuxking 天婦羅尬哩涼/ROUND_1/24_後撤/96.webp,83c1484181745ae8a8dd360b83e7f40ce545d1cfb6461ec1814d7c88a3a1e432,manual,538,261,209,214,ea731d140cd57a4d3c30796c962734773f3c11cf2131481020f8d5f2514c1b00,False,True
Oh fuxking 天婦羅尬哩涼,ROUND_2,1,11,1,投技「一起摔啦！」,Oh fuxking 天婦羅尬哩涼/ROUND_2/01_投技「一起摔啦！」/11.webp,f73d1ba8454a5323d93fee7b2cd31670c12d165244b8a95dd8bc76c3caa2c333,detected_or_manifest,27,25,201,240,008d46018deef4031ebb9047343f2b890a061a05e60e53cd69e70195b7daf93d,False,False
Oh fuxking 天婦羅尬哩涼,ROUND_2,1,12,2,投技「一起摔啦！」,Oh fuxking 天婦羅尬哩涼/ROUND_2/01_投技「一起摔啦！」/12.webp,f73d1ba8454a5323d93fee7b2cd31670c12d165244b8a95dd8bc76c3caa2c333,detected_or_manifest,249,52,220,220,cc46b68040fbffeaef0a9eb6696c55b3a44f9d7c6929fca8c3b7161538ed928e,False,False
Oh fuxking 天婦羅尬哩涼,ROUND_2,1,16,6,投技「一起摔啦！」,Oh fuxking 天婦羅尬哩涼/ROUND_2/01_投技「一起摔啦！」/16.webp,f73d1ba8454a5323d93fee7b2cd31670c12d165244b8a95dd8bc76c3caa2c333,manual,490,313,213,188,789553a32e51919d654990008a149b9cc4a2c55a1802a2f9e4243317683b7e2c,False,True
Oh fuxking 天婦羅尬哩涼,ROUND_2,2,26,6,Soft KD Recovery,Oh fuxking 天婦羅尬哩涼/ROUND_2/07_Soft_KD_Recovery/26.webp,175ae209b5be9b502be6da3baea4147d7bf223cc7332b8dd94872198bf2d24e5,detected_or_manifest,488,218,214,145,f45c9eb4b6dfbd4b70717a745c9d760f528177b8169df83ff48258e8e2b98284,False,False
Oh fuxking 天婦羅尬哩涼,ROUND_2,2,28,8,起身後段,Oh fuxking 天婦羅尬哩涼/ROUND_2/09_起身後段/28.webp,175ae209b5be9b502be6da3baea4147d7bf223cc7332b8dd94872198bf2d24e5,detected_or_manifest,296,365,166,170,98399d8c1447b72c1dd9a3610b26711c14128c7798d159799edd79a616dff364,False,False
Oh fuxking 天婦羅尬哩涼,ROUND_2,2,29,9,KO,Oh fuxking 天婦羅尬哩涼/ROUND_2/10_KO/29.webp,175ae209b5be9b502be6da3baea4147d7bf223cc7332b8dd94872198bf2d24e5,detected_or_manifest,490,381,223,141,84f6ad458261a9fafe0adcb60cbe9b9f210f571c37c22c297e5df948a1b8a6bf,False,False
Oh fuxking 天婦羅尬哩涼,ROUND_2,3,32,2,Charge Loop,Oh fuxking 天婦羅尬哩涼/ROUND_2/12_Charge_Loop/32.webp,29487990101862ae6bd730ca8f25c9ac700e298ded5837f943ebae0d0e415205,detected_or_manifest,269,73,213,200,12e7545bc2e673dcc87456c77a10bfb97eadce0d2623d2ef03fe332eb84af4ed,False,False
Oh fuxking 天婦羅尬哩涼,ROUND_2,3,33,3,Maximum Charge,Oh fuxking 天婦羅尬哩涼/ROUND_2/13_Maximum_Charge/33.webp,29487990101862ae6bd730ca8f25c9ac700e298ded5837f943ebae0d0e415205,detected_or_manifest,496,66,215,180,f0790445437be58263f0ada52bc6fcf878bb84ad42cf594a69fff4a9cbe9bee4,False,False
Oh fuxking 天婦羅尬哩涼,ROUND_2,5,51,1,Ultimate 啟動,Oh fuxking 天婦羅尬哩涼/ROUND_2/20_Ultimate_啟動/51.webp,30bf5429696b4e02faf36e4d246640dea3f6084d0329c2089241021223017c2b,detected_or_manifest,0,0,244,272,6c073fd1860d7aed0d0576ca9162b3710308c1254647aa5ee759d6ea06d1fb1b,False,False
Oh fuxking 天婦羅尬哩涼,ROUND_2,5,52,2,召喚蓄勢,Oh fuxking 天婦羅尬哩涼/ROUND_2/21_召喚蓄勢/52.webp,30bf5429696b4e02faf36e4d246640dea3f6084d0329c2089241021223017c2b,detected_or_manifest,244,0,255,272,89d1dc62d379375efe3a69500d7174f7e8f8b79c8bb5f537cd913ccabdf1845b,False,False
Oh fuxking 天婦羅尬哩涼,ROUND_2,5,53,3,大聲召喚,Oh fuxking 天婦羅尬哩涼/ROUND_2/22_大聲召喚/53.webp,30bf5429696b4e02faf36e4d246640dea3f6084d0329c2089241021223017c2b,detected_or_manifest,499,0,225,272,764591f4633038015b53f838bcbf7ac9a973c2dfdd8910feeaa5ae728f5a469c,False,False
Oh fuxking 天婦羅尬哩涼,ROUND_2,5,54,4,指揮企鵝群往前,Oh fuxking 天婦羅尬哩涼/ROUND_2/23_指揮企鵝群往前/54.webp,30bf5429696b4e02faf36e4d246640dea3f6084d0329c2089241021223017c2b,detected_or_manifest,0,272,244,271,17c306ef4b50aaee178d1204ecfeee54e71ebc3eb8e9ab6102518fd377cd1315,False,False
Oh fuxking 天婦羅尬哩涼,ROUND_2,5,55,5,快速 Recovery,Oh fuxking 天婦羅尬哩涼/ROUND_2/24_快速_Recovery/55.webp,30bf5429696b4e02faf36e4d246640dea3f6084d0329c2089241021223017c2b,detected_or_manifest,244,272,255,271,21331413dc25ec3016f03f0f54f155a4974539985c741d6f9c1ab2072b04029c,False,False
Oh fuxking 天婦羅尬哩涼,ROUND_2,5,56,6,玩家恢復正常操作,Oh fuxking 天婦羅尬哩涼/ROUND_2/25_玩家恢復正常操作/56.webp,30bf5429696b4e02faf36e4d246640dea3f6084d0329c2089241021223017c2b,detected_or_manifest,499,272,225,271,881eee7500412948d0c0d41a824cd4833f58d700253248e1f20369412d20e1c3,False,False
Oh fuxking 天婦羅尬哩涼,ROUND_2,6,66,6,Minion 2,Oh fuxking 天婦羅尬哩涼/ROUND_2/31_Minion_2/66.webp,e5ce70e78f4c5037c8a163f8e1070bd3ece378c7337811a8a0a9ef53c7038cc9,detected_or_manifest,488,202,222,155,e0f412f1889ce82673472493b09510798f017c59e7eafe0d65e887bacbcf4b7a,False,False
Oh fuxking 天婦羅尬哩涼,ROUND_2,6,69,9,Minion 3,Oh fuxking 天婦羅尬哩涼/ROUND_2/34_Minion_3/69.webp,e5ce70e78f4c5037c8a163f8e1070bd3ece378c7337811a8a0a9ef53c7038cc9,detected_or_manifest,488,375,222,151,6074d8331c4de161ab8a10b1268a464d008aa811bdefbf6b1450fd586fe48fa1,False,False
Oh fuxking 天婦羅尬哩涼,ROUND_2,7,73,3,Hit／Defeat,Oh fuxking 天婦羅尬哩涼/ROUND_2/37_Hit_Defeat/73.webp,0a2e1c25515bc69ac6c3fb99bb9536c46ba45d31cefa42bfb5932e24e8d461c7,manual,485,17,239,192,92d5c78541f6ea6ffb4dd52adb943dd8bbbfbb233de60251fd82bd3c80d6c7b5,False,True
Oh fuxking 天婦羅尬哩涼,ROUND_2,7,75,5,Body Check,Oh fuxking 天婦羅尬哩涼/ROUND_2/39_Body_Check/75.webp,0a2e1c25515bc69ac6c3fb99bb9536c46ba45d31cefa42bfb5932e24e8d461c7,manual,279,196,196,168,7f46a968549ad0a40428d0bb243b86710650fdc30b9f44ebfad3d3a201217b11,False,True
Oh fuxking 天婦羅尬哩涼,ROUND_2,7,78,8,Body Check,Oh fuxking 天婦羅尬哩涼/ROUND_2/42_Body_Check/78.webp,0a2e1c25515bc69ac6c3fb99bb9536c46ba45d31cefa42bfb5932e24e8d461c7,manual,268,364,200,172,c26dce0500814d3f8a9537546c124d8459cfa05fa3726314f4042f69aeab2ef6,False,True
Oh fuxking 天婦羅尬哩涼,ROUND_2,7,79,9,Hit／Defeat,Oh fuxking 天婦羅尬哩涼/ROUND_2/43_Hit_Defeat/79.webp,0a2e1c25515bc69ac6c3fb99bb9536c46ba45d31cefa42bfb5932e24e8d461c7,manual,490,381,227,153,a0b79d0fdd5f0f25ed51cfefac2d89de6c5c645aa26899b25a24df0aef1e59a4,False,True
Oh fuxking 天婦羅尬哩涼,ROUND_2,8,82,2,Body Check,Oh fuxking 天婦羅尬哩涼/ROUND_2/45_Body_Check/82.webp,9d7c632c25ca672e45ab864a3595126b733106c4eca716faa331f898f714405e,manual,252,8,225,170,769276f03b540996279931209cb32834288c94f453bce331064960f53f9a10d2,False,True
Oh fuxking 天婦羅尬哩涼,ROUND_2,8,83,3,Hit／Defeat,Oh fuxking 天婦羅尬哩涼/ROUND_2/46_Hit_Defeat/83.webp,9d7c632c25ca672e45ab864a3595126b733106c4eca716faa331f898f714405e,manual,484,52,238,141,e66ddfa1750601676022393c808a6277fad06d747b2c6be633ff34cadc90d984,False,True
Oh fuxking 天婦羅尬哩涼,ROUND_2,8,86,6,Hit／Defeat,Oh fuxking 天婦羅尬哩涼/ROUND_2/49_Hit_Defeat/86.webp,9d7c632c25ca672e45ab864a3595126b733106c4eca716faa331f898f714405e,manual,492,188,214,175,186314b047056602cff0ec92ab8b9304dfc4ebe8561fea06a054521cf9753af6,False,True
Oh fuxking 天婦羅尬哩涼,ROUND_2,8,89,9,Hit／Defeat,Oh fuxking 天婦羅尬哩涼/ROUND_2/52_Hit_Defeat/89.webp,9d7c632c25ca672e45ab864a3595126b733106c4eca716faa331f898f714405e,manual,490,381,227,147,b153636b1d5f4ea0ae7ccc99015c0fed3a804ca14b043222a21e2c15558ad561,False,True
哥布林也想談戀愛,ROUND_1,1,12,2,待機／害羞／緊張準備,哥布林也想談戀愛/ROUND_1/01_待機_害羞_緊張準備/12.webp,7d5ec5e418338db41332eeb688409de96ba3acd4628b1d92adecfcb04fce3dec,detected_or_manifest,280,12,231,246,6bba314bbd4cecaaf41afe7b26b6d3d1e0676eb589c7b42a71aca78f942d177d,False,False
哥布林也想談戀愛,ROUND_1,1,14,4,前走,哥布林也想談戀愛/ROUND_1/02_前走/14.webp,7d5ec5e418338db41332eeb688409de96ba3acd4628b1d92adecfcb04fce3dec,detected_or_manifest,0,271,246,226,0d61412221dc071409a810fc308f9d10bd73a6d30cd23cd19a633e2a377febf2,False,False
哥布林也想談戀愛,ROUND_1,1,15,5,前走,哥布林也想談戀愛/ROUND_1/02_前走/15.webp,7d5ec5e418338db41332eeb688409de96ba3acd4628b1d92adecfcb04fce3dec,detected_or_manifest,284,266,227,240,7d3a5f4d45b7d21222959dfdfee86e1d492ac1c9dd966d0b88c7dab095650a02,False,False
哥布林也想談戀愛,ROUND_1,1,18,8,後走,哥布林也想談戀愛/ROUND_1/03_後走/18.webp,7d5ec5e418338db41332eeb688409de96ba3acd4628b1d92adecfcb04fce3dec,detected_or_manifest,275,511,223,247,fb33f3f0d806ef0a6b2a0f0bfaa6c241ebc8337611d2eb3adb91d18a272620fc,False,False
哥布林也想談戀愛,ROUND_1,1,19,9,後走,哥布林也想談戀愛/ROUND_1/03_後走/19.webp,7d5ec5e418338db41332eeb688409de96ba3acd4628b1d92adecfcb04fce3dec,detected_or_manifest,516,516,243,252,e7dbe1155d70c20fc1f521dc8538a377e20e2df50605f2413da968003a23048e,False,False
哥布林也想談戀愛,ROUND_1,2,21,1,蹲下,哥布林也想談戀愛/ROUND_1/04_蹲下/21.webp,2f7e3c13e35534b42f8514c35e531e1e77306f36d67b704e08f1287db5e53e7c,detected_or_manifest,57,20,195,233,9b2f8923841b1befb4caef82f9a50196a50683473ba2ccd47dd0a155b1a3c7ed,False,False
哥布林也想談戀愛,ROUND_1,2,22,2,跳躍,哥布林也想談戀愛/ROUND_1/05_跳躍/22.webp,2f7e3c13e35534b42f8514c35e531e1e77306f36d67b704e08f1287db5e53e7c,detected_or_manifest,314,45,194,206,1394e5cca9237fd85167ead3a5640d1da881968e446ee96392628340718e4342,False,False
哥布林也想談戀愛,ROUND_1,2,23,3,跳躍,哥布林也想談戀愛/ROUND_1/05_跳躍/23.webp,2f7e3c13e35534b42f8514c35e531e1e77306f36d67b704e08f1287db5e53e7c,detected_or_manifest,526,17,226,235,40eae202710427e31d0dfcfd916ec59dc6133e5109653fcda43e12858be915aa,False,False
哥布林也想談戀愛,ROUND_1,2,25,5,前衝,哥布林也想談戀愛/ROUND_1/07_前衝/25.webp,2f7e3c13e35534b42f8514c35e531e1e77306f36d67b704e08f1287db5e53e7c,detected_or_manifest,255,259,254,249,7bd66bf8c527c52d74aba30b74ba7ffc3a31d7f339497ac6978965f493348163,False,False
哥布林也想談戀愛,ROUND_1,2,26,6,前衝,哥布林也想談戀愛/ROUND_1/07_前衝/26.webp,2f7e3c13e35534b42f8514c35e531e1e77306f36d67b704e08f1287db5e53e7c,detected_or_manifest,526,256,235,257,045f07c79940f3f32074210690ea8c1fad03813f5ed1fbb6516937fd878a0ff0,False,False
哥布林也想談戀愛,ROUND_1,2,28,8,後撤,哥布林也想談戀愛/ROUND_1/08_後撤/28.webp,2f7e3c13e35534b42f8514c35e531e1e77306f36d67b704e08f1287db5e53e7c,detected_or_manifest,262,512,237,256,a2ed0318b025f77cc63d498b694f00cefc87b60cb3aadf2ba4f3b01f61b349d8,False,False
哥布林也想談戀愛,ROUND_1,2,29,9,後撤,哥布林也想談戀愛/ROUND_1/08_後撤/29.webp,2f7e3c13e35534b42f8514c35e531e1e77306f36d67b704e08f1287db5e53e7c,detected_or_manifest,512,529,234,216,04df0ab475058413463e4eb48db587a82edc7254c5f3eebbaa4c6b99dc8d62a6,False,False
哥布林也想談戀愛,ROUND_1,4,41,1,輕攻「那個…妳好」,哥布林也想談戀愛/ROUND_1/18_輕攻「那個...妳好」/41.webp,194621c0f375abdbff806d3470523ce43c71ea7f0b8a539219ef3d988a272173,detected_or_manifest,0,15,221,233,b34cf6da5886a157fa06c42a20082a4e91ea0094373f3109d23f3e9969dd82dc,False,False
哥布林也想談戀愛,ROUND_1,4,42,2,輕攻「那個…妳好」,哥布林也想談戀愛/ROUND_1/18_輕攻「那個...妳好」/42.webp,194621c0f375abdbff806d3470523ce43c71ea7f0b8a539219ef3d988a272173,detected_or_manifest,298,24,186,233,310dc4e2f7432409adae5498ed17bf5f29b48f88a11cd5a3a5fe8a0caca6d052,False,False
哥布林也想談戀愛,ROUND_1,4,43,3,輕攻「那個…妳好」,哥布林也想談戀愛/ROUND_1/18_輕攻「那個...妳好」/43.webp,194621c0f375abdbff806d3470523ce43c71ea7f0b8a539219ef3d988a272173,detected_or_manifest,544,25,195,224,02aa16969e86dc2ac52375c9b6016faa4f8dd5799f9724bd23436bf3bd0b1014,False,False
哥布林也想談戀愛,ROUND_1,4,44,4,輕攻「那個…妳好」,哥布林也想談戀愛/ROUND_1/18_輕攻「那個...妳好」/44.webp,194621c0f375abdbff806d3470523ce43c71ea7f0b8a539219ef3d988a272173,detected_or_manifest,32,271,210,223,c940f8a62ebac221f552cd23d708c59e33c1ec07d42ac7912d67f0d0f63a3fbd,False,False
哥布林也想談戀愛,ROUND_1,4,45,5,輕攻「那個…妳好」,哥布林也想談戀愛/ROUND_1/18_輕攻「那個...妳好」/45.webp,194621c0f375abdbff806d3470523ce43c71ea7f0b8a539219ef3d988a272173,detected_or_manifest,255,267,209,227,4b8242aa29c929135741b39956c7ff8805438a3f5a372bfe33c763f81a2636b9,False,False
哥布林也想談戀愛,ROUND_1,4,46,6,輕攻「那個…妳好」,哥布林也想談戀愛/ROUND_1/18_輕攻「那個...妳好」/46.webp,194621c0f375abdbff806d3470523ce43c71ea7f0b8a539219ef3d988a272173,detected_or_manifest,516,261,204,233,edb397146a258071bb442397c8de48b773c4e523e7b44dffee1f79193e789430,False,False
哥布林也想談戀愛,ROUND_1,5,51,1,重攻「戀愛頭槌」,哥布林也想談戀愛/ROUND_1/19_重攻「戀愛頭槌」/51.webp,8f8ba4963a7527b082d91c421001a55e61bb0bcd099e04393ae5f305f249ba33,detected_or_manifest,0,0,281,256,ae87a02e96e977c9dba3c722af5bc1f7cdd1055638a332376c32a0e0d6ce4990,False,False
哥布林也想談戀愛,ROUND_1,5,52,2,重攻「戀愛頭槌」,哥布林也想談戀愛/ROUND_1/19_重攻「戀愛頭槌」/52.webp,8f8ba4963a7527b082d91c421001a55e61bb0bcd099e04393ae5f305f249ba33,detected_or_manifest,281,0,253,256,bb204ab1b022c0601dc8271f59949997d1e8747440d88667f0bbdb0f5a462ac1,False,False
哥布林也想談戀愛,ROUND_1,5,53,3,重攻「戀愛頭槌」,哥布林也想談戀愛/ROUND_1/19_重攻「戀愛頭槌」/53.webp,8f8ba4963a7527b082d91c421001a55e61bb0bcd099e04393ae5f305f249ba33,detected_or_manifest,534,0,234,256,8bbed31c4ee4492da99f7cf97f3a9c8e60b9232038f402a5f8ccb2cae72d7967,False,False
哥布林也想談戀愛,ROUND_1,5,54,4,重攻「戀愛頭槌」,哥布林也想談戀愛/ROUND_1/19_重攻「戀愛頭槌」/54.webp,8f8ba4963a7527b082d91c421001a55e61bb0bcd099e04393ae5f305f249ba33,detected_or_manifest,0,256,281,256,f5f4d64834606e8e490c9e41be31bfab612ae79fc75b741d554ba10f3bd04fc2,False,False
哥布林也想談戀愛,ROUND_1,5,55,5,重攻「戀愛頭槌」,哥布林也想談戀愛/ROUND_1/19_重攻「戀愛頭槌」/55.webp,8f8ba4963a7527b082d91c421001a55e61bb0bcd099e04393ae5f305f249ba33,detected_or_manifest,281,256,253,256,dcd13788cc5af0fbacfc1bebf440893ffea669d491e365f4de4f35a6b5ab0d04,False,False
哥布林也想談戀愛,ROUND_1,5,56,6,重攻「戀愛頭槌」,哥布林也想談戀愛/ROUND_1/19_重攻「戀愛頭槌」/56.webp,8f8ba4963a7527b082d91c421001a55e61bb0bcd099e04393ae5f305f249ba33,detected_or_manifest,534,256,234,256,eec246ed4ac5f24f58ca35dc0bda96e5baa7b48fa8d48b8d30ed59123e30babf,False,False
哥布林也想談戀愛,ROUND_1,6,61,1,下段「卑微求愛掃腿」,哥布林也想談戀愛/ROUND_1/20_下段「卑微求愛掃腿」/61.webp,eecaa8b2acc1c315d2ba6c69c644e37f25ab81f2a4ccdcce412f389489e96bcc,detected_or_manifest,0,0,264,255,4665e00a55142d978e39bae5512813775c7cd47873a140fd8f76a05a7c04dfca,False,False
哥布林也想談戀愛,ROUND_1,6,62,2,下段「卑微求愛掃腿」,哥布林也想談戀愛/ROUND_1/20_下段「卑微求愛掃腿」/62.webp,eecaa8b2acc1c315d2ba6c69c644e37f25ab81f2a4ccdcce412f389489e96bcc,detected_or_manifest,264,0,247,255,722dad0651b5d125cb08abd73026f0406dab1a8dabf592b8909cf9416a4d88e5,False,False
哥布林也想談戀愛,ROUND_1,6,63,3,下段「卑微求愛掃腿」,哥布林也想談戀愛/ROUND_1/20_下段「卑微求愛掃腿」/63.webp,eecaa8b2acc1c315d2ba6c69c644e37f25ab81f2a4ccdcce412f389489e96bcc,detected_or_manifest,511,0,257,255,ff6de1d06102d8c43b1aa0c2ccdc7819c364a34cb3e9e276d6b221328c0a75d1,False,False
哥布林也想談戀愛,ROUND_1,6,64,4,下段「卑微求愛掃腿」,哥布林也想談戀愛/ROUND_1/20_下段「卑微求愛掃腿」/64.webp,eecaa8b2acc1c315d2ba6c69c644e37f25ab81f2a4ccdcce412f389489e96bcc,detected_or_manifest,0,255,264,257,46c2373d6f804571f7068c3ad264eec8c44aabf2febffece666c75989c6af106,False,False
哥布林也想談戀愛,ROUND_1,6,65,5,下段「卑微求愛掃腿」,哥布林也想談戀愛/ROUND_1/20_下段「卑微求愛掃腿」/65.webp,eecaa8b2acc1c315d2ba6c69c644e37f25ab81f2a4ccdcce412f389489e96bcc,detected_or_manifest,264,255,247,257,3239ecea665db32f59389a96755ed424fccd9073c69474983a4f51c780117098,False,False
哥布林也想談戀愛,ROUND_1,6,66,6,下段「卑微求愛掃腿」,哥布林也想談戀愛/ROUND_1/20_下段「卑微求愛掃腿」/66.webp,eecaa8b2acc1c315d2ba6c69c644e37f25ab81f2a4ccdcce412f389489e96bcc,detected_or_manifest,511,255,257,257,7b644e70a4d77606d651f97a7f163bf65812b0decfae286c77d285c74ed68d46,False,False
哥布林也想談戀愛,ROUND_1,8,83,3,普通投技「不要走！」,哥布林也想談戀愛/ROUND_1/22_普通投技「不要走！」/83.webp,904edfffdf06c0006222102b9e08f16690a54008e73771c0f9b28eb5d63cd6af,detected_or_manifest,526,35,206,217,1ee9c16fa9a6a5cf143ed8dbf6f29f34c7adeef708cb43de9da29d6a0833382a,False,False
哥布林也想談戀愛,ROUND_1,8,84,4,普通投技「不要走！」,哥布林也想談戀愛/ROUND_1/22_普通投技「不要走！」/84.webp,904edfffdf06c0006222102b9e08f16690a54008e73771c0f9b28eb5d63cd6af,detected_or_manifest,0,275,253,205,4a27ca0e9b2db24a5970414584a545d9e51f7b89b1b9ba88e2aacb2de2cd9100,False,False
哥布林也想談戀愛,ROUND_1,8,85,5,普通投技「不要走！」,哥布林也想談戀愛/ROUND_1/22_普通投技「不要走！」/85.webp,904edfffdf06c0006222102b9e08f16690a54008e73771c0f9b28eb5d63cd6af,detected_or_manifest,259,273,232,213,af04eb479edb670994546de610555d53efab736c9e5002f0766d8222e7bc7a74,False,False
哥布林也想談戀愛,ROUND_1,8,86,6,普通投技「不要走！」,哥布林也想談戀愛/ROUND_1/22_普通投技「不要走！」/86.webp,904edfffdf06c0006222102b9e08f16690a54008e73771c0f9b28eb5d63cd6af,detected_or_manifest,512,261,244,233,dfad90ade0dc1de270ca0b48d0d003c9adb876524c1a74c096e2ad1514cbae4a,False,False
哥布林也想談戀愛,ROUND_1,9,97,7,Lv1 Whiff Recovery,哥布林也想談戀愛/ROUND_1/29_Lv1_Whiff_Recovery/97.webp,2ccb4dd6bc0d68fd61b66bd56e5efcfe45ae5bf00ca90a7cbec764d20cd5aedd,detected_or_manifest,10,512,235,246,789b76264d65d1231399bc4a8f1662086e77ed7d01a2e334e7227ef37d8e0a9e,False,False
哥布林也想談戀愛,ROUND_2,1,11,1,Ultimate 決意,哥布林也想談戀愛/ROUND_2/01_Ultimate_決意/11.webp,92e4322288ac78ebf76576e3ab03ef6a5f1bbf6bf8d7652f3c2115cbc8ef2f92,detected_or_manifest,32,12,170,225,b5a50561b836edbd86f10ca1b90a314e59e5e1c990c710fc7edc8cf42d725cdf,False,False
哥布林也想談戀愛,ROUND_2,1,12,2,「長老您保重」自我生命犧牲,哥布林也想談戀愛/ROUND_2/02_「長老您保重」自我生命犧牲/12.webp,92e4322288ac78ebf76576e3ab03ef6a5f1bbf6bf8d7652f3c2115cbc8ef2f92,detected_or_manifest,311,7,173,231,44fd80571d0b688feeaf37c0ec0f440ba928c404d001dcbee9f49b545b0282c5,False,False
哥布林也想談戀愛,ROUND_2,1,13,3,變身臨界,哥布林也想談戀愛/ROUND_2/03_變身臨界/13.webp,92e4322288ac78ebf76576e3ab03ef6a5f1bbf6bf8d7652f3c2115cbc8ef2f92,detected_or_manifest,532,7,160,234,9ab8f51349891a57f2086166eb21418aa38fcbc7039d6efec60d989058200613,False,False
哥布林也想談戀愛,ROUND_2,1,16,6,Mode Handoff,哥布林也想談戀愛/ROUND_2/06_Mode_Handoff/16.webp,92e4322288ac78ebf76576e3ab03ef6a5f1bbf6bf8d7652f3c2115cbc8ef2f92,detected_or_manifest,516,260,210,232,2e129852d19c86c36ac3b0c34da578b623a9deba28fa0eaf2178bb308f0f4c0e,False,False
哥布林也想談戀愛,ROUND_2,2,29,9,後走,哥布林也想談戀愛/ROUND_2/09_後走/29.webp,a2b5b87bf3a3772ce314adb64e4ad9a6df8913bf1665b6cf57064a693748b849,detected_or_manifest,510,510,202,248,e32f3e37e10885ab0aac847c27a14ece1bc530a9ee201f72770798fe5004cb3b,False,False
哥布林也想談戀愛,ROUND_2,4,49,9,Heavy Stagger,哥布林也想談戀愛/ROUND_2/23_Heavy_Stagger/49.webp,216c1d5549cb47d007c30adab41760b52017a3a70656c723a298cd2cdb0cb99c,detected_or_manifest,520,521,240,229,91e262dee9fd3dbc1fee99c7b31117552f5e6b94139f7189e100d47c20c99cb4,False,False
哥布林也想談戀愛,ROUND_2,5,54,4,Low「卑微求愛掃腿」,哥布林也想談戀愛/ROUND_2/25_Low「卑微求愛掃腿」/54.webp,ff11c4baee34db1736f0a92288edcdfe720bd1534d71539aceb50f4df137ff76,detected_or_manifest,0,275,253,229,30d14d9988aa3c62557041574fe50c34023f0f8eec7163f83025fdd46e437852,False,False
哥布林也想談戀愛,ROUND_2,5,55,5,Low「卑微求愛掃腿」,哥布林也想談戀愛/ROUND_2/25_Low「卑微求愛掃腿」/55.webp,ff11c4baee34db1736f0a92288edcdfe720bd1534d71539aceb50f4df137ff76,detected_or_manifest,303,274,210,238,61fd453eccb6991e5cef46d26a5f88006e672f756efc149ae7ec9724f3c51e86,False,False
哥布林也想談戀愛,ROUND_2,5,58,8,Low「卑微求愛掃腿」,哥布林也想談戀愛/ROUND_2/25_Low「卑微求愛掃腿」/58.webp,ff11c4baee34db1736f0a92288edcdfe720bd1534d71539aceb50f4df137ff76,detected_or_manifest,285,514,224,254,a5d1d1ee1ee128d3057381c9968bbbb4ad3c757165e1fad1a69eea4f217d0fea,False,False
哥布林也想談戀愛,ROUND_2,6,61,1,覺醒 Heavy「戀愛頭槌」,哥布林也想談戀愛/ROUND_2/26_覺醒_Heavy「戀愛頭槌」/61.webp,4eb3f3375094f5e0b88e7747f410244b4e5d9a4ff84c9b0d7b04df37cd5b8dd7,detected_or_manifest,19,31,207,201,9db0fc486df8576bf8e1bf35698d48d954a90b3c9e66b52ffeea44ee0469798a,False,False
哥布林也想談戀愛,ROUND_2,6,62,2,覺醒 Heavy「戀愛頭槌」,哥布林也想談戀愛/ROUND_2/26_覺醒_Heavy「戀愛頭槌」/62.webp,4eb3f3375094f5e0b88e7747f410244b4e5d9a4ff84c9b0d7b04df37cd5b8dd7,detected_or_manifest,277,34,204,211,2a1519ba1835f112172262379bfba299c8ecbf51912b249ed7abdd7f2c98c280,False,False
哥布林也想談戀愛,ROUND_2,6,64,4,覺醒 Heavy「戀愛頭槌」,哥布林也想談戀愛/ROUND_2/26_覺醒_Heavy「戀愛頭槌」/64.webp,4eb3f3375094f5e0b88e7747f410244b4e5d9a4ff84c9b0d7b04df37cd5b8dd7,detected_or_manifest,18,268,239,233,35459cb2e99b7440339999f1386eb927cd2ad0b8eb48139620f1bc0195649ed4,False,False
哥布林也想談戀愛,ROUND_2,6,65,5,覺醒 Heavy「戀愛頭槌」,哥布林也想談戀愛/ROUND_2/26_覺醒_Heavy「戀愛頭槌」/65.webp,4eb3f3375094f5e0b88e7747f410244b4e5d9a4ff84c9b0d7b04df37cd5b8dd7,detected_or_manifest,256,264,249,216,8b6ee7455a0aa0503ede06de4a4429ced302c47f266494ac7f8f8f1b4172222a,False,False
哥布林也想談戀愛,ROUND_2,6,66,6,覺醒 Heavy「戀愛頭槌」,哥布林也想談戀愛/ROUND_2/26_覺醒_Heavy「戀愛頭槌」/66.webp,4eb3f3375094f5e0b88e7747f410244b4e5d9a4ff84c9b0d7b04df37cd5b8dd7,detected_or_manifest,520,297,225,167,e81d32ff668d4eee2d2aa4fa38816f4f9d9ab38a3f0d0641c9a4397f52b2efc2,False,False
沙拉貓貓,ROUND_1,5,51,1,下段「菜梗掃地」,沙拉貓貓/ROUND_1/09_下段「菜梗掃地」/51.webp,b329973784f1c7cfe67a3ab6cdf7b0706ed0f75009e67ddca43e985fb8789ad2,replacement_grid,0,0,512,512,93d77c60bddb10a0320e8d80ad8c7755d617feafe8446fed6d07754b8ccca8e3,True,False
沙拉貓貓,ROUND_1,5,52,2,下段「菜梗掃地」,沙拉貓貓/ROUND_1/09_下段「菜梗掃地」/52.webp,b329973784f1c7cfe67a3ab6cdf7b0706ed0f75009e67ddca43e985fb8789ad2,replacement_grid,512,0,512,512,644ad80da59d0db16af80cfe76054f133ce91eca4a55d5b6e412caf8db1dcdde,True,False
沙拉貓貓,ROUND_1,5,53,3,下段「菜梗掃地」,沙拉貓貓/ROUND_1/09_下段「菜梗掃地」/53.webp,b329973784f1c7cfe67a3ab6cdf7b0706ed0f75009e67ddca43e985fb8789ad2,replacement_grid,1024,0,512,512,32e4eda445b76ccd313ccd154e859ed3b3fe26fe000c01ccc9043740bdc89124,True,False
沙拉貓貓,ROUND_1,6,61,1,空中攻擊「空投沙拉盆」,沙拉貓貓/ROUND_1/10_空中攻擊「空投沙拉盆」/61.webp,d20bfc7cdaa2510efec9c4476dba7dc77095150f5ab5ba7610d5380a73ae62a7,detected_or_manifest,18,13,231,231,f8988f0842c24abee37f0369ba612d654665f429e3a22d842cd8a13b9d283090,False,False
沙拉貓貓,ROUND_1,6,62,2,空中攻擊「空投沙拉盆」,沙拉貓貓/ROUND_1/10_空中攻擊「空投沙拉盆」/62.webp,d20bfc7cdaa2510efec9c4476dba7dc77095150f5ab5ba7610d5380a73ae62a7,detected_or_manifest,255,30,244,223,c9abfb7124644454d4c7b821da9711433cf3ced4a084bf62d48916a1551716a9,False,False
沙拉貓貓,ROUND_1,6,63,3,空中攻擊「空投沙拉盆」,沙拉貓貓/ROUND_1/10_空中攻擊「空投沙拉盆」/63.webp,d20bfc7cdaa2510efec9c4476dba7dc77095150f5ab5ba7610d5380a73ae62a7,detected_or_manifest,511,32,250,211,9374979461c7248b42b83c3e387b30985a751db11678dbdeb83946c6b571af02,False,False
沙拉貓貓,ROUND_1,9,91,1,普通空沙拉盆,沙拉貓貓/ROUND_1/23_普通空沙拉盆/91.webp,48a9a9403c4efbc530d10d84e3a1915a1bc941e108a2686e1d9084fe4362d854,detected_or_manifest,0,0,273,256,450ece44dd2f41670fba5fa1727b5a0b8d620298fad811b8826b61d3c5a12597,False,False
沙拉貓貓,ROUND_1,9,92,2,裝滿沙拉的標準沙拉盆,沙拉貓貓/ROUND_1/24_裝滿沙拉的標準沙拉盆/92.webp,48a9a9403c4efbc530d10d84e3a1915a1bc941e108a2686e1d9084fe4362d854,detected_or_manifest,273,0,242,256,e131686b2b7f6861dd72a8d3f39bf6756e246a25d50a0f2a7713e18a6fa3b250,False,False
沙拉貓貓,ROUND_1,9,93,3,「菜葉甩臉」菜葉,沙拉貓貓/ROUND_1/25_「菜葉甩臉」菜葉/93.webp,48a9a9403c4efbc530d10d84e3a1915a1bc941e108a2686e1d9084fe4362d854,detected_or_manifest,515,0,253,256,140fe238d21029feeff018fc7bf93ee3b89aae5f8432e7b0e44e295e2b97a763,False,False
沙拉貓貓,ROUND_1,9,94,4,「菜梗掃地」長菜梗,沙拉貓貓/ROUND_1/26_「菜梗掃地」長菜梗/94.webp,48a9a9403c4efbc530d10d84e3a1915a1bc941e108a2686e1d9084fe4362d854,detected_or_manifest,0,256,273,256,900e09189333e55961696f1e7e526005a567c667951c48822cd02ab2c89447dd,False,False
沙拉貓貓,ROUND_1,9,95,5,小型沙拉碎片,沙拉貓貓/ROUND_1/27_小型沙拉碎片/95.webp,48a9a9403c4efbc530d10d84e3a1915a1bc941e108a2686e1d9084fe4362d854,detected_or_manifest,273,256,242,256,4870413661f64801c9898c820bc4588c06d7889f775fa5549ee895b14ad892b2,False,False
沙拉貓貓,ROUND_1,9,96,6,沙拉盆震動／命中粒子,沙拉貓貓/ROUND_1/28_沙拉盆震動_命中粒子/96.webp,48a9a9403c4efbc530d10d84e3a1915a1bc941e108a2686e1d9084fe4362d854,detected_or_manifest,515,256,253,256,cbf80ced95a681d7a6539b46236edf9ef3bc22be85e2b2a41364766c5a58fddb,False,False
沙拉貓貓,ROUND_2,1,14,4,後撤,沙拉貓貓/ROUND_2/02_後撤/14.webp,ee812ef07743c59cfc77d0b0a059dd872dd7bc6a92622575c8718c933e2da66e,detected_or_manifest,0,256,256,256,2a8fb1f1afda48b8dfccc84dfd2a5e11a77595bceb85847baee7d07626044db3,False,False
沙拉貓貓,ROUND_2,1,15,5,後撤,沙拉貓貓/ROUND_2/02_後撤/15.webp,ee812ef07743c59cfc77d0b0a059dd872dd7bc6a92622575c8718c933e2da66e,detected_or_manifest,256,256,256,256,3ae7b5ea2489daf8d5bd0d1db160dfe28753ac60eca89f85bfaaef4173ce26ac,False,False
沙拉貓貓,ROUND_2,7,73,3,高速下降,沙拉貓貓/ROUND_2/34_高速下降/73.webp,f2a656a1384db02913137f5a60875cd04f3bd5475060cb7249fc8202a0d4ba99,detected_or_manifest,526,7,231,236,618c461f68df0a9973e018b4aaf1305ccda1bd54dbf5c6c6011436ae79319756,False,False
沙拉貓貓,ROUND_2,7,76,6,沙拉盆留在地面／銜接第二段,沙拉貓貓/ROUND_2/37_沙拉盆留在地面_銜接第二段/76.webp,f2a656a1384db02913137f5a60875cd04f3bd5475060cb7249fc8202a0d4ba99,detected_or_manifest,515,256,240,247,ed4c0915020d05599ffa2196d9c669cbeea5c0a4baabb7d74cf5f1bff8cd6285,False,False
魔法胖橘貓,ROUND_1,1,12,2,待機,魔法胖橘貓/ROUND_1/01_待機/12.webp,ce916d5bbdc659449dacbe5dd4e379c66c1e70587555c583c71f8f8fe825c5fc,detected_or_manifest,256,0,256,256,69712ae76109452842892a2ed62789aa7da90a9108b709691adea4008eb51400,False,False
魔法胖橘貓,ROUND_1,2,23,3,跳躍,魔法胖橘貓/ROUND_1/05_跳躍/23.webp,737640fe796232f3795e4840a11598cbd31630f6371d1da72bcc2ef2bcca9fbd,detected_or_manifest,528,3,240,255,af29c5fa89fd00b5247f3fd2d5c9a92d637180890de98b08504d2d8c6f405946,False,False
魔法胖橘貓,ROUND_1,2,24,4,跳躍,魔法胖橘貓/ROUND_1/05_跳躍/24.webp,737640fe796232f3795e4840a11598cbd31630f6371d1da72bcc2ef2bcca9fbd,detected_or_manifest,16,255,234,239,b2803bc503186a8dd5223f3abecbd812bd09a0883911358368a07ddc6a5b4d00,False,False
魔法胖橘貓,ROUND_1,3,31,1,前衝,魔法胖橘貓/ROUND_1/07_前衝/31.webp,ae75d7752ac9f52fc67377d32c6af918e5d949c207e45ad146ad1d103d1a3cfd,detected_or_manifest,0,6,253,227,e3126f2c49890905d54a921743fb89678a5fcbca6a28169e625374490a9cbf53,False,False
魔法胖橘貓,ROUND_1,4,41,1,輕攻「見習杖戳」,魔法胖橘貓/ROUND_1/09_輕攻「見習杖戳」/41.webp,51ec6301b415dfac499cd335176f0a45c4dd44ed37e43e8ffa4c806a028f57b2,detected_or_manifest,9,14,242,239,622df859a2693542e7386b3950785f68c66f108b7d5cc313a21097c6db71fdc2,False,False
魔法胖橘貓,ROUND_1,5,51,1,重攻「大法師橫掃」,魔法胖橘貓/ROUND_1/10_重攻「大法師橫掃」/51.webp,8e8644f10c222a44a5e35ea6c9b15831bf34358936fd211fe3e55449f41496e2,detected_or_manifest,14,4,237,249,70803052d7b9e5585134706dbcd6b8b4f8fb796b2566777e312d0fef4734640d,False,False
魔法胖橘貓,ROUND_1,5,52,2,重攻「大法師橫掃」,魔法胖橘貓/ROUND_1/10_重攻「大法師橫掃」/52.webp,8e8644f10c222a44a5e35ea6c9b15831bf34358936fd211fe3e55449f41496e2,manual,259,19,255,237,9e5fcb35487e2726343a5e8013c73d9badf6d9b5e1c659eb99159377323ae949,False,True
魔法胖橘貓,ROUND_1,5,53,3,重攻「大法師橫掃」,魔法胖橘貓/ROUND_1/10_重攻「大法師橫掃」/53.webp,8e8644f10c222a44a5e35ea6c9b15831bf34358936fd211fe3e55449f41496e2,detected_or_manifest,516,12,247,239,dc649c93a9361541682b861e875086da1775e923b182089fb99b718b88aa0d58,False,False
魔法胖橘貓,ROUND_1,7,73,3,空中攻擊「帽子掉了！」,魔法胖橘貓/ROUND_1/12_空中攻擊「帽子掉了！」/73.webp,617ab674f93815a3719193dc88071489b4020ee8654c36e13e4732737ce9dc7f,detected_or_manifest,541,7,222,240,691b7a44ec09dfa0cb3717cf1749ba9201b5fd1b11d7dd4408f26b273b3655d0,False,False
魔法胖橘貓,ROUND_2,1,12,2,投技「杖子勾腳」,魔法胖橘貓/ROUND_2/01_投技「杖子勾腳」/12.webp,4267784f46e95606a5469516032d923e855952c5d704634fc6851fa7c65e9f1b,detected_or_manifest,256,59,248,197,f9d69a4b5776930a85aff3f990b8fc3a21c8f47be08f2a8eaa792a6321262be1,False,False
魔法胖橘貓,ROUND_2,1,14,4,投技「杖子勾腳」,魔法胖橘貓/ROUND_2/01_投技「杖子勾腳」/14.webp,4267784f46e95606a5469516032d923e855952c5d704634fc6851fa7c65e9f1b,detected_or_manifest,11,264,238,216,43b478cc630358ec576708fb6b90bbad1d1300dcf1dbf1e9a25a4466a15e628a,False,False
魔法胖橘貓,ROUND_2,1,15,5,投技「杖子勾腳」,魔法胖橘貓/ROUND_2/01_投技「杖子勾腳」/15.webp,4267784f46e95606a5469516032d923e855952c5d704634fc6851fa7c65e9f1b,detected_or_manifest,267,268,238,207,d796db6b30ad356643ef326151362b1a943dd263485f76ae0b1b1f3de553cd7c,False,False
魔法胖橘貓,ROUND_2,1,16,6,投技「杖子勾腳」,魔法胖橘貓/ROUND_2/01_投技「杖子勾腳」/16.webp,4267784f46e95606a5469516032d923e855952c5d704634fc6851fa7c65e9f1b,detected_or_manifest,515,280,248,203,8a239bc0a2c172e6b3fbc5365ea029d8586fade5fb0f5fb5cf6209081e8a5ad0,False,False
魔法胖橘貓,ROUND_2,3,31,1,Cast Start,魔法胖橘貓/ROUND_2/11_Cast_Start/31.webp,a6b112a3b94a1b3daa77c1d29f6b2aeec2d94cd27214191e96e83d8043aded29,detected_or_manifest,21,55,205,188,579e82c1279f3c8c16972d767b9f46e00168e05ceb0b4bce4ec074b81f0c7d35,False,False
魔法胖橘貓,ROUND_2,3,32,2,Staff Lift,魔法胖橘貓/ROUND_2/12_Staff_Lift/32.webp,a6b112a3b94a1b3daa77c1d29f6b2aeec2d94cd27214191e96e83d8043aded29,detected_or_manifest,287,11,185,232,1e2ab15c8fa587f4076537e1c5325a9dd40f5d7876ccc0578405dbec9a6a2b05,False,False
魔法胖橘貓,ROUND_2,8,81,1,= 一整張獨立 16:9 CTHULHU PULSE VFX,魔法胖橘貓/ROUND_2/44_=_一整張獨立_16_9_CTHULHU_PULSE_VFX/81.webp,2ac8178e917f129287c4167e95518075fa37d11446986cbce780e0d2a7aed6d9,detected_or_manifest,0,0,1672,941,6849aa0dececf9414eda8f51a5830a30943fa0dac3f0bb62d754717ce1753e53,False,False
我的刀盾,ROUND_1,1,12,2,待機,我的刀盾/ROUND_1/01_待機/12.webp,f99b931297a3ea6055e6d75af5469aece5cae80af56492e002a444ac824c3402,manual,256,0,256,256,45e9590f2847ab7e09ecf88744d5bbe3a9a423945c23e809ce7f93eb1f12b0f7,False,True
我的刀盾,ROUND_1,1,13,3,前走,我的刀盾/ROUND_1/02_前走/13.webp,f99b931297a3ea6055e6d75af5469aece5cae80af56492e002a444ac824c3402,manual,525,20,243,226,04e884bf79d0d9064235e7f603d4641f8a5847cd0682c97a2dbbcc219797f24e,False,True
我的刀盾,ROUND_1,1,14,4,前走,我的刀盾/ROUND_1/02_前走/14.webp,f99b931297a3ea6055e6d75af5469aece5cae80af56492e002a444ac824c3402,manual,0,256,256,256,03d2f82a3aa802a02754afcfffbb3f1f74f124c3e8272c471c16bb43e40c6994,False,True
我的刀盾,ROUND_1,1,15,5,後走,我的刀盾/ROUND_1/03_後走/15.webp,f99b931297a3ea6055e6d75af5469aece5cae80af56492e002a444ac824c3402,manual,256,251,256,256,87af32c7ae1d9712ec66bac29233401bab08ff82073b1d98ee6ce706a8a0a35f,False,True
我的刀盾,ROUND_1,1,16,6,後走,我的刀盾/ROUND_1/03_後走/16.webp,f99b931297a3ea6055e6d75af5469aece5cae80af56492e002a444ac824c3402,manual,512,256,256,256,aaf0ebe4ba1f0887e5116236128de75d274e56a838afb5e6804932a53c6d98ae,False,True
我的刀盾,ROUND_1,2,21,1,前衝,我的刀盾/ROUND_1/07_前衝/21.webp,f8f300d326e6943e53e8533c63488f848d1835307903fdf2accbb0f0fb2850e7,detected_or_manifest,0,0,242,253,8c2806aca3764aac5ec8c4299f682ab2a0519884579560ca906fbab161d17cce,False,False
我的刀盾,ROUND_1,2,22,2,前衝,我的刀盾/ROUND_1/07_前衝/22.webp,f8f300d326e6943e53e8533c63488f848d1835307903fdf2accbb0f0fb2850e7,detected_or_manifest,242,0,285,253,4d72cb4568dc5df15110ec6954e80526af413a14372d23177759817450570458,False,False
我的刀盾,ROUND_1,2,23,3,前衝,我的刀盾/ROUND_1/07_前衝/23.webp,f8f300d326e6943e53e8533c63488f848d1835307903fdf2accbb0f0fb2850e7,detected_or_manifest,527,0,241,253,84212457a87ce566a3e7dd2e57c24f521caceb9593aff148c6da9aecc0e371fe,False,False
我的刀盾,ROUND_1,2,24,4,後撤,我的刀盾/ROUND_1/08_後撤/24.webp,f8f300d326e6943e53e8533c63488f848d1835307903fdf2accbb0f0fb2850e7,detected_or_manifest,0,253,242,259,ef3d0405c40f71690016eb44bc6a5bd0f16c2ef54ba25b7e198875904c927bb1,False,False
我的刀盾,ROUND_1,2,25,5,後撤,我的刀盾/ROUND_1/08_後撤/25.webp,f8f300d326e6943e53e8533c63488f848d1835307903fdf2accbb0f0fb2850e7,detected_or_manifest,242,253,285,259,79e2921d35c2b4d869e21ea71319f0020049598abbdaf2bbd31c3c25f3ec6b1f,False,False
我的刀盾,ROUND_1,2,26,6,後撤,我的刀盾/ROUND_1/08_後撤/26.webp,f8f300d326e6943e53e8533c63488f848d1835307903fdf2accbb0f0fb2850e7,detected_or_manifest,527,253,241,259,c1e28b10175068bc7487b3c81b63ae8983572766f4458ad7c642b4ad596cbabf,False,False
我的刀盾,ROUND_1,4,41,1,重攻「盾開路」＝盾擊→大鈍刀斬,我的刀盾/ROUND_1/10_重攻「盾開路」＝盾擊to大鈍刀斬/41.webp,f335bdc684aa649d3079991a36b1ef25461ecfff028a7edf901548229d59326b,detected_or_manifest,0,10,248,238,aef7d91599ab4091c6584827fe7b5f5fbf9fbb7aaa849561bf0be0d6ebff9037,False,False
我的刀盾,ROUND_2,3,32,2,Lv1～Lv3 鈍刀斬 VFX,我的刀盾/ROUND_2/06_Lv1～Lv3_鈍刀斬_VFX/32.webp,bd5fea8fc79cde33b38de44e21e64763d04906c1915682c2c34894f7196bc1a7,detected_or_manifest,256,0,256,256,95d25588a79141bc4a4d9bd7ddbf49c58a54e159bd1fcef5cd78e3ba4bfc97b4,False,False
我的刀盾,ROUND_2,5,56,6,雙刀後走,我的刀盾/ROUND_2/10_雙刀後走/56.webp,4416a05b14c45e28c0efe6d6fb57748785e27a63e3250a1059de683b54c53a1a,detected_or_manifest,530,255,230,246,1776245a7d44eaace4ed7ee17607b065ba1d7e9f02d670557599f4385e134ab9,False,False
我的刀盾,ROUND_2,5,59,9,雙刀落地,我的刀盾/ROUND_2/13_雙刀落地/59.webp,4416a05b14c45e28c0efe6d6fb57748785e27a63e3250a1059de683b54c53a1a,detected_or_manifest,526,516,235,238,aac4eae88bb30ce7c1c7936077786b91375b54a4b8fb2af876cf458a5b70278e,False,False
我的刀盾,ROUND_2,7,71,1,雙刀輕攻,我的刀盾/ROUND_2/16_雙刀輕攻/71.webp,ef9972865b5e682232658ecf4aa6e6645ca0f54e772e58a9bfc2ccacc8aff7a1,detected_or_manifest,11,1,209,240,b8ae7005f0f1bcc38a3d6b85cd621f085bd6697bf7618783d30a1250c78a0f72,False,False
我的刀盾,ROUND_2,7,72,2,雙刀輕攻,我的刀盾/ROUND_2/16_雙刀輕攻/72.webp,ef9972865b5e682232658ecf4aa6e6645ca0f54e772e58a9bfc2ccacc8aff7a1,detected_or_manifest,286,17,219,239,637d2ceaced7d5cccad7766c8fbcd0ec25047a5537cc61ef5fc5f7e694227358,False,False
我的刀盾,ROUND_2,8,81,1,雙刀重攻,我的刀盾/ROUND_2/17_雙刀重攻/81.webp,a585beb50ce995fdb604588f5b86364e87f055472311d3c075d8b3dec4324b5d,detected_or_manifest,0,0,246,227,323d99ea5a3af05fc0c9a75da2a6ba04a83ef46c0917b701023885ebaae4ff25,False,False
我的刀盾,ROUND_2,8,85,5,雙刀重攻,我的刀盾/ROUND_2/17_雙刀重攻/85.webp,a585beb50ce995fdb604588f5b86364e87f055472311d3c075d8b3dec4324b5d,detected_or_manifest,271,286,242,192,05893aedfb4a81988219209b9ada2e99d67ab38e2c0b5ca1bbf0d7eb71206298,False,False
我的刀盾,ROUND_2,8,86,6,雙刀重攻,我的刀盾/ROUND_2/17_雙刀重攻/86.webp,a585beb50ce995fdb604588f5b86364e87f055472311d3c075d8b3dec4324b5d,detected_or_manifest,540,259,222,226,4ba557224b97f97261209a18cd779dea0874a10ad3dd2552f83ce61bcc692540,False,False
粉藍星星,ROUND_1,1,14,4,前走,粉藍星星/ROUND_1/02_前走/14.webp,2ffba637305ae8e80b1ca0c62846204b69a8deca7d5ee39ba06e20c80b8e00b8,detected_or_manifest,0,256,256,256,c09d6ce7bbac4bf17cedb8699dce07c4ca86a1c0fb669542bb21c3ae039f2900,False,False
粉藍星星,ROUND_1,1,15,5,前走,粉藍星星/ROUND_1/02_前走/15.webp,2ffba637305ae8e80b1ca0c62846204b69a8deca7d5ee39ba06e20c80b8e00b8,detected_or_manifest,256,256,256,256,53b5021d286305ed1bfd9718d99b6128d0f81a0e567f98ed130619a734922b5d,False,False
粉藍星星,ROUND_1,1,17,7,後走,粉藍星星/ROUND_1/03_後走/17.webp,2ffba637305ae8e80b1ca0c62846204b69a8deca7d5ee39ba06e20c80b8e00b8,detected_or_manifest,13,519,237,239,1ebd9b7d912bde3a0b59021d696002809b3617227c772a1744e1bafe96a68c0a,False,False
粉藍星星,ROUND_1,2,21,1,蹲下,粉藍星星/ROUND_1/04_蹲下/21.webp,cdeb672b3d3a6208e4709fe3f6311569c8006766f61c0e36630f1c9fdc4909c6,detected_or_manifest,34,72,216,178,009e3b8907c3d984583f40d30537bb650b8c4b5c6967e902bb9f479d7506c358,False,False
粉藍星星,ROUND_1,2,22,2,跳躍,粉藍星星/ROUND_1/05_跳躍/22.webp,cdeb672b3d3a6208e4709fe3f6311569c8006766f61c0e36630f1c9fdc4909c6,detected_or_manifest,255,23,236,224,2c976aedc28b2d64022cc77a0af5d920522179d778dc4730b6bff48a974f13c7,False,False
粉藍星星,ROUND_1,2,23,3,跳躍,粉藍星星/ROUND_1/05_跳躍/23.webp,cdeb672b3d3a6208e4709fe3f6311569c8006766f61c0e36630f1c9fdc4909c6,detected_or_manifest,526,17,215,214,eac95c2b0914a8c1515a65d3a833128006f7ab48595553a3c5e6710ea4990dcd,False,False
粉藍星星,ROUND_1,2,25,5,落地,粉藍星星/ROUND_1/06_落地/25.webp,cdeb672b3d3a6208e4709fe3f6311569c8006766f61c0e36630f1c9fdc4909c6,detected_or_manifest,255,276,234,237,9ea4eef3d9493d8993829519f45374cd9741e07b1bac9d53c0aa03f4a04acd80,False,False
粉藍星星,ROUND_1,2,26,6,前衝,粉藍星星/ROUND_1/07_前衝/26.webp,cdeb672b3d3a6208e4709fe3f6311569c8006766f61c0e36630f1c9fdc4909c6,detected_or_manifest,510,260,238,233,d0aea3d782061f94e390836914ebea4101faef9753b5efe2f6f4ab0e54cbfaf3,False,False
粉藍星星,ROUND_1,2,28,8,後撤,粉藍星星/ROUND_1/08_後撤/28.webp,cdeb672b3d3a6208e4709fe3f6311569c8006766f61c0e36630f1c9fdc4909c6,detected_or_manifest,264,518,232,250,4cd00ceba4cdf64bda509130ba1c3e63fbee3eb453388785c52c6693a9b38d22,False,False
粉藍星星,ROUND_1,2,29,9,後撤,粉藍星星/ROUND_1/08_後撤/29.webp,cdeb672b3d3a6208e4709fe3f6311569c8006766f61c0e36630f1c9fdc4909c6,detected_or_manifest,535,545,213,204,1a8543dd724050de8c4f8bfc5cd42a190ae1262a94c1eb2e00477b31f6f0f0cb,False,False
粉藍星星,ROUND_1,3,31,1,站防,粉藍星星/ROUND_1/09_站防/31.webp,8c3be3759262c025aff8dbd86b9c48928ab10982d07852aacb1f036672fa9b7c,detected_or_manifest,60,29,190,221,801bfdf9c1f002a05eebe13abb6f5246707622eeba6294f654cdd65d58036a02,False,False
粉藍星星,ROUND_1,3,32,2,站防硬直,粉藍星星/ROUND_1/10_站防硬直/32.webp,8c3be3759262c025aff8dbd86b9c48928ab10982d07852aacb1f036672fa9b7c,detected_or_manifest,270,23,244,234,ec7997c44189ef25f15955723eba48fc6b978ee5a5200ed224e5d038338f3a42,False,False
粉藍星星,ROUND_1,3,33,3,站防硬直,粉藍星星/ROUND_1/10_站防硬直/33.webp,8c3be3759262c025aff8dbd86b9c48928ab10982d07852aacb1f036672fa9b7c,detected_or_manifest,521,29,218,223,9c779283e9f68849cc8b5859896f7b2f43e04d24cd0ee7dcf7d87632dc2f5c2c,False,False
粉藍星星,ROUND_1,5,51,1,重攻「星星頭槌」,粉藍星星/ROUND_1/15_重攻「星星頭槌」/51.webp,09f88fc807a4a460668796906e3f8f5e154b52ae07c88af2981c8978c061051c,detected_or_manifest,15,13,190,221,11d05cd12c46ff70b0d09eda3f07d9e59e31b85866b4d5e079714edd91973a59,False,False
粉藍星星,ROUND_1,5,53,3,重攻「星星頭槌」,粉藍星星/ROUND_1/15_重攻「星星頭槌」/53.webp,09f88fc807a4a460668796906e3f8f5e154b52ae07c88af2981c8978c061051c,detected_or_manifest,536,9,225,208,e8b1f67cb0917ba1c0ed76df68c58376ef47594f1b449a0f06ff6cee002aa871,False,False
粉藍星星,ROUND_1,6,61,1,下段「星角鏟地」,粉藍星星/ROUND_1/16_下段「星角鏟地」/61.webp,5e4cdd4882166f1b9cae313bf7da7e9a5f3485a943173ac8ab97e68c27d6656c,detected_or_manifest,18,94,204,156,167db61d385dd2f9901df34b820ad973d1e00a5e92d5fdeb8f2f243e19c597c5,False,False
粉藍星星,ROUND_1,6,66,6,下段「星角鏟地」,粉藍星星/ROUND_1/16_下段「星角鏟地」/66.webp,5e4cdd4882166f1b9cae313bf7da7e9a5f3485a943173ac8ab97e68c27d6656c,manual,531,323,228,174,75db50ac65e15d715283f5ebe3e9f544f29bebf963332a13e0676a3264a8fee5,False,True
粉藍星星,ROUND_1,7,71,1,空中攻擊「尖叫星落」,粉藍星星/ROUND_1/17_空中攻擊「尖叫星落」/71.webp,2138248d7045eec2e7ae4e36eb71cb750a211dfcb05acda467998dd7d2666012,detected_or_manifest,0,0,256,255,3146a0448357990d676466d23009a6f96ea4244e5c68a95f470863fcb8b5de85,False,False
粉藍星星,ROUND_1,7,72,2,空中攻擊「尖叫星落」,粉藍星星/ROUND_1/17_空中攻擊「尖叫星落」/72.webp,2138248d7045eec2e7ae4e36eb71cb750a211dfcb05acda467998dd7d2666012,detected_or_manifest,256,0,251,255,d6cb2203d4afd5fac1866576a920da51b49c7d64ab8e494d1db3126f0305d1dd,False,False
粉藍星星,ROUND_1,7,73,3,空中攻擊「尖叫星落」,粉藍星星/ROUND_1/17_空中攻擊「尖叫星落」/73.webp,2138248d7045eec2e7ae4e36eb71cb750a211dfcb05acda467998dd7d2666012,detected_or_manifest,507,0,261,255,f133ae468a9b559d502060b9a39e49165efab066cccb08b3bcfb08bfcfa86866,False,False
粉藍星星,ROUND_1,7,74,4,空中攻擊「尖叫星落」,粉藍星星/ROUND_1/17_空中攻擊「尖叫星落」/74.webp,2138248d7045eec2e7ae4e36eb71cb750a211dfcb05acda467998dd7d2666012,detected_or_manifest,0,255,256,257,b10ef020370314b21af34c2ce6fc6c447c631bf74a39fed8a64779d984663e05,False,False
粉藍星星,ROUND_1,7,75,5,空中攻擊「尖叫星落」,粉藍星星/ROUND_1/17_空中攻擊「尖叫星落」/75.webp,2138248d7045eec2e7ae4e36eb71cb750a211dfcb05acda467998dd7d2666012,detected_or_manifest,256,255,251,257,264496070d19d31d79abc8a7e658f2eb4c77195719d2766a505896b5d5685038,False,False
粉藍星星,ROUND_1,7,76,6,空中攻擊「尖叫星落」,粉藍星星/ROUND_1/17_空中攻擊「尖叫星落」/76.webp,2138248d7045eec2e7ae4e36eb71cb750a211dfcb05acda467998dd7d2666012,detected_or_manifest,507,255,261,257,bb8a10f6e52c7460e20528d0f121da91dcbc5c37bcbd53933d80dc383f73ee8c,False,False
粉藍星星,ROUND_1,8,81,1,投技「不要抱我！」,粉藍星星/ROUND_1/18_投技「不要抱我！」/81.webp,5d0456abd4f3f0fdc8a92ec276e77310ca958e7ba5fcedbd5a91efd60539c6e9,detected_or_manifest,0,0,284,247,22dd343a9a6bb0d58d0d4caa73189808233eff2f8e53b9fb139b82ba8200d67d,False,False
粉藍星星,ROUND_1,8,82,2,投技「不要抱我！」,粉藍星星/ROUND_1/18_投技「不要抱我！」/82.webp,5d0456abd4f3f0fdc8a92ec276e77310ca958e7ba5fcedbd5a91efd60539c6e9,detected_or_manifest,284,0,234,247,663f9e4076daa8dc59e3900b5450918d38e53c28b5d74a881d15887bdb14fc44,False,False
粉藍星星,ROUND_1,8,83,3,投技「不要抱我！」,粉藍星星/ROUND_1/18_投技「不要抱我！」/83.webp,5d0456abd4f3f0fdc8a92ec276e77310ca958e7ba5fcedbd5a91efd60539c6e9,detected_or_manifest,518,0,250,247,fb478b729ff0a98a407d79965b36baed5db991b6eb3b4cb860a361a0e53950b5,False,False
粉藍星星,ROUND_1,8,84,4,投技「不要抱我！」,粉藍星星/ROUND_1/18_投技「不要抱我！」/84.webp,5d0456abd4f3f0fdc8a92ec276e77310ca958e7ba5fcedbd5a91efd60539c6e9,detected_or_manifest,0,247,284,267,fce3433781265ac20101ae9242dc9e3d325df4523df88c71e59260c7dae3b920,False,False
粉藍星星,ROUND_1,8,85,5,投技「不要抱我！」,粉藍星星/ROUND_1/18_投技「不要抱我！」/85.webp,5d0456abd4f3f0fdc8a92ec276e77310ca958e7ba5fcedbd5a91efd60539c6e9,detected_or_manifest,284,247,234,267,d1a24bcb196f4edf7883519ce434241885c4b7ae8250b3be6ad43a2f35304ec3,False,False
粉藍星星,ROUND_1,8,86,6,被摔飛,粉藍星星/ROUND_1/19_被摔飛/86.webp,5d0456abd4f3f0fdc8a92ec276e77310ca958e7ba5fcedbd5a91efd60539c6e9,detected_or_manifest,518,247,250,267,b0776c062b4bf1883a829189fde212b55f1004834b2251f8b2d75f24999802e1,False,False
粉藍星星,ROUND_1,8,87,7,倒地,粉藍星星/ROUND_1/20_倒地/87.webp,5d0456abd4f3f0fdc8a92ec276e77310ca958e7ba5fcedbd5a91efd60539c6e9,detected_or_manifest,0,514,284,254,d2ff52b52ec21a141fe4a4670f22e187ba4aec46e45f9b1f18c132ac466e980e,False,False
粉藍星星,ROUND_1,8,88,8,起身,粉藍星星/ROUND_1/21_起身/88.webp,5d0456abd4f3f0fdc8a92ec276e77310ca958e7ba5fcedbd5a91efd60539c6e9,detected_or_manifest,284,514,234,254,4eb10a1abda14e1c7cd3a6a7a46424014ca18f1258c351e6893bbc015e190c9f,False,False
粉藍星星,ROUND_1,8,89,9,KO,粉藍星星/ROUND_1/22_KO/89.webp,5d0456abd4f3f0fdc8a92ec276e77310ca958e7ba5fcedbd5a91efd60539c6e9,detected_or_manifest,518,514,250,254,e15da85ccc1f8e71e567c618cc906d6ff61e4e5b9d0f9dc007553ee6dc716583,False,False
粉藍星星,ROUND_1,9,91,1,「尖叫爆震」蓄力,粉藍星星/ROUND_1/23_「尖叫爆震」蓄力/91.webp,f5eb656965a321922fb4866ea25e5a5a3b6df2edbbdc2bf1aeb303a68498424e,detected_or_manifest,26,15,210,219,424e6765865206f4cf982b7a6f4e12ebea2e580a4e48ce229fe883b547fb5b36,False,False
粉藍星星,ROUND_1,9,93,3,「尖叫爆震」蓄力,粉藍星星/ROUND_1/23_「尖叫爆震」蓄力/93.webp,f5eb656965a321922fb4866ea25e5a5a3b6df2edbbdc2bf1aeb303a68498424e,detected_or_manifest,516,13,221,233,82eaa91584f652e55fb264fa2d68c2774605c36f07285fc8f7f029c1382f9f1d,False,False
粉藍星星,ROUND_1,9,94,4,「尖叫爆震」釋放／後座／收招,粉藍星星/ROUND_1/24_「尖叫爆震」釋放_後座_收招/94.webp,f5eb656965a321922fb4866ea25e5a5a3b6df2edbbdc2bf1aeb303a68498424e,detected_or_manifest,30,262,212,231,66d9d237f9df0b4e01017c97d914bc72907e6de224478af163a739e22faf3653,False,False
粉藍星星,ROUND_1,9,96,6,「尖叫爆震」釋放／後座／收招,粉藍星星/ROUND_1/24_「尖叫爆震」釋放_後座_收招/96.webp,f5eb656965a321922fb4866ea25e5a5a3b6df2edbbdc2bf1aeb303a68498424e,detected_or_manifest,536,279,213,206,8e7afd3d0a3d3d5a7137c08d1a5a4113bd6a90c1dcaef22f380075cb89eee4cf,False,False
粉藍星星,ROUND_2,3,33,3,蹲防,粉藍星星/ROUND_2/11_蹲防/33.webp,09a4f65b7bbd504c90b75e5c1e802352e71b114704064a8a63f839347d01cc6d,manual,513,23,244,281,e52c4afe1948b036f7e703950ce4756926d966fc5d20ee5f04d09f0a967990b0,False,True
粉藍星星,ROUND_2,3,36,6,受擊／被摔／倒地／起身／KO,粉藍星星/ROUND_2/13_受擊_被摔_倒地_起身_KO/36.webp,09a4f65b7bbd504c90b75e5c1e802352e71b114704064a8a63f839347d01cc6d,manual,517,318,223,186,cda5ff516702a19fab8aea3d0d5837637b1330fdc0714ae7bb36870687023a01,False,True
粉藍星星,ROUND_2,3,37,7,受擊／被摔／倒地／起身／KO,粉藍星星/ROUND_2/13_受擊_被摔_倒地_起身_KO/37.webp,09a4f65b7bbd504c90b75e5c1e802352e71b114704064a8a63f839347d01cc6d,manual,0,560,268,208,aea6012168b48fa01e997eb7a72aaee04bcd8ef3e4dd28ada4c2c2494fa9783f,False,True
粉藍星星,ROUND_2,3,38,8,受擊／被摔／倒地／起身／KO,粉藍星星/ROUND_2/13_受擊_被摔_倒地_起身_KO/38.webp,09a4f65b7bbd504c90b75e5c1e802352e71b114704064a8a63f839347d01cc6d,detected_or_manifest,273,542,233,197,10ae3c6a4d93329ef5df01c5081d0e8f6a1d9bfeb4531361d4985d8f4cab5e47,False,False
粉藍星星,ROUND_2,3,39,9,受擊／被摔／倒地／起身／KO,粉藍星星/ROUND_2/13_受擊_被摔_倒地_起身_KO/39.webp,09a4f65b7bbd504c90b75e5c1e802352e71b114704064a8a63f839347d01cc6d,manual,513,541,255,227,17b40f2737ff929428d8e316ea21f45f38242b21aeeeb4bf324c5f75394657b8,False,True
蘸醬胡渣狗,ROUND_1,1,11,1,待機／看碗／聞飯,蘸醬胡渣狗/ROUND_1/01_待機_看碗_聞飯/11.webp,aaa91ac02976394added7d3c875c59f17d2ae6af834e62589fe6a2e33a2279d9,detected_or_manifest,62,10,164,246,18e12c79181a8c2082cdbc5949803d09b8638d0252bbeab5904ed416b75e6348,False,False
蘸醬胡渣狗,ROUND_1,1,12,2,待機／看碗／聞飯,蘸醬胡渣狗/ROUND_1/01_待機_看碗_聞飯/12.webp,aaa91ac02976394added7d3c875c59f17d2ae6af834e62589fe6a2e33a2279d9,detected_or_manifest,259,16,248,220,97d6bb44e90d95c5e9cc78ba6cd40631fdec97b9ec613cd9032453caadf13cce,False,False
蘸醬胡渣狗,ROUND_1,1,14,4,前走,蘸醬胡渣狗/ROUND_1/02_前走/14.webp,aaa91ac02976394added7d3c875c59f17d2ae6af834e62589fe6a2e33a2279d9,detected_or_manifest,0,256,256,256,19c0913f778286fce4d165e16f1d0b34f3f399b82ee1e9aaed27bdafe485529c,False,False
蘸醬胡渣狗,ROUND_1,1,15,5,前走,蘸醬胡渣狗/ROUND_1/02_前走/15.webp,aaa91ac02976394added7d3c875c59f17d2ae6af834e62589fe6a2e33a2279d9,detected_or_manifest,256,256,256,256,12ea7c4d74fe18d1c7d2b3c8d9d8677a2f9bc0cd7f5494d65244b1250e51f82f,False,False
蘸醬胡渣狗,ROUND_1,1,16,6,前走,蘸醬胡渣狗/ROUND_1/02_前走/16.webp,aaa91ac02976394added7d3c875c59f17d2ae6af834e62589fe6a2e33a2279d9,detected_or_manifest,512,268,218,216,77c654dfb3ff181d8c57392f640079cd2dc2c13f60e273636c9b3fb3eb54ca35,False,False
蘸醬胡渣狗,ROUND_1,2,21,1,後走,蘸醬胡渣狗/ROUND_1/03_後走/21.webp,8e119646254e98a361cf012e09ff072bf83d45b23d24bbcfc6adabc5c9668cc3,detected_or_manifest,36,14,215,243,64b71164e9afa52d47a4efd4cde867c00a71a7f3a5fe0a35f819354516d7273f,False,False
蘸醬胡渣狗,ROUND_1,2,22,2,後走,蘸醬胡渣狗/ROUND_1/03_後走/22.webp,8e119646254e98a361cf012e09ff072bf83d45b23d24bbcfc6adabc5c9668cc3,detected_or_manifest,256,0,236,246,3d8d57ef8581764733d120faf8d0e3c882a8796e0f3b3ff7f06e6e558521f4dd,False,False
蘸醬胡渣狗,ROUND_1,2,23,3,後走,蘸醬胡渣狗/ROUND_1/03_後走/23.webp,8e119646254e98a361cf012e09ff072bf83d45b23d24bbcfc6adabc5c9668cc3,detected_or_manifest,535,4,196,243,7d7ba30b30cf229123608aaf97a53045461c5fdb99435b470d2c8ec7a43939df,False,False
蘸醬胡渣狗,ROUND_1,2,24,4,蹲下,蘸醬胡渣狗/ROUND_1/04_蹲下/24.webp,8e119646254e98a361cf012e09ff072bf83d45b23d24bbcfc6adabc5c9668cc3,detected_or_manifest,44,288,213,209,6e408d2c9670d3bcc3a9b4dfc84b94a49922554b1292fbdfcd3a872f3e95e608,False,False
蘸醬胡渣狗,ROUND_1,2,26,6,跳躍,蘸醬胡渣狗/ROUND_1/05_跳躍/26.webp,8e119646254e98a361cf012e09ff072bf83d45b23d24bbcfc6adabc5c9668cc3,detected_or_manifest,512,255,222,237,1dc82153a12c4d4c56048f407be47f3fad81414feebc60ce7db883278071f013,False,False
蘸醬胡渣狗,ROUND_1,2,27,7,跳躍,蘸醬胡渣狗/ROUND_1/05_跳躍/27.webp,8e119646254e98a361cf012e09ff072bf83d45b23d24bbcfc6adabc5c9668cc3,detected_or_manifest,58,717,7,7,176faf64196de74e1aad0f5e479685b7fa5ceb08d3a3eac745bbcb2ef078bd68,False,False
蘸醬胡渣狗,ROUND_1,2,28,8,跳躍,蘸醬胡渣狗/ROUND_1/05_跳躍/28.webp,8e119646254e98a361cf012e09ff072bf83d45b23d24bbcfc6adabc5c9668cc3,detected_or_manifest,295,511,195,220,c0e2c4dadadd5674e2d36d8c89ce19a9093369b0a62fbfe895754c664506aadb,False,False
蘸醬胡渣狗,ROUND_1,2,29,9,落地,蘸醬胡渣狗/ROUND_1/06_落地/29.webp,8e119646254e98a361cf012e09ff072bf83d45b23d24bbcfc6adabc5c9668cc3,detected_or_manifest,524,532,234,218,6b6efe66e5bffa66569d48b7f497b6b96c8f160cdca13499d9d77fa5a2da9ed5,False,False
蘸醬胡渣狗,ROUND_1,3,31,1,輕攻「討飯小爪」,蘸醬胡渣狗/ROUND_1/07_輕攻「討飯小爪」/31.webp,6db1065f3be2b37b136eaf73585283176c256cbcbed8d268b4b4be50f828de86,detected_or_manifest,0,0,257,272,c8f889727ffb75ec95901535cfbcff9aaaae84ca2eb769506173d25536f69f1d,False,False
蘸醬胡渣狗,ROUND_1,3,32,2,輕攻「討飯小爪」,蘸醬胡渣狗/ROUND_1/07_輕攻「討飯小爪」/32.webp,6db1065f3be2b37b136eaf73585283176c256cbcbed8d268b4b4be50f828de86,detected_or_manifest,257,0,258,272,52277ae205ce9b7807ed907f346906c51ef65e7620050f7f1c603cdcd9b7fd03,False,False
蘸醬胡渣狗,ROUND_1,3,33,3,輕攻「討飯小爪」,蘸醬胡渣狗/ROUND_1/07_輕攻「討飯小爪」/33.webp,6db1065f3be2b37b136eaf73585283176c256cbcbed8d268b4b4be50f828de86,detected_or_manifest,515,0,253,272,ebf21e8e6ae7ace94c29f1f2a94d506b92b6e63fb60dc102aa2a88479d91886e,False,False
蘸醬胡渣狗,ROUND_1,3,34,4,輕攻「討飯小爪」,蘸醬胡渣狗/ROUND_1/07_輕攻「討飯小爪」/34.webp,6db1065f3be2b37b136eaf73585283176c256cbcbed8d268b4b4be50f828de86,detected_or_manifest,0,272,257,240,e1088546311ec484357450b6a74674abf3db616bcc7849aefa6f677a4f746480,False,False
蘸醬胡渣狗,ROUND_1,3,35,5,輕攻「討飯小爪」,蘸醬胡渣狗/ROUND_1/07_輕攻「討飯小爪」/35.webp,6db1065f3be2b37b136eaf73585283176c256cbcbed8d268b4b4be50f828de86,detected_or_manifest,257,272,258,240,67e656870a7d33e06a72c94d02bd394e66aa9c046dd9402e47dc8136075e07ec,False,False
蘸醬胡渣狗,ROUND_1,3,36,6,輕攻「討飯小爪」,蘸醬胡渣狗/ROUND_1/07_輕攻「討飯小爪」/36.webp,6db1065f3be2b37b136eaf73585283176c256cbcbed8d268b4b4be50f828de86,detected_or_manifest,515,272,253,240,a53bc8a9e3a93114f941c0e4c9ec81fc7cb003e4593f0262286f8e098438976a,False,False
蘸醬胡渣狗,ROUND_1,4,41,1,重攻「破碗敲頭」,蘸醬胡渣狗/ROUND_1/08_重攻「破碗敲頭」/41.webp,76e45cdc49ce4f9a3c7664287cc78e2361b2e0fb45616ac7afed0b03cd90d303,detected_or_manifest,43,0,209,240,7d554f07efed3ce34c1f039c269616bf9acc4a47e22959f56b96dac45bc84e86,False,False
蘸醬胡渣狗,ROUND_1,4,42,2,重攻「破碗敲頭」,蘸醬胡渣狗/ROUND_1/08_重攻「破碗敲頭」/42.webp,76e45cdc49ce4f9a3c7664287cc78e2361b2e0fb45616ac7afed0b03cd90d303,detected_or_manifest,259,7,231,242,f8cd59fa5099acae0c7f9700cd80d88b110359d103c352bc1d4e745743fb3b2e,False,False
蘸醬胡渣狗,ROUND_1,4,43,3,重攻「破碗敲頭」,蘸醬胡渣狗/ROUND_1/08_重攻「破碗敲頭」/43.webp,76e45cdc49ce4f9a3c7664287cc78e2361b2e0fb45616ac7afed0b03cd90d303,detected_or_manifest,533,11,221,240,037b92d331cb615b2c9efd7c04b8eebf9f456c324d90f43665561128be48c905,False,False
蘸醬胡渣狗,ROUND_1,4,46,6,重攻「破碗敲頭」,蘸醬胡渣狗/ROUND_1/08_重攻「破碗敲頭」/46.webp,76e45cdc49ce4f9a3c7664287cc78e2361b2e0fb45616ac7afed0b03cd90d303,detected_or_manifest,516,264,246,231,304ac57c8c702292a8ddbd364579b0eeeb5d8045559dde7e4ac46045c987ee45,False,False
蘸醬胡渣狗,ROUND_1,5,51,1,下段「低頭撿飯」,蘸醬胡渣狗/ROUND_1/09_下段「低頭撿飯」/51.webp,8aed18bbe0a84daa962b83493268f536b0bed57114ede2f293dd7eafb66039d4,detected_or_manifest,44,36,208,221,e8a171b6997c305c32f12f342a8fc90a1a308f69187e1eb30809f0b09d284b0d,False,False
蘸醬胡渣狗,ROUND_1,5,52,2,下段「低頭撿飯」,蘸醬胡渣狗/ROUND_1/09_下段「低頭撿飯」/52.webp,8aed18bbe0a84daa962b83493268f536b0bed57114ede2f293dd7eafb66039d4,detected_or_manifest,287,40,226,216,7befc59ae092ad78e3f38de347a9b9b97e5460a2991de129612731e896793159,False,False
蘸醬胡渣狗,ROUND_1,5,53,3,下段「低頭撿飯」,蘸醬胡渣狗/ROUND_1/09_下段「低頭撿飯」/53.webp,8aed18bbe0a84daa962b83493268f536b0bed57114ede2f293dd7eafb66039d4,detected_or_manifest,515,75,245,181,cccac8910c799c2179e1a4ab5d4fe402d15e0fcce4b7dfdd04420b816bc2655e,False,False
蘸醬胡渣狗,ROUND_1,5,54,4,下段「低頭撿飯」,蘸醬胡渣狗/ROUND_1/09_下段「低頭撿飯」/54.webp,8aed18bbe0a84daa962b83493268f536b0bed57114ede2f293dd7eafb66039d4,detected_or_manifest,0,271,256,199,755dc44e720a9bb910f9efa4cb6e9c3f877856c7ba64a0f82ab366ae72a6a01b,False,False
蘸醬胡渣狗,ROUND_1,5,55,5,下段「低頭撿飯」,蘸醬胡渣狗/ROUND_1/09_下段「低頭撿飯」/55.webp,8aed18bbe0a84daa962b83493268f536b0bed57114ede2f293dd7eafb66039d4,detected_or_manifest,283,470,11,9,7a7ceb9dffc059afbd4b571f4c724e34b7b7b524d14434340c3b70dcb2a41db9,False,False
蘸醬胡渣狗,ROUND_1,5,56,6,下段「低頭撿飯」,蘸醬胡渣狗/ROUND_1/09_下段「低頭撿飯」/56.webp,8aed18bbe0a84daa962b83493268f536b0bed57114ede2f293dd7eafb66039d4,detected_or_manifest,558,279,203,188,c01651e08830b80b87c8bb11099853d609fb67611ab8776f83f0fff82f33e59d,False,False
蘸醬胡渣狗,ROUND_1,8,83,3,中段受擊,蘸醬胡渣狗/ROUND_1/19_中段受擊/83.webp,8f91f9d9aa9a3df3fdf889a4f599e6b558890d0cce5a11e78034d29b7a3a5dea,detected_or_manifest,523,0,221,247,5e68e983af05e144b25d3c1af0d135f53c30adfebcafb1e7b0de16337ef2a1cf,False,False
蘸醬胡渣狗,ROUND_1,8,84,4,下段受擊,蘸醬胡渣狗/ROUND_1/20_下段受擊/84.webp,8f91f9d9aa9a3df3fdf889a4f599e6b558890d0cce5a11e78034d29b7a3a5dea,detected_or_manifest,31,257,221,225,f69c69fd95ffd4cb2a49e8f31ae6034fa92e7ad5b4a35cd079a8480479c62dd8,False,False
蘸醬胡渣狗,ROUND_1,9,92,2,裝滿醬的破碗 Master,蘸醬胡渣狗/ROUND_1/24_裝滿醬的破碗_Master/92.webp,6e7e1d2327f9bcb24ce21c42f317bf1c5f94b6dab751f365c718aeb1f8c68e7a,detected_or_manifest,280,31,220,214,faf99fbb265beeb5ca027858689894a87ab144ae814450b9fa7a66e551857093,False,False
蘸醬胡渣狗,ROUND_1,9,93,3,標準黏醬材質,蘸醬胡渣狗/ROUND_1/25_標準黏醬材質/93.webp,6e7e1d2327f9bcb24ce21c42f317bf1c5f94b6dab751f365c718aeb1f8c68e7a,detected_or_manifest,527,6,212,242,eddd9cb9a93e98d1b63442eee4f25e55a23ae7285c4ce0cc6aa9a977ea7f2702,False,False
蘸醬胡渣狗,ROUND_1,9,94,4,小型醬汁滴落群,蘸醬胡渣狗/ROUND_1/26_小型醬汁滴落群/94.webp,6e7e1d2327f9bcb24ce21c42f317bf1c5f94b6dab751f365c718aeb1f8c68e7a,detected_or_manifest,23,255,204,246,3140d86c4371b3d04d01266879288ccb2214a566d51425a64d43af4848da50c3,False,False
蘸醬胡渣狗,ROUND_1,9,95,5,「低頭撿飯」小食物碎屑,蘸醬胡渣狗/ROUND_1/27_「低頭撿飯」小食物碎屑/95.webp,6e7e1d2327f9bcb24ce21c42f317bf1c5f94b6dab751f365c718aeb1f8c68e7a,detected_or_manifest,336,282,144,127,5b740bdd9b81e6fabed0c6f1bdae941dc3e4fdb42abccc7a8e9d42dc69c751f0,False,False
蘸醬胡渣狗,ROUND_2,1,11,1,前衝,蘸醬胡渣狗/ROUND_2/01_前衝/11.webp,e77d81395d4aec3be85031dcb16a857da451b7cb3507e3f29553a591a84fad01,detected_or_manifest,11,51,241,204,1590f81fc9b38ef02c295165ed304dc2283c605d27ab446363138cc0330c05f5,False,False
蘸醬胡渣狗,ROUND_2,1,13,3,前衝,蘸醬胡渣狗/ROUND_2/01_前衝/13.webp,e77d81395d4aec3be85031dcb16a857da451b7cb3507e3f29553a591a84fad01,manual,523,40,228,213,acefb7fcd319b9e76cba03d38797c87fec33164362a13786bedaeb80d87dbc87,False,True
蘸醬胡渣狗,ROUND_2,1,14,4,後撤,蘸醬胡渣狗/ROUND_2/02_後撤/14.webp,e77d81395d4aec3be85031dcb16a857da451b7cb3507e3f29553a591a84fad01,detected_or_manifest,20,256,200,218,ae324eb95bb2b3baeeef4a5430ef5efc0308d4f9dd8c63c3a10c302b25da6275,False,False
蘸醬胡渣狗,ROUND_2,2,23,3,投技「有飯一起滾」,蘸醬胡渣狗/ROUND_2/03_投技「有飯一起滾」/23.webp,8bc578f7dacc1bb98161bab324c75820c23e58529c46a2b8b708324d574860ec,detected_or_manifest,528,15,229,232,a8cbeff2e6ee2b9e53657a1b9e2050a6fcdacbced8f772d8a78f8a387a2b1097,False,False
蘸醬胡渣狗,ROUND_2,2,24,4,投技「有飯一起滾」,蘸醬胡渣狗/ROUND_2/03_投技「有飯一起滾」/24.webp,8bc578f7dacc1bb98161bab324c75820c23e58529c46a2b8b708324d574860ec,detected_or_manifest,18,258,236,238,84541b31683001127cec14c03445ecf6b262577a58d30361b098693934730ec6,False,False
蘸醬胡渣狗,ROUND_2,2,25,5,投技「有飯一起滾」,蘸醬胡渣狗/ROUND_2/03_投技「有飯一起滾」/25.webp,8bc578f7dacc1bb98161bab324c75820c23e58529c46a2b8b708324d574860ec,detected_or_manifest,267,262,232,215,718afaa39b9d5135b0e04ef045be148a5c01692b13054a5bcae9428099e41f48,False,False
蘸醬胡渣狗,ROUND_2,3,32,2,被摔空中,蘸醬胡渣狗/ROUND_2/05_被摔空中/32.webp,48999b8ef8d28bcef9f7e57ef1c382b2c6f0f64e1dae73c0b340c18f5c70fbcc,detected_or_manifest,259,28,239,205,ec8badd8db60d5114aab6e4fc34d69800ef79edad8b08cb079eee08bf4be8eed,False,False
蘸醬胡渣狗,ROUND_2,3,33,3,落地前,蘸醬胡渣狗/ROUND_2/06_落地前/33.webp,48999b8ef8d28bcef9f7e57ef1c382b2c6f0f64e1dae73c0b340c18f5c70fbcc,detected_or_manifest,549,11,192,236,74c53fa3cda2b490627f184ed7f642f83b0e60e86ebeddc0fd3ef9f334d3ad6c,False,False
蘸醬胡渣狗,ROUND_2,3,37,7,起身前段,蘸醬胡渣狗/ROUND_2/10_起身前段/37.webp,48999b8ef8d28bcef9f7e57ef1c382b2c6f0f64e1dae73c0b340c18f5c70fbcc,manual,0,522,251,223,3fe42d1d7233c73fdb31757bfad7e7dae496455d7aa6dfd9c8faf87ec3706a36,False,True
蘸醬胡渣狗,ROUND_2,3,39,9,KO「沒飯了」,蘸醬胡渣狗/ROUND_2/12_KO「沒飯了」/39.webp,48999b8ef8d28bcef9f7e57ef1c382b2c6f0f64e1dae73c0b340c18f5c70fbcc,manual,513,511,237,207,a5816d00d4c86fa51b8939bc79c1b445a8b7652b840baae1eb383d79b25e1055,False,True
蘸醬胡渣狗,ROUND_2,4,41,1,Charge Start,蘸醬胡渣狗/ROUND_2/13_Charge_Start/41.webp,e576922881c0889ad25bf772ac84cfda1bc43349ab95e034bf3249b16ab4eb86,detected_or_manifest,48,38,180,218,081c8c4e745d2d35b4179bec19c46323c6acaf781d88b2acb549ba70bb509562,False,False
蘸醬胡渣狗,ROUND_2,4,42,2,Charge Loop,蘸醬胡渣狗/ROUND_2/14_Charge_Loop/42.webp,e576922881c0889ad25bf772ac84cfda1bc43349ab95e034bf3249b16ab4eb86,detected_or_manifest,290,31,176,216,13c72001cadff8370a77a02ab57ed8611c089ca960288d87a0ebb4d83ad8d47f,False,False
蘸醬胡渣狗,ROUND_2,4,44,4,放招準備,蘸醬胡渣狗/ROUND_2/16_放招準備/44.webp,e576922881c0889ad25bf772ac84cfda1bc43349ab95e034bf3249b16ab4eb86,detected_or_manifest,32,259,224,205,1684fc7b953b9373b89572eff5cfc50e2f3b023fc4ca4f7b91088563243d4a14,False,False
蘸醬胡渣狗,ROUND_2,6,61,1,Ultimate 啟動,蘸醬胡渣狗/ROUND_2/22_Ultimate_啟動/61.webp,964e4f4e92eee8d7a3afa277b34cac6b2415b12a787a0d9c71b73df323d5e293,detected_or_manifest,0,19,257,236,2054f12e9abc13e1a25232357871f9574d47355e29c02167bbd9970e0b02d895,False,False
驚嚇小貓,ROUND_1,2,26,6,後走,驚嚇小貓/ROUND_1/03_後走/26.webp,3db6cd3e96fc040804bdd9e091d44fbf59d30fe0fefcb2be21bde4510e125ddd,detected_or_manifest,512,267,252,191,90a9a1fc4e13d33fca458067de285bf7134f435a24ce6250a5fd51ed2e6dcdbc,False,False
驚嚇小貓,ROUND_1,6,63,3,下段「尾巴被踩到了！」,驚嚇小貓/ROUND_1/09_下段「尾巴被踩到了！」/63.webp,334707b2b50fbeb587a491ce485aba2619ec2796b27b086fed16c426f2dc21b8,detected_or_manifest,511,59,242,170,bf1439daa5d86d5662fd292ded2cc6f0ea5fc526066425381647786649dcf9cb,False,False
驚嚇小貓,ROUND_1,6,66,6,下段「尾巴被踩到了！」,驚嚇小貓/ROUND_1/09_下段「尾巴被踩到了！」/66.webp,334707b2b50fbeb587a491ce485aba2619ec2796b27b086fed16c426f2dc21b8,detected_or_manifest,515,257,247,194,de6491479bd14ad6aeef5fe674ff966b9053fee7db4cae64d246b8213ecb8cf5,False,False
驚嚇小貓,ROUND_1,7,76,6,空中攻擊「空中炸毛亂抓」,驚嚇小貓/ROUND_1/10_空中攻擊「空中炸毛亂抓」/76.webp,58a4e3fc48e0bd70550c8ca2c67eb75439fb64d8e93dee227523fc9a868b9539,detected_or_manifest,512,271,250,233,1c2bc126fecb7ff3ebd58066c4870400e47dab4b83239846cb2de24e35d5a837,False,False
驚嚇小貓,ROUND_1,8,83,3,Standing Blockstun,驚嚇小貓/ROUND_1/13_Standing_Blockstun/83.webp,d53f601e8d799030c0c704fd84935110b6de37408dda6e6c4f91bdac92bac658,detected_or_manifest,527,13,241,241,83fddad80ddf396cf25eb16d611fdf5c1706b8208b87709dc46bbc99719d20fa,False,False
驚嚇小貓,ROUND_1,8,85,5,Crouching Guard Impact,驚嚇小貓/ROUND_1/15_Crouching_Guard_Impact/85.webp,d53f601e8d799030c0c704fd84935110b6de37408dda6e6c4f91bdac92bac658,detected_or_manifest,273,263,237,216,677c60854edc4ca3a637f36dec5b759fdf319be9b471be3c973bae721d6274b4,False,False
驚嚇小貓,ROUND_1,8,86,6,Crouching Blockstun,驚嚇小貓/ROUND_1/16_Crouching_Blockstun/86.webp,d53f601e8d799030c0c704fd84935110b6de37408dda6e6c4f91bdac92bac658,detected_or_manifest,531,266,228,211,dd80eec53011e8d8914795656cb7b99927fe5e1bd9126f16f1add8496afd86f4,False,False
驚嚇小貓,ROUND_2,1,11,1,投技「啊啊啊不是你！」,驚嚇小貓/ROUND_2/01_投技「啊啊啊不是你！」/11.webp,45b96b443099241ab289a8b1c5459d7dcd6bee876bcfe6dd81c2bfaecb3b3174,detected_or_manifest,8,0,243,253,8dbb5d943b523dab6d38b4e053c20a1a09e7b738d2db3708246daab175c8d64c,False,False
驚嚇小貓,ROUND_2,1,12,2,投技「啊啊啊不是你！」,驚嚇小貓/ROUND_2/01_投技「啊啊啊不是你！」/12.webp,45b96b443099241ab289a8b1c5459d7dcd6bee876bcfe6dd81c2bfaecb3b3174,detected_or_manifest,259,7,240,238,8e4f82c82737c33855429668482255b7b723001289ef9d96462c8432711166e0,False,False
驚嚇小貓,ROUND_2,1,14,4,投技「啊啊啊不是你！」,驚嚇小貓/ROUND_2/01_投技「啊啊啊不是你！」/14.webp,45b96b443099241ab289a8b1c5459d7dcd6bee876bcfe6dd81c2bfaecb3b3174,detected_or_manifest,11,261,228,232,31bc5f369e16317f0e2a33b41293e37fa13a2c875ac9d0fb0dcbc488798f300a,False,False
驚嚇小貓,ROUND_2,1,15,5,投技「啊啊啊不是你！」,驚嚇小貓/ROUND_2/01_投技「啊啊啊不是你！」/15.webp,45b96b443099241ab289a8b1c5459d7dcd6bee876bcfe6dd81c2bfaecb3b3174,detected_or_manifest,256,267,258,226,0a21cf671799d2139c707d21e6f24da04af1656c11b76d74538c75df5b1cc38f,False,False
驚嚇小貓,ROUND_2,1,16,6,投技「啊啊啊不是你！」,驚嚇小貓/ROUND_2/01_投技「啊啊啊不是你！」/16.webp,45b96b443099241ab289a8b1c5459d7dcd6bee876bcfe6dd81c2bfaecb3b3174,detected_or_manifest,532,275,225,221,4ad43c74c89bf63e6b629ffe0eb5ee8049fa316bb6f1b57b1788b399a78e8528,False,False
驚嚇小貓,ROUND_2,3,31,1,Charge Start,驚嚇小貓/ROUND_2/11_Charge_Start/31.webp,85593b6bd0d8789f6a16640719f288607e2c871b6c25021c3aba44ff6edde9e6,detected_or_manifest,45,69,209,187,1634c37020715d2c548deb81bd84c3a91792ae8d6ed59f8abe5a6f7199cd5aa2,False,False
驚嚇小貓,ROUND_2,4,49,9,Lv3 Extreme Separation Shockwave,驚嚇小貓/ROUND_2/25_Lv3_Extreme_Separation_Shockwave/49.webp,bedc22c0c43ffe937e47262d13fbcbf9dbdd83c5ed08972fe2384c477c721dcd,manual,432,482,336,268,49e70a4e4b9d4a3b49664410fe960937c78d7da15d88c5294b4d6846b97bba58,False,True
OK喵老大,ROUND_1,1,12,2,待機,OK喵老大/ROUND_1/01_待機/12.webp,6e290b20a2c171b14f5b7b132d3f958225c7ea4c0d7fbbae530c2f0b893b36c8,detected_or_manifest,256,0,256,256,2deafd9243d4deac75a4b6a261a5f9db1d37ed6393ecea731fd6e856d6ac6b0e,False,False
OK喵老大,ROUND_1,2,24,4,跳躍,OK喵老大/ROUND_1/05_跳躍/24.webp,69de4ea21eb24435156678fe20ab37995bd750be8c73c24ec5567b6123c98363,detected_or_manifest,8,262,246,231,a59a26d40f559c5817fd9489d21d4461dbba97398a3d9e2a3c928fe770caa6f5,False,False
OK喵老大,ROUND_1,3,31,1,前衝,OK喵老大/ROUND_1/07_前衝/31.webp,e451af2f7180dd495d723a60f328cac8105f16397f9ef72d25e8ae115c414832,detected_or_manifest,0,0,256,256,fc2e487ba977541082e0651d51e8b0d6bf50706aa0d7746df2b6b768e5cf8aa8,False,False
OK喵老大,ROUND_1,3,35,5,後撤,OK喵老大/ROUND_1/08_後撤/35.webp,e451af2f7180dd495d723a60f328cac8105f16397f9ef72d25e8ae115c414832,detected_or_manifest,256,254,254,258,d2cad4abe1adbb11ce75fe8e7e616fa3968ade1e39bd7c2f69f3015c8c611a7d,False,False
OK喵老大,ROUND_1,6,63,3,下段「這個不OK」,OK喵老大/ROUND_1/11_下段「這個不OK」/63.webp,0a97fac2b69e05afa9dec8acc4e10efbccdd940529a403c5641bf277a8a6785d,detected_or_manifest,515,13,245,240,7cf4052cda136a74b4fecda24df73c4c12df1f16c971693ec455b34c527c212f,False,False
OK喵老大,ROUND_2,1,12,2,前衝,OK喵老大/ROUND_2/01_前衝/12.webp,bb7ecc36c465e007fc0a35f3c33d52f044dfd2b54d80e0577cf274a378894da4,manual,256,0,266,256,bfa5bf581fd529048e325db18b51e573b21b8661991d00a4af870b0e9086d96c,False,True
OK喵老大,ROUND_2,1,15,5,後撤,OK喵老大/ROUND_2/02_後撤/15.webp,bb7ecc36c465e007fc0a35f3c33d52f044dfd2b54d80e0577cf274a378894da4,detected_or_manifest,256,256,256,256,2726befeebf61a47e99231dc09bba5e021e0cf483f232e544641c92993d55b83,False,False
OK喵老大,ROUND_2,7,73,3,抓上半身,OK喵老大/ROUND_2/34_抓上半身/73.webp,eff28bb053aa62a031656ceeba561f56c8cce035e464c0f292d2a9945a1518e7,manual,523,13,239,239,e46c415ecc5b72967c3df8ca97f8b3944f84e3acc3a35c4c57d4532d8e3e180d,False,True
OK喵老大,ROUND_2,7,76,6,放開／退場,OK喵老大/ROUND_2/37_放開_退場/76.webp,eff28bb053aa62a031656ceeba561f56c8cce035e464c0f292d2a9945a1518e7,manual,535,295,229,168,941f65585cbc8ed48ca9bae938fe9d4965bb56e0690892adf00adf4ba028613d,False,True
OK喵老大,ROUND_2,8,82,2,低位攔截衝刺,OK喵老大/ROUND_2/39_低位攔截衝刺/82.webp,7db42445ed70abee9dc524b289158012c61decbdd5b78f19104414d3f018008f,detected_or_manifest,294,2,208,238,66eda15136ec3f5c16f15e4f5739a68190805b54be0aebf7cb9499fd6479f4c1,False,False
OK喵老大,ROUND_2,8,83,3,抓下半身,OK喵老大/ROUND_2/40_抓下半身/83.webp,7db42445ed70abee9dc524b289158012c61decbdd5b78f19104414d3f018008f,detected_or_manifest,542,75,213,146,a4fe98725ea0c99a644846be469edc9b461dc24288b74b81b40ccfcbe59e24e7,False,False
OK喵老大,ROUND_2,8,84,4,雙掌固定,OK喵老大/ROUND_2/41_雙掌固定/84.webp,7db42445ed70abee9dc524b289158012c61decbdd5b78f19104414d3f018008f,detected_or_manifest,22,278,228,168,c3ec9014c2271f202de912cd3d7d63d4918f52a27ffc60c74855a279ba1e6ab7,False,False
OK喵老大,ROUND_2,8,85,5,持續壓住下半身,OK喵老大/ROUND_2/42_持續壓住下半身/85.webp,7db42445ed70abee9dc524b289158012c61decbdd5b78f19104414d3f018008f,detected_or_manifest,260,295,253,211,067def543438aa2edd151cf71ab53269ef5dbee7e8eb3ef1735432057b7cc994,False,False
OK喵老大,ROUND_2,8,86,6,放開／退場,OK喵老大/ROUND_2/43_放開_退場/86.webp,7db42445ed70abee9dc524b289158012c61decbdd5b78f19104414d3f018008f,detected_or_manifest,536,282,210,203,40ce11038f92e718b9f8fee98ed41fa2dd06950f779acdfc48248ab4c5836540,False,False
牛來,ROUND_1,2,24,4,前衝,牛來/ROUND_1/09_前衝/24.webp,1dc03d53f27c2dba89690827bc8da89ad0783d884e88717ba3ed0fdd8e22a5fd,detected_or_manifest,0,264,251,241,66b102563e80b2d09d49067f6590295a8124cf6c446b99c6a91f41cd02c2effe,False,False
牛來,ROUND_1,2,29,9,後撤落地,牛來/ROUND_1/13_後撤落地/29.webp,1dc03d53f27c2dba89690827bc8da89ad0783d884e88717ba3ed0fdd8e22a5fd,detected_or_manifest,540,531,224,237,4b7b06926415adc525c3a5f3670bf5e2fbe4ffd920dd16208c224969f71a2f89,False,False
牛來,ROUND_1,3,31,1,Lv0 輕攻「試探拳」,牛來/ROUND_1/14_Lv0_輕攻「試探拳」/31.webp,aa726842e8821ca823231dc01ef89832f1441ffeb0b25713deef15f1875fbf97,detected_or_manifest,22,5,189,227,6214c2cdfa6e759c74b8b2d66df6343c8892ffafbef20c8da1c712e89e6a487d,False,False
牛來,ROUND_1,3,34,4,Lv3 強化動作版「試探拳」,牛來/ROUND_1/15_Lv3_強化動作版「試探拳」/34.webp,aa726842e8821ca823231dc01ef89832f1441ffeb0b25713deef15f1875fbf97,detected_or_manifest,25,254,226,240,d278e21a98616684d7b8105315315142f5e9c57c4e7efa54552f1ed26c21b7a8,False,False
牛來,ROUND_1,5,52,2,Lv0–1「怕歸怕還是要踢」,牛來/ROUND_1/18_Lv0–1「怕歸怕還是要踢」/52.webp,0654fd47717f00d2ae05d8d8d249a8eb4955637495f00e9fc08fa3add41a1085,detected_or_manifest,259,28,253,222,072b29cb54192ddb6497ea79f58b0b34f700e834d56a2af56615e24d74d4ee69,False,False
牛來,ROUND_1,5,53,3,Lv0–1「怕歸怕還是要踢」,牛來/ROUND_1/18_Lv0–1「怕歸怕還是要踢」/53.webp,0654fd47717f00d2ae05d8d8d249a8eb4955637495f00e9fc08fa3add41a1085,detected_or_manifest,512,18,245,232,036228704ee70b57d29972231f87d0b83bd0c80519d9d8b8b605085cc94ac204,False,False
牛來,ROUND_1,5,54,4,Lv2 加長版,牛來/ROUND_1/19_Lv2_加長版/54.webp,0654fd47717f00d2ae05d8d8d249a8eb4955637495f00e9fc08fa3add41a1085,detected_or_manifest,18,279,227,223,72b362e4518a13886afc5f6fd656eac22c3cbe6d2082c785017aa0c785c8d0b0,False,False
牛來,ROUND_1,5,57,7,Lv3 下段攻擊,牛來/ROUND_1/20_Lv3_下段攻擊/57.webp,0654fd47717f00d2ae05d8d8d249a8eb4955637495f00e9fc08fa3add41a1085,detected_or_manifest,0,516,253,252,9ff4f4d912b79c04ee9ae9c29ec7e20c59c49de60e965503a809fadfe6b573e7,False,False
牛來,ROUND_1,6,63,3,Lv0–1「閉眼勇氣飛踢」,牛來/ROUND_1/23_Lv0–1「閉眼勇氣飛踢」/63.webp,d2ea885275d942c09a436e9c69daedca70b1949f739a5c856044b2c22ddd08ec,detected_or_manifest,525,19,233,237,68338e7db58ed112b3d68e069127d20c0bbe183cc1e3262b06721fe34e6e894b,False,False
牛來,ROUND_1,7,72,2,站防 Lv1,牛來/ROUND_1/27_站防_Lv1/72.webp,2838b6bca20a14bbb270ed3eec3491d860bc01943f9eb4d9561e48a371eceb67,detected_or_manifest,278,9,236,243,1d23c4ba15131f7c4bd31e948a1a6da459467b59d52a2418eb996dfa709de0f4,False,False
牛來,ROUND_1,7,73,3,站防 Lv2,牛來/ROUND_1/28_站防_Lv2/73.webp,2838b6bca20a14bbb270ed3eec3491d860bc01943f9eb4d9561e48a371eceb67,detected_or_manifest,514,11,233,246,085aa1c51819c1212a701e467f62ed2e99c1cfa8492e0da3f44aff09b41f2bc0,False,False
牛來,ROUND_1,7,77,7,蹲防 Lv2,牛來/ROUND_1/32_蹲防_Lv2/77.webp,2838b6bca20a14bbb270ed3eec3491d860bc01943f9eb4d9561e48a371eceb67,detected_or_manifest,20,515,230,253,d0a594bb4055fd21138b6c83b70ecd3dc9b1fb3c51aa3924150555ffac5bf32a,False,False
牛來,ROUND_1,8,81,1,輕防禦硬直,牛來/ROUND_1/35_輕防禦硬直/81.webp,ebe23771cd160d86d2546cb14f5776a4ae3a28435a5e5961136efcbcc8fe9678,detected_or_manifest,30,13,203,220,25994b5f6b0f1e3c1ee93dccc219d793a2967d7a6ae66f4c22d3eca1f42afd4d,False,False
牛來,ROUND_1,8,82,2,重防禦硬直,牛來/ROUND_1/36_重防禦硬直/82.webp,ebe23771cd160d86d2546cb14f5776a4ae3a28435a5e5961136efcbcc8fe9678,detected_or_manifest,259,29,243,205,e1aecc2d942d3d028cb1529f0522fca4088fbbf55743d38dbfe460b1cfff0c4f,False,False
牛來,ROUND_1,8,84,4,下段受擊,牛來/ROUND_1/38_下段受擊/84.webp,ebe23771cd160d86d2546cb14f5776a4ae3a28435a5e5961136efcbcc8fe9678,detected_or_manifest,30,256,224,242,d3d49d6303b7565fb6a8b03123e2d234f6eb786f9464319c49b41f858d5b5f10,False,False
牛來,ROUND_2,1,15,5,投技「友情抱摔」,牛來/ROUND_2/01_投技「友情抱摔」/15.webp,326b64fd2d6eec531130a56aca25f7adf4e050777a1479fa90a16dd7cca421f1,detected_or_manifest,256,256,256,225,6cf5bc4b5f34d5e056f2c4c664d231a958ce3f537046811c3d9bed66939b21af,False,False
牛來,ROUND_2,2,21,1,被摔起飛,牛來/ROUND_2/02_被摔起飛/21.webp,39735502f995d6f8a96e727a9b30fedaba13b39d4fffa0ee1adcd8e7a3b38f97,detected_or_manifest,0,0,272,264,30f3acd4d338cd3822f3a0a54ffda5bd43dbe76256d2d9325d79a06a1ac9dd60,False,False
牛來,ROUND_2,2,22,2,空中翻滾,牛來/ROUND_2/03_空中翻滾/22.webp,39735502f995d6f8a96e727a9b30fedaba13b39d4fffa0ee1adcd8e7a3b38f97,detected_or_manifest,272,0,238,264,c0b724bf1ed6ef5e90cd287477a0e90a5575207fdb4a0fc18b9552f68316bc20,False,False
牛來,ROUND_2,2,23,3,Heavy Knockdown 撞地,牛來/ROUND_2/04_Heavy_Knockdown_撞地/23.webp,39735502f995d6f8a96e727a9b30fedaba13b39d4fffa0ee1adcd8e7a3b38f97,detected_or_manifest,510,0,258,264,a09b9f2b987bd2bcd7c547920a9b8f40f7714e2cffd4260dd2010d18d3d22fe7,False,False
牛來,ROUND_2,2,24,4,Heavy Knockdown 倒地,牛來/ROUND_2/05_Heavy_Knockdown_倒地/24.webp,39735502f995d6f8a96e727a9b30fedaba13b39d4fffa0ee1adcd8e7a3b38f97,detected_or_manifest,0,264,272,248,e7acd15bebfe3d85387516cece967bc066b85f65f5539f72b80a247d0fa6a767,False,False
牛來,ROUND_2,2,25,5,起身,牛來/ROUND_2/06_起身/25.webp,39735502f995d6f8a96e727a9b30fedaba13b39d4fffa0ee1adcd8e7a3b38f97,detected_or_manifest,272,264,238,248,6ef815bc59d36014d9028a99db086c0fdd49f4d8cb9a6c35b2717aa59b693006,False,False
牛來,ROUND_2,2,26,6,KO,牛來/ROUND_2/07_KO/26.webp,39735502f995d6f8a96e727a9b30fedaba13b39d4fffa0ee1adcd8e7a3b38f97,detected_or_manifest,510,264,258,248,3b05466414b09384e0ac191cac0426c5d9fc280a490b245340326e38312ec702,False,False
牛來,ROUND_2,3,32,2,持續蓄力,牛來/ROUND_2/09_持續蓄力/32.webp,375bce1d36e05d07fa3c027ea1bed4ecf26e7832aeb60dd1c68eed9c36f46503,manual,256,0,256,256,d977896a11346dfd7c1328f1bf46cdfe871c917b63a4e12bcda011a74509d61f,False,True
牛來,ROUND_2,6,61,1,「巨大夢之公牛幻影」,牛來/ROUND_2/34_「巨大夢之公牛幻影」/61.webp,e9d681f6bbf70f5f4139f904a7cddd8177e383a813c65a0bb7c6820b98cf2b1a,detected_or_manifest,0,0,956,538,a415be6cf3c529eea72ef873504ddbb29622e65104a7c4f680bbd46402375578,False,False
豹拉,ROUND_1,1,12,2,待機,豹拉/ROUND_1/01_待機/12.webp,7cbd50b6d9d72e8412b11b207f58958b3b681824fa5357b002e591d47aa0651d,detected_or_manifest,256,0,256,256,bdf2c5bb7391bad373a98cfb8c0e2d5d5d0cc52795a9dc3b84f41ab5bdc947ec,False,False
豹拉,ROUND_1,1,16,6,後走,豹拉/ROUND_1/03_後走/16.webp,7cbd50b6d9d72e8412b11b207f58958b3b681824fa5357b002e591d47aa0651d,detected_or_manifest,512,256,256,256,300d24520294633cb49db46fda44c35cee05f9de00074290a2a6225386ef2044,False,False
豹拉,ROUND_1,3,31,1,輕攻「豹爪」,豹拉/ROUND_1/09_輕攻「豹爪」/31.webp,7ff97e9021104b6d1223f9674ba2627d8e5d2747183c420f2225935a742d0b3e,detected_or_manifest,0,6,238,246,d067fe71eb26d10999d2cb44600436a57d9e67deb98b2d32a9b6e33613a42084,False,False
豹拉,ROUND_1,3,32,2,輕攻「豹爪」,豹拉/ROUND_1/09_輕攻「豹爪」/32.webp,7ff97e9021104b6d1223f9674ba2627d8e5d2747183c420f2225935a742d0b3e,detected_or_manifest,256,0,256,256,aa77c4ebe6ee51fb5b0a4754fb5cc52d93240a943fb0ae5c94f88114c753fbd6,False,False
豹拉,ROUND_1,3,34,4,輕攻「豹爪」,豹拉/ROUND_1/09_輕攻「豹爪」/34.webp,7ff97e9021104b6d1223f9674ba2627d8e5d2747183c420f2225935a742d0b3e,manual,8,257,245,236,629b30ee9b11141c322ffdea9eafefab7a71acc485696b48a6e6f0179b3a3a1f,False,True
豹拉,ROUND_1,5,51,1,下段「守線截踝」,豹拉/ROUND_1/11_下段「守線截踝」/51.webp,1fcba322d6e806b7511693b248a872e2a4453f8ce502a893ee37d7a8a288adf1,detected_or_manifest,0,0,256,248,54d00d02154bc55e24bccce5e1ef7f73296988215ab581e09a95403ca8bd7e5b,False,False
豹拉,ROUND_1,5,52,2,下段「守線截踝」,豹拉/ROUND_1/11_下段「守線截踝」/52.webp,1fcba322d6e806b7511693b248a872e2a4453f8ce502a893ee37d7a8a288adf1,detected_or_manifest,256,0,264,248,f7ac32c49c7de08a565ae9492e2fecc4a229ea06e79a41c0bc2377a4c7c9c96b,False,False
豹拉,ROUND_1,5,53,3,下段「守線截踝」,豹拉/ROUND_1/11_下段「守線截踝」/53.webp,1fcba322d6e806b7511693b248a872e2a4453f8ce502a893ee37d7a8a288adf1,detected_or_manifest,520,0,248,248,ab66b4dffd5f51097e992d01ce7bd42f9f2b97592a0d2888e5b95e2f22ff15c6,False,False
豹拉,ROUND_1,5,54,4,下段「守線截踝」,豹拉/ROUND_1/11_下段「守線截踝」/54.webp,1fcba322d6e806b7511693b248a872e2a4453f8ce502a893ee37d7a8a288adf1,detected_or_manifest,0,248,256,264,c6e9a19e551da5d3e2d8d48cefbc726e0953d274b5364ea513d7bca83eacdb61,False,False
豹拉,ROUND_1,5,55,5,下段「守線截踝」,豹拉/ROUND_1/11_下段「守線截踝」/55.webp,1fcba322d6e806b7511693b248a872e2a4453f8ce502a893ee37d7a8a288adf1,detected_or_manifest,256,248,264,264,e1da3658ec1aa7a3210928d4cbb478f7de5ef301f9183f28076ac1e34cfc0dce,False,False
豹拉,ROUND_1,5,56,6,下段「守線截踝」,豹拉/ROUND_1/11_下段「守線截踝」/56.webp,1fcba322d6e806b7511693b248a872e2a4453f8ce502a893ee37d7a8a288adf1,detected_or_manifest,520,248,248,264,005e093d78f8a3ac61adb4d537a9fd6cb2bcb72d6729ec76d3062162294808dc,False,False
豹拉,ROUND_1,6,61,1,空中攻擊「回身斷後爪」,豹拉/ROUND_1/12_空中攻擊「回身斷後爪」/61.webp,790401c80a7f38a9e803813153719d26ebae4f390e93d03069bcfebba75a834f,detected_or_manifest,20,4,233,249,d60b3e04753792c991f3affa8b27682717f5be05d107cc085f341e12610f1067,False,False
豹拉,ROUND_1,6,63,3,空中攻擊「回身斷後爪」,豹拉/ROUND_1/12_空中攻擊「回身斷後爪」/63.webp,790401c80a7f38a9e803813153719d26ebae4f390e93d03069bcfebba75a834f,detected_or_manifest,520,14,236,242,85c0c0fa4ffe8bc2c1b09f3986b70ee7c3a5116cc1112d715b88ea0cd9288d41,False,False
豹拉,ROUND_1,6,66,6,空中攻擊「回身斷後爪」,豹拉/ROUND_1/12_空中攻擊「回身斷後爪」/66.webp,790401c80a7f38a9e803813153719d26ebae4f390e93d03069bcfebba75a834f,detected_or_manifest,533,263,228,241,7e148259617c017bac8678143bbbd2fa41ff255af2410d776ca179c7b1a3735b,False,False
豹拉,ROUND_1,7,71,1,站防「我不走」,豹拉/ROUND_1/13_站防「我不走」/71.webp,269a8a122c441419c93a231f315c911a597073d2348a6ccc44d21e9215c74408,detected_or_manifest,23,6,230,248,e5268f29dbcf3b96c5cb4eb1e9ef97f4247c094e14a4acace19f07416051ac7d,False,False
豹拉,ROUND_1,7,73,3,輕防禦硬直,豹拉/ROUND_1/15_輕防禦硬直/73.webp,269a8a122c441419c93a231f315c911a597073d2348a6ccc44d21e9215c74408,detected_or_manifest,526,8,226,248,4e423978aa050da17cc7dbbb8fa75c986d6a37f113b84298a862e6aa2a8f2bc7,False,False
豹拉,ROUND_2,3,31,1,開始蓄力,豹拉/ROUND_2/08_開始蓄力/31.webp,2e1e44f3e3c936fcb7458d96d3aafe1b0ded09419fd8f597c10dd2513dbf3013,detected_or_manifest,30,4,222,246,793165a499ca7acf86c8c06c2330e25427870d09ad4916b141aaa9eea4eb766b,False,False
豹拉,ROUND_2,3,32,2,蓄力維持,豹拉/ROUND_2/09_蓄力維持/32.webp,2e1e44f3e3c936fcb7458d96d3aafe1b0ded09419fd8f597c10dd2513dbf3013,detected_or_manifest,256,7,220,250,e63eb77cf04008a0424e1130c51958ebbdb043ecbb1ee5918d263fd4b58a3a03,False,False
豹拉,ROUND_2,3,33,3,蓄力維持,豹拉/ROUND_2/09_蓄力維持/33.webp,2e1e44f3e3c936fcb7458d96d3aafe1b0ded09419fd8f597c10dd2513dbf3013,detected_or_manifest,541,13,220,243,afc2d34a04d3b531766ca648edcbb7432eb953a899ce75e46b2c3d5d2d363f69,False,False
豹拉,ROUND_2,4,43,3,Lv1「護身」成功,豹拉/ROUND_2/13_Lv1「護身」成功/43.webp,69bd5f8848e58956841073502998e60db1da5cc350feac6d5692c4bd5e06f314,detected_or_manifest,524,15,219,228,3586975de9d8f9d1374668df662b5fbf0bd7d92afec9a7843cceaaab39f4d61e,False,False
豹拉,ROUND_2,5,53,3,Lv3 對 Strike 反擊,豹拉/ROUND_2/15_Lv3_對_Strike_反擊/53.webp,72087ee2f63d15ef12ffcb3c7eb6cdf9c5a563ef10be3de49a74189594e83416,detected_or_manifest,531,10,229,243,d75e13c961598029034838c51bb1c2aa646d35129b3390073d75918234a0c527,False,False
豹拉,ROUND_2,8,81,1,「巨大記憶怪物幻影」,豹拉/ROUND_2/31_「巨大記憶怪物幻影」/81.webp,f77165e22d389b3c28816f4fd954e43a0354f017fcd5ab4271a0e5a51ac51bba,detected_or_manifest,0,0,956,538,22d73f6139022c36e5803382877ad52179f214626c331e8332cf9f553d1ce1be,False,False
Alien Meow,ROUND_1,1,11,1,待機／天線掃描呼吸,Alien Meow/ROUND_1/01_待機_天線掃描呼吸/11.webp,1dfa32bf56bf62d7b783fdf276b72de05752c7907f94dfb7add11b9c8bf73fcb,detected_or_manifest,0,0,256,256,b5a549a09201c0d179d26a814cdb3214af936d3c82a933c6d65a1367afc32c36,False,False
Alien Meow,ROUND_1,1,13,3,待機／天線掃描呼吸,Alien Meow/ROUND_1/01_待機_天線掃描呼吸/13.webp,1dfa32bf56bf62d7b783fdf276b72de05752c7907f94dfb7add11b9c8bf73fcb,manual,553,0,193,249,db1266feea4b018911e325618d2255e221a220dc508199361cd9f752bda3e54a,False,True
Alien Meow,ROUND_1,1,14,4,前走,Alien Meow/ROUND_1/02_前走/14.webp,1dfa32bf56bf62d7b783fdf276b72de05752c7907f94dfb7add11b9c8bf73fcb,detected_or_manifest,0,256,256,256,08ce11e023c3ddb5ab3bf0fb5d8bc9305dd1a9aa0ac666f01d35e759e621f0ba,False,False
Alien Meow,ROUND_1,1,17,7,後走,Alien Meow/ROUND_1/03_後走/17.webp,1dfa32bf56bf62d7b783fdf276b72de05752c7907f94dfb7add11b9c8bf73fcb,manual,0,498,279,270,9ed81fd579e93af226853592d9671fdb832cba65f9d4e523128e0c80bbb7fd32,False,True
Alien Meow,ROUND_1,1,18,8,後走,Alien Meow/ROUND_1/03_後走/18.webp,1dfa32bf56bf62d7b783fdf276b72de05752c7907f94dfb7add11b9c8bf73fcb,manual,284,509,267,259,f342db87f04661bea3fa43c16e3939e8cc294b83608ea47dfa28fde6d5a8e493,False,True
Alien Meow,ROUND_1,1,19,9,後走,Alien Meow/ROUND_1/03_後走/19.webp,1dfa32bf56bf62d7b783fdf276b72de05752c7907f94dfb7add11b9c8bf73fcb,manual,522,483,229,270,42a0141995cde2259d5ae802fa7f5ea69d62cc1adcb7a36e3af119b0c2c42d94,False,True
Alien Meow,ROUND_1,2,21,1,蹲下,Alien Meow/ROUND_1/04_蹲下/21.webp,306fa5c2f5cee61c894c2bd88f8f06240faf9f73dfb5455f730e3cf0cab39337,detected_or_manifest,0,33,275,199,6f8850903fcd81d8c9b3016a40cc9afdf90d471c1546511309510652f0a289e6,False,False
Alien Meow,ROUND_1,2,22,2,跳躍預備,Alien Meow/ROUND_1/05_跳躍預備/22.webp,306fa5c2f5cee61c894c2bd88f8f06240faf9f73dfb5455f730e3cf0cab39337,detected_or_manifest,262,23,242,228,3194fc9570cb611b66869e95c1c858db614f28d4da275169fd16d3f776f64572,False,False
Alien Meow,ROUND_1,2,23,3,起跳,Alien Meow/ROUND_1/06_起跳/23.webp,306fa5c2f5cee61c894c2bd88f8f06240faf9f73dfb5455f730e3cf0cab39337,manual,519,0,231,289,1e8a4d481eb3b41ec50a9a20583b770f8d7fd8fd3e56cb2d6af53f45c2f13b52,False,True
Alien Meow,ROUND_1,2,24,4,空中上升／頂點,Alien Meow/ROUND_1/07_空中上升_頂點/24.webp,306fa5c2f5cee61c894c2bd88f8f06240faf9f73dfb5455f730e3cf0cab39337,detected_or_manifest,0,240,252,272,c727b26cdc4597d39ef71206a73dd4eb9633fc48b33191b31e7ce6d30ba785e8,False,False
Alien Meow,ROUND_1,2,25,5,下降,Alien Meow/ROUND_1/08_下降/25.webp,306fa5c2f5cee61c894c2bd88f8f06240faf9f73dfb5455f730e3cf0cab39337,manual,257,260,259,252,893f95f49e8af51a08f1c4fd8b6e882bd0a1896eb9caae17e52a75e14c87b983,False,True
Alien Meow,ROUND_1,3,32,2,前衝爆發,Alien Meow/ROUND_1/11_前衝爆發/32.webp,3a31919d873941bd998457af380eb5b99b5353dce4d96f13c5d6e554e4476965,detected_or_manifest,250,0,294,232,f95a59af4660c4a8814d7188cc94e65d5dcb578225dc43c3c819ea5ad0905fc6,False,False
Alien Meow,ROUND_1,3,33,3,前衝煞停,Alien Meow/ROUND_1/12_前衝煞停/33.webp,3a31919d873941bd998457af380eb5b99b5353dce4d96f13c5d6e554e4476965,detected_or_manifest,534,24,234,223,1543d276515aeed393f2e11924ffd0643987f43d1f2fea19afe9965da1bd52c1,False,False
Alien Meow,ROUND_1,4,41,1,輕攻「訊號校正」,Alien Meow/ROUND_1/16_輕攻「訊號校正」/41.webp,664d85e2b6250a133d00d31def6f0f6ad3b950699c5e2107c565ff8bb8166a83,detected_or_manifest,9,0,234,249,266411b9b3cbb17701af3db194ffe8ea1933272ea1f3d7dea4923cba56e5f293,False,False
Alien Meow,ROUND_1,4,42,2,輕攻「訊號校正」,Alien Meow/ROUND_1/16_輕攻「訊號校正」/42.webp,664d85e2b6250a133d00d31def6f0f6ad3b950699c5e2107c565ff8bb8166a83,detected_or_manifest,255,0,249,244,0728253a3307a60e2cdb15efc3e47de0384387876f1a78bf6a79f66ef932cef0,False,False
Alien Meow,ROUND_1,4,43,3,輕攻「訊號校正」,Alien Meow/ROUND_1/16_輕攻「訊號校正」/43.webp,664d85e2b6250a133d00d31def6f0f6ad3b950699c5e2107c565ff8bb8166a83,manual,519,15,228,221,62b5bf4066bb86b367f24e3fc687a6f5481ce1b2588a4c81d4527219e5d5b802,False,True
Alien Meow,ROUND_1,4,44,4,輕攻「訊號校正」,Alien Meow/ROUND_1/16_輕攻「訊號校正」/44.webp,664d85e2b6250a133d00d31def6f0f6ad3b950699c5e2107c565ff8bb8166a83,detected_or_manifest,0,256,256,256,422e5991fc78c75b0107092a52f2255a10d2be4589e11916eb9c337a4241a27d,False,False
Alien Meow,ROUND_1,4,45,5,輕攻「訊號校正」,Alien Meow/ROUND_1/16_輕攻「訊號校正」/45.webp,664d85e2b6250a133d00d31def6f0f6ad3b950699c5e2107c565ff8bb8166a83,detected_or_manifest,256,256,256,256,763dc7dc236af9d4abea6fcea671e4454634982f2b0e22409cc2366d0be1775e,False,False
Alien Meow,ROUND_1,4,46,6,輕攻「訊號校正」,Alien Meow/ROUND_1/16_輕攻「訊號校正」/46.webp,664d85e2b6250a133d00d31def6f0f6ad3b950699c5e2107c565ff8bb8166a83,manual,513,250,230,246,3dc79f6259ec771a2ba99737d9343506475320a6801ddf474623f4a41b47753e,False,True
Alien Meow,ROUND_1,5,52,2,重攻「水平掃描」,Alien Meow/ROUND_1/17_重攻「水平掃描」/52.webp,3e6b488ea21e5cfbebf2f1660f7232fd9e7d726614265ba27e26da8cd649e397,detected_or_manifest,256,0,256,256,4037b46955c5cfb27d28c91e3958b7c9fff542527549b195e6795494a9f70263,False,False
Alien Meow,ROUND_1,5,53,3,重攻「水平掃描」,Alien Meow/ROUND_1/17_重攻「水平掃描」/53.webp,3e6b488ea21e5cfbebf2f1660f7232fd9e7d726614265ba27e26da8cd649e397,detected_or_manifest,512,0,256,256,778dbe156719e1d1c33c6d80722457e406b0c107fa65b283eebc2b856b464f0a,False,False
Alien Meow,ROUND_1,5,54,4,重攻「水平掃描」,Alien Meow/ROUND_1/17_重攻「水平掃描」/54.webp,3e6b488ea21e5cfbebf2f1660f7232fd9e7d726614265ba27e26da8cd649e397,manual,0,246,271,247,2a21ce2647170a4706075c97d386476edb8c9bf20d94c6ae215c01e72c254f4b,False,True
Alien Meow,ROUND_1,5,55,5,重攻「水平掃描」,Alien Meow/ROUND_1/17_重攻「水平掃描」/55.webp,3e6b488ea21e5cfbebf2f1660f7232fd9e7d726614265ba27e26da8cd649e397,manual,269,257,233,233,4c35fb590e06fca0f7cc6a118620bafa2d3e483c43627fe833f491c27128fbde,False,True
Alien Meow,ROUND_1,5,56,6,重攻「水平掃描」,Alien Meow/ROUND_1/17_重攻「水平掃描」/56.webp,3e6b488ea21e5cfbebf2f1660f7232fd9e7d726614265ba27e26da8cd649e397,detected_or_manifest,512,256,256,256,c410bca5419d7299421513149d3ebb126b9d98c96b5ebcb72114b550eaea1d96,False,False
Alien Meow,ROUND_1,6,64,4,下段「地表斷訊脈衝」,Alien Meow/ROUND_1/18_下段「地表斷訊脈衝」/64.webp,e362c9f03d4186d7d3f68d9442ffe2b2f1a2074d8253a42d63f2fe794080f23c,detected_or_manifest,0,259,269,239,d77f8e1230965572756d9fe197a48ddce1fb7dbb4402ccd77bcbd79a71e56fa9,False,False
Alien Meow,ROUND_1,6,65,5,下段「地表斷訊脈衝」,Alien Meow/ROUND_1/18_下段「地表斷訊脈衝」/65.webp,e362c9f03d4186d7d3f68d9442ffe2b2f1a2074d8253a42d63f2fe794080f23c,detected_or_manifest,270,269,247,234,f401f107dc5eafebb20d98a7654a1e3d3ad1be6ba0b9a0a142bc012dca2aa8a9,False,False
Alien Meow,ROUND_1,7,73,3,空中攻擊「空域掃描墜擊」,Alien Meow/ROUND_1/19_空中攻擊「空域掃描墜擊」/73.webp,8dad18e1b81d591cd65311e82bcc0ace9073fb731dc023e9161279d65a8ba1d5,detected_or_manifest,514,47,254,203,fb795e991ad2557b2e607bc53881cb193bfa743f63a35343914721a2b9b001a9,False,False
Alien Meow,ROUND_1,7,74,4,空中攻擊「空域掃描墜擊」,Alien Meow/ROUND_1/19_空中攻擊「空域掃描墜擊」/74.webp,8dad18e1b81d591cd65311e82bcc0ace9073fb731dc023e9161279d65a8ba1d5,detected_or_manifest,0,240,283,261,dc70f6dfe3ab402a4816bc1d6ffa27b909a0ce8556b5283183261f4a6239c59e,False,False
Alien Meow,ROUND_1,7,75,5,空中攻擊「空域掃描墜擊」,Alien Meow/ROUND_1/19_空中攻擊「空域掃描墜擊」/75.webp,8dad18e1b81d591cd65311e82bcc0ace9073fb731dc023e9161279d65a8ba1d5,detected_or_manifest,259,244,262,268,50f15215f6af1dd2a00e3b9f6526e974622a2100f88cbc4fa3d480adfd69f55d,False,False
Alien Meow,ROUND_1,8,81,1,站防「訊號屏障」,Alien Meow/ROUND_1/20_站防「訊號屏障」/81.webp,d18d6adfe5796fcde895c59bc64a77ee22800eab351287fafa19b0fa1710b1e5,detected_or_manifest,0,0,256,256,6c422eb1c897581ad4ec9f1181d2dad03340cf436b48200512e2679749e3e8b7,False,False
Alien Meow,ROUND_1,8,82,2,站防硬直,Alien Meow/ROUND_1/21_站防硬直/82.webp,d18d6adfe5796fcde895c59bc64a77ee22800eab351287fafa19b0fa1710b1e5,detected_or_manifest,256,0,256,256,f048711091b4f6bb07d2b2cd0076580954d20fa12eb750e645a84cdf523976f7,False,False
Alien Meow,ROUND_1,8,83,3,站防恢復,Alien Meow/ROUND_1/22_站防恢復/83.webp,d18d6adfe5796fcde895c59bc64a77ee22800eab351287fafa19b0fa1710b1e5,detected_or_manifest,512,0,256,256,cc10cdd99b1ac423df03bf022eab66d10828792191a4283e76fef353681e071f,False,False
Alien Meow,ROUND_1,8,84,4,蹲防「訊號屏障」,Alien Meow/ROUND_1/23_蹲防「訊號屏障」/84.webp,d18d6adfe5796fcde895c59bc64a77ee22800eab351287fafa19b0fa1710b1e5,manual,0,285,250,203,f7b112ffc72d2524bfbfc2b165859ae47ba097c2ca8f207166a9f727eaec1c11,False,True
Alien Meow,ROUND_1,8,85,5,蹲防硬直,Alien Meow/ROUND_1/24_蹲防硬直/85.webp,d18d6adfe5796fcde895c59bc64a77ee22800eab351287fafa19b0fa1710b1e5,manual,256,313,261,160,4633a892ad1b7bca9056a3d8b3bc055fbc80c456ee6f73e90447195794bfc2c3,False,True
Alien Meow,ROUND_1,8,86,6,蹲防恢復,Alien Meow/ROUND_1/25_蹲防恢復/86.webp,d18d6adfe5796fcde895c59bc64a77ee22800eab351287fafa19b0fa1710b1e5,manual,519,324,249,165,cf3582011494dffd993539b68ffe05f10f88af90736b5cd77d8e362bd1693aa4,False,True
Alien Meow,ROUND_1,8,87,7,上段受擊,Alien Meow/ROUND_1/26_上段受擊/87.webp,d18d6adfe5796fcde895c59bc64a77ee22800eab351287fafa19b0fa1710b1e5,manual,0,495,261,273,980a98b00ecfc3efb8aba90d67d34857c693305730ed1b8afb564e771a49129e,False,True
Alien Meow,ROUND_1,8,88,8,中段受擊,Alien Meow/ROUND_1/27_中段受擊/88.webp,d18d6adfe5796fcde895c59bc64a77ee22800eab351287fafa19b0fa1710b1e5,manual,266,492,243,276,e2067a8d97a1ae3b60d839e6b78812004a5cb27d3f06bc61f5c1c665a5cd2048,False,True
Alien Meow,ROUND_1,8,89,9,下段受擊,Alien Meow/ROUND_1/28_下段受擊/89.webp,d18d6adfe5796fcde895c59bc64a77ee22800eab351287fafa19b0fa1710b1e5,manual,520,501,245,267,c0e40a95946febba46ee501ec4d36fa49faf9031776adbd3fa2d512fd7d464df,False,True
Alien Meow,ROUND_1,9,91,1,輕攻天線命中火花,Alien Meow/ROUND_1/29_輕攻天線命中火花/91.webp,1f1b67545557b78147730800b657143a6b80635386ec84f50494ad33b1baecae,detected_or_manifest,0,0,256,256,42b8354d6bbe14bfb9c5df7c120422ccf1193776065716d466cf6b5b6dd960e2,False,False
Alien Meow,ROUND_1,9,92,2,輕攻 Pushback 特效,Alien Meow/ROUND_1/30_輕攻_Pushback_特效/92.webp,1f1b67545557b78147730800b657143a6b80635386ec84f50494ad33b1baecae,detected_or_manifest,256,0,256,256,1ca546555131796a5c8d6546e695a75444e09229f8571946522c07b78620ae53,False,False
Alien Meow,ROUND_1,9,93,3,重攻掃描發射閘,Alien Meow/ROUND_1/31_重攻掃描發射閘/93.webp,1f1b67545557b78147730800b657143a6b80635386ec84f50494ad33b1baecae,detected_or_manifest,512,0,256,256,21780435521781c28c1209d184b6f762077fe9270dd2e7dd4cbe6e9af961455b,False,False
Alien Meow,ROUND_1,9,94,4,「水平掃描」主掃描波,Alien Meow/ROUND_1/32_「水平掃描」主掃描波/94.webp,1f1b67545557b78147730800b657143a6b80635386ec84f50494ad33b1baecae,detected_or_manifest,0,256,256,256,5d2134f8f299f1080b200892ad912743e1e4f2027fdeb6ab1d109963f60572f3,False,False
Alien Meow,ROUND_1,9,95,5,重攻命中爆訊號,Alien Meow/ROUND_1/33_重攻命中爆訊號/95.webp,1f1b67545557b78147730800b657143a6b80635386ec84f50494ad33b1baecae,manual,261,297,249,165,5d520804fa899da2c4fba86d65f9c1e3a10908a2364ca29865fbef8628a8ff43,False,True
Alien Meow,ROUND_1,9,96,6,「地表斷訊脈衝」地面波,Alien Meow/ROUND_1/34_「地表斷訊脈衝」地面波/96.webp,1f1b67545557b78147730800b657143a6b80635386ec84f50494ad33b1baecae,manual,517,360,251,114,b3c8bb114cc0101d29c8e1b5e9d078c4cfefbaa84b8699bc5223b803cd721405,False,True
Alien Meow,ROUND_1,9,97,7,地面波 Counter Hit 推退特效,Alien Meow/ROUND_1/35_地面波_Counter_Hit_推退特效/97.webp,1f1b67545557b78147730800b657143a6b80635386ec84f50494ad33b1baecae,manual,0,541,264,226,5e920e433ab2a552e99e6e78fd4d71f31b6624bec474491348a79a231b475652,False,True
Alien Meow,ROUND_1,9,98,8,空域掃描前向扇形波,Alien Meow/ROUND_1/36_空域掃描前向扇形波/98.webp,1f1b67545557b78147730800b657143a6b80635386ec84f50494ad33b1baecae,manual,270,502,241,233,743d3fe557297975962f28293de7123347fa0ec639c3f2b46eef6e8529c269ee,False,True
Alien Meow,ROUND_1,9,99,9,空域掃描斜下扇形波,Alien Meow/ROUND_1/37_空域掃描斜下扇形波/99.webp,1f1b67545557b78147730800b657143a6b80635386ec84f50494ad33b1baecae,manual,533,519,235,249,ebdb5d50c7e9c41ff4c630342c66685387b281b08dd26ec3fa88b4d0bc8a962f,False,True
Alien Meow,ROUND_2,1,11,1,投技「UFO 回收程序」,Alien Meow/ROUND_2/01_投技「UFO_回收程序」/11.webp,4e4533ac2ed257c9d6f8f4cb3be66ff00e86ccca6dc8aa896c63a2a6052f02c5,detected_or_manifest,0,66,267,316,4b4730fc21b71eebc25f53f5412e9c779cbabfcec6fedcac211aedd91e6c0914,False,False
Alien Meow,ROUND_2,1,13,3,投技「UFO 回收程序」,Alien Meow/ROUND_2/01_投技「UFO_回收程序」/13.webp,4e4533ac2ed257c9d6f8f4cb3be66ff00e86ccca6dc8aa896c63a2a6052f02c5,detected_or_manifest,535,0,233,387,060c51fa1f24afbc49d01ecd0f7c8117de55834c7ebd51b801f7bdf8f4a25d03,False,False
Alien Meow,ROUND_2,1,14,4,投技「UFO 回收程序」,Alien Meow/ROUND_2/01_投技「UFO_回收程序」/14.webp,4e4533ac2ed257c9d6f8f4cb3be66ff00e86ccca6dc8aa896c63a2a6052f02c5,detected_or_manifest,0,384,256,384,9ce6c4638086281a1e2f1832b2b787eac81ec4c89e29291b6bd1ca3400ffa94e,False,False
Alien Meow,ROUND_2,1,15,5,投技「UFO 回收程序」,Alien Meow/ROUND_2/01_投技「UFO_回收程序」/15.webp,4e4533ac2ed257c9d6f8f4cb3be66ff00e86ccca6dc8aa896c63a2a6052f02c5,detected_or_manifest,256,384,256,384,1f8db3e933e7e0d9cfd5a36aadd4e1fcbd0bb51f2da5ea066989cdcaf623ff37,False,False
Alien Meow,ROUND_2,2,21,1,被抓反應,Alien Meow/ROUND_2/02_被抓反應/21.webp,a7c225590f4257d93fb93fbe63acab65f7229f1a4a160b21d8585d35ea4ee9d1,manual,0,0,272,300,a241c36cdb0be719c26f6a7eb0b76fac52d8cac2e6e04a19861a85f706a3c3c3,False,True
Alien Meow,ROUND_2,2,22,2,被摔飛,Alien Meow/ROUND_2/03_被摔飛/22.webp,a7c225590f4257d93fb93fbe63acab65f7229f1a4a160b21d8585d35ea4ee9d1,manual,260,13,281,205,7376cde4680ffbc7554e7368baba0de86e3df84d6077d2475a7f211e8cd3345d,False,True
Alien Meow,ROUND_2,2,23,3,倒地撞擊,Alien Meow/ROUND_2/04_倒地撞擊/23.webp,a7c225590f4257d93fb93fbe63acab65f7229f1a4a160b21d8585d35ea4ee9d1,manual,525,113,243,157,3da24167ec22ebff8e8d364a3cc9e7f92eb663914ebc339ed21b8a0de7ed1e93,False,True
Alien Meow,ROUND_2,2,24,4,倒地 Hold,Alien Meow/ROUND_2/05_倒地_Hold/24.webp,a7c225590f4257d93fb93fbe63acab65f7229f1a4a160b21d8585d35ea4ee9d1,manual,0,314,279,163,081077b72157b126eea9fc09afe757e26900329877c2c60776b634a9a28ffdc0,False,True
Alien Meow,ROUND_2,2,25,5,起身開始,Alien Meow/ROUND_2/06_起身開始/25.webp,a7c225590f4257d93fb93fbe63acab65f7229f1a4a160b21d8585d35ea4ee9d1,manual,277,249,245,230,68658dbe6c2e3576478ebcd27d8071914a47b6ed59885e52d51b5e35c07b42de,False,True
Alien Meow,ROUND_2,2,26,6,低姿起身,Alien Meow/ROUND_2/07_低姿起身/26.webp,a7c225590f4257d93fb93fbe63acab65f7229f1a4a160b21d8585d35ea4ee9d1,manual,530,288,238,208,1127d5adfae2727ff0d12e1c7f2d815fc54a4c0e287c60157d47be471c77eb00,False,True
Alien Meow,ROUND_2,2,27,7,完全起身,Alien Meow/ROUND_2/08_完全起身/27.webp,a7c225590f4257d93fb93fbe63acab65f7229f1a4a160b21d8585d35ea4ee9d1,manual,0,495,231,273,8ac1a2c633081c41da054770eacc1978e0950dba3055d3f3f66bb086e5fd5b9a,False,True
Alien Meow,ROUND_2,2,28,8,KO 倒下,Alien Meow/ROUND_2/09_KO_倒下/28.webp,a7c225590f4257d93fb93fbe63acab65f7229f1a4a160b21d8585d35ea4ee9d1,manual,232,485,289,283,51d9f3cfe64c21a53d31365fd8922677240d116ec85e9352121d0fac423772f8,False,True
Alien Meow,ROUND_2,2,29,9,KO Hold,Alien Meow/ROUND_2/10_KO_Hold/29.webp,a7c225590f4257d93fb93fbe63acab65f7229f1a4a160b21d8585d35ea4ee9d1,manual,512,546,256,212,cab5627cd07883186cad0721f4cd3b15ee1aec195a15fc0d5b7c71eac628bea9,False,True
Alien Meow,ROUND_2,3,31,1,開始蓄力,Alien Meow/ROUND_2/11_開始蓄力/31.webp,1ed73c3cc4fc7a3998ad3d47b33437599c15850e3f1f6a2442f8962890f9c009,detected_or_manifest,0,0,256,384,58096906181c5b68afce55853d2b72a2834db28a35c969306d564b59a4617f71,False,False
Alien Meow,ROUND_2,3,32,2,蓄力維持,Alien Meow/ROUND_2/12_蓄力維持/32.webp,1ed73c3cc4fc7a3998ad3d47b33437599c15850e3f1f6a2442f8962890f9c009,detected_or_manifest,256,0,256,384,1d15db23dd729cdb138794a0a708cd24972e6136a77a5835499573163b6088a9,False,False
Alien Meow,ROUND_2,3,33,3,高蓄力,Alien Meow/ROUND_2/13_高蓄力/33.webp,1ed73c3cc4fc7a3998ad3d47b33437599c15850e3f1f6a2442f8962890f9c009,detected_or_manifest,526,15,242,366,f904a04a15247f3b689bdf97933e8996d46e31346e6e5360ec6177da082145f0,False,False
Alien Meow,ROUND_2,3,34,4,掃描波釋放,Alien Meow/ROUND_2/14_掃描波釋放/34.webp,1ed73c3cc4fc7a3998ad3d47b33437599c15850e3f1f6a2442f8962890f9c009,manual,0,424,307,300,2e0f18c23f8fc1d274defe64a7d80d85042653d27bbd9ee5f3426a1ef21f860d,False,True
Alien Meow,ROUND_2,3,35,5,發射後座,Alien Meow/ROUND_2/15_發射後座/35.webp,1ed73c3cc4fc7a3998ad3d47b33437599c15850e3f1f6a2442f8962890f9c009,manual,306,431,238,319,8796ef9d0738eb897adeaf474f627a166a547b1ee618b74005c3ec48a854109c,False,True
Alien Meow,ROUND_2,3,36,6,收招,Alien Meow/ROUND_2/16_收招/36.webp,1ed73c3cc4fc7a3998ad3d47b33437599c15850e3f1f6a2442f8962890f9c009,manual,536,395,222,356,97ce8d1c2e562e33b26f198cd79fcc12a00b3602eb464eeceb6bae0315eb065e,False,True
Alien Meow,ROUND_2,4,41,1,Lv1「局部掃描」,Alien Meow/ROUND_2/17_Lv1「局部掃描」/41.webp,66d0a134077544ea24f84e0ce9a7c22278980bd81f26ad410d8d43965e209193,detected_or_manifest,0,0,256,256,c8efd0b9f489154f7c3799376330e496fc71a01c496388717abdb7aeea6f068c,False,False
Alien Meow,ROUND_2,4,42,2,Lv1「局部掃描」,Alien Meow/ROUND_2/17_Lv1「局部掃描」/42.webp,66d0a134077544ea24f84e0ce9a7c22278980bd81f26ad410d8d43965e209193,manual,220,54,306,178,0324c73f60bc3c484c62e6d12d2ac93465ff8e29bc447fc361be48d53f788a44,False,True
Alien Meow,ROUND_2,4,43,3,Lv1「局部掃描」,Alien Meow/ROUND_2/17_Lv1「局部掃描」/43.webp,66d0a134077544ea24f84e0ce9a7c22278980bd81f26ad410d8d43965e209193,manual,526,0,242,246,68116bffaea0f9d84d1cfe5124f2966228f263d7d5ed8bb8264009532da8e602,False,True
Alien Meow,ROUND_2,4,44,4,Lv2「廣域掃描」,Alien Meow/ROUND_2/18_Lv2「廣域掃描」/44.webp,66d0a134077544ea24f84e0ce9a7c22278980bd81f26ad410d8d43965e209193,manual,19,267,212,198,2aacc360938f27760cb4ccf41aa5610734e49da6c9da395a5b80dbe4c5058d08,False,True
Alien Meow,ROUND_2,4,45,5,Lv2「廣域掃描」,Alien Meow/ROUND_2/18_Lv2「廣域掃描」/45.webp,66d0a134077544ea24f84e0ce9a7c22278980bd81f26ad410d8d43965e209193,manual,239,284,295,176,4ef44e1940bd48d22d73e0c68577f676931ab106d09af00eddfbe8a465a50c45,False,True
Alien Meow,ROUND_2,4,46,6,Lv2「廣域掃描」,Alien Meow/ROUND_2/18_Lv2「廣域掃描」/46.webp,66d0a134077544ea24f84e0ce9a7c22278980bd81f26ad410d8d43965e209193,manual,512,262,256,216,09363d848db73b312fda7197e4dfbf44a55c76d90b2ee5601bf2f8c6242c2eef,False,True
Alien Meow,ROUND_2,4,47,7,Lv3「全頻率斷訊」,Alien Meow/ROUND_2/19_Lv3「全頻率斷訊」/47.webp,66d0a134077544ea24f84e0ce9a7c22278980bd81f26ad410d8d43965e209193,manual,0,496,337,272,d474aa20bd189ce252f74010258cfc6b0899d893e8cc27abe39807f5d175ce92,False,True
Alien Meow,ROUND_2,4,48,8,Lv3「全頻率斷訊」,Alien Meow/ROUND_2/19_Lv3「全頻率斷訊」/48.webp,66d0a134077544ea24f84e0ce9a7c22278980bd81f26ad410d8d43965e209193,manual,337,500,226,246,5af7d5ab52b9d4569dd9634f89ea688a26c5a5f3fca72b505867f30994318dc8,False,True
Alien Meow,ROUND_2,4,49,9,Signal Mark,Alien Meow/ROUND_2/20_Signal_Mark/49.webp,66d0a134077544ea24f84e0ce9a7c22278980bd81f26ad410d8d43965e209193,manual,578,519,190,192,888ac8bb762dd05138bd68e64219b59af28ea94d76462de132fcd2019ce454c7,False,True
Alien Meow,ROUND_2,5,51,1,UFO 進場,Alien Meow/ROUND_2/21_UFO_進場/51.webp,06f3b8323f5604df9cd8e784df041f3a13b7020eb22a502635e5958677329093,manual,65,11,265,170,739589e4c603a9d9fc544bbdbdebc04ee00c9f734e09a25138d5eadfd7b13f16,False,True
Alien Meow,ROUND_2,5,52,2,Tractor Beam 鎖定,Alien Meow/ROUND_2/22_Tractor_Beam_鎖定/52.webp,06f3b8323f5604df9cd8e784df041f3a13b7020eb22a502635e5958677329093,manual,289,81,223,320,6711fd0b73e2b61bdb44a2e092972d89ad7ee3861ba8b9edcf7f0bc8e57461aa,False,True
Alien Meow,ROUND_2,5,53,3,把對手吸起,Alien Meow/ROUND_2/23_把對手吸起/53.webp,06f3b8323f5604df9cd8e784df041f3a13b7020eb22a502635e5958677329093,manual,485,12,274,391,fad6fe600c7c03be6aa661d59704795c7a87e9b5fb806249f77c1ab48cf31b8b,False,True
Alien Meow,ROUND_2,5,54,4,UFO 往另一側移動,Alien Meow/ROUND_2/24_UFO_往另一側移動/54.webp,06f3b8323f5604df9cd8e784df041f3a13b7020eb22a502635e5958677329093,manual,0,393,288,375,fd4ecf28c18ae2cb59df681467bf7d988937f26abb282dfc6d9f4d05bff0718a,False,True
Alien Meow,ROUND_2,5,55,5,後方釋放對手,Alien Meow/ROUND_2/25_後方釋放對手/55.webp,06f3b8323f5604df9cd8e784df041f3a13b7020eb22a502635e5958677329093,manual,264,437,240,316,91cea7f13233af7b271021e07bb56c1c5e59c3b0d7dc5ad829b21552bb586499,False,True
Alien Meow,ROUND_2,5,56,6,UFO 離場,Alien Meow/ROUND_2/26_UFO_離場/56.webp,06f3b8323f5604df9cd8e784df041f3a13b7020eb22a502635e5958677329093,manual,507,422,261,306,440970be42a01ac57b122ba56d2f813ec1d95c9a06320c38f341c2c9f7efe98d,False,True
Alien Meow,ROUND_2,6,61,1,Ultimate 啟動,Alien Meow/ROUND_2/27_Ultimate_啟動/61.webp,0530e71ca3e4a63904cdba30c6c64dcc6dee6a54124f71c181fdc091d7e97185,detected_or_manifest,0,0,256,384,ad67f0942d7dd431b37c2ea63c4d7423c7d33071b66d052c51cb32f5c35dca71,False,False
Alien Meow,ROUND_2,6,62,2,系統啟動／天線升頻,Alien Meow/ROUND_2/28_系統啟動_天線升頻/62.webp,0530e71ca3e4a63904cdba30c6c64dcc6dee6a54124f71c181fdc091d7e97185,manual,253,29,251,384,c5b24bbebad690ac6a0feb0af67283fec32132aef8da90ff8b2e56358af418e2,False,True
Alien Meow,ROUND_2,6,63,3,初始掃描命令,Alien Meow/ROUND_2/29_初始掃描命令/63.webp,0530e71ca3e4a63904cdba30c6c64dcc6dee6a54124f71c181fdc091d7e97185,manual,504,24,264,361,e6069c65981c173545b09ef8f09df4e142fb3ff72da360e2e28a91140e220418,False,True
Alien Meow,ROUND_2,6,64,4,記錄對手當下位置,Alien Meow/ROUND_2/30_記錄對手當下位置/64.webp,0530e71ca3e4a63904cdba30c6c64dcc6dee6a54124f71c181fdc091d7e97185,manual,0,398,255,355,eb6cf91bdd74d5a919fe42c981a336297374da90aa478ca622dd3e8e33819dfc,False,True
Alien Meow,ROUND_2,6,65,5,固定座標轟炸命令,Alien Meow/ROUND_2/31_固定座標轟炸命令/65.webp,0530e71ca3e4a63904cdba30c6c64dcc6dee6a54124f71c181fdc091d7e97185,manual,258,418,277,342,c969faa446b6f7284649c7105debd26c70ba8e421039f60433fd94c41e00ddb1,False,True
Alien Meow,ROUND_2,6,66,6,Alien 恢復戰鬥姿勢,Alien Meow/ROUND_2/32_Alien_恢復戰鬥姿勢/66.webp,0530e71ca3e4a63904cdba30c6c64dcc6dee6a54124f71c181fdc091d7e97185,manual,531,391,231,343,350874b7855a8a2483cac33c6062dc05b8cd7cd9ae1620f0aeb2ae9ddf8167f6,False,True
Alien Meow,ROUND_2,7,71,1,初始大範圍掃描,Alien Meow/ROUND_2/33_初始大範圍掃描/71.webp,7d1c57c17fb179b4c8b538addf89d19149dcd3671baccf76432015077c21e0e8,manual,13,10,240,260,f0d6197cac575003dc2f2a07bbd3b4f1d41a5aa4e132a9dff73c9e7381773b02,False,True
Alien Meow,ROUND_2,7,72,2,Acquisition 掃描,Alien Meow/ROUND_2/34_Acquisition_掃描/72.webp,7d1c57c17fb179b4c8b538addf89d19149dcd3671baccf76432015077c21e0e8,manual,264,26,264,248,2070ed0c5c674f0fee9ded91c45da75c5d10caf88641e8209e86a1b6b46b8da8,False,True
Alien Meow,ROUND_2,7,73,3,記錄位置脈衝,Alien Meow/ROUND_2/35_記錄位置脈衝/73.webp,7d1c57c17fb179b4c8b538addf89d19149dcd3671baccf76432015077c21e0e8,manual,512,12,256,265,7eb4687eb4fc61247a6b249ccba4401b5c0f9ff3cd6120161ffb717c07c6c450,False,True
Alien Meow,ROUND_2,7,74,4,Position Lock 淡色地面圈,Alien Meow/ROUND_2/36_Position_Lock_淡色地面圈/74.webp,7d1c57c17fb179b4c8b538addf89d19149dcd3671baccf76432015077c21e0e8,manual,0,290,250,254,e657ddbc030d6d5ede528c7c3ccc590494f1ddd2e5cb475325b4159235bb15d5,False,True
Alien Meow,ROUND_2,7,75,5,Position Lock 啟動,Alien Meow/ROUND_2/37_Position_Lock_啟動/75.webp,7d1c57c17fb179b4c8b538addf89d19149dcd3671baccf76432015077c21e0e8,manual,256,294,256,209,be1a44d54fd91713f04737d3350c01ff8f668c4049163e2a3d36c8940983cb0d,False,True
Alien Meow,ROUND_2,7,76,6,Position Lock 即將轟炸警告,Alien Meow/ROUND_2/38_Position_Lock_即將轟炸警告/76.webp,7d1c57c17fb179b4c8b538addf89d19149dcd3671baccf76432015077c21e0e8,manual,503,287,265,222,fd9b19a02c2f78a8b87d6a17bd5c1d9b6ec39eb6641327b24341bf26b98765d0,False,True
Alien Meow,ROUND_2,7,77,7,Signal Mark 快速鎖定特效,Alien Meow/ROUND_2/39_Signal_Mark_快速鎖定特效/77.webp,7d1c57c17fb179b4c8b538addf89d19149dcd3671baccf76432015077c21e0e8,manual,11,538,237,195,41003a81c7f92fa3d44b5fe859ab42614647787b3c5104a517406189fbdfb44a,False,True
Alien Meow,ROUND_2,7,78,8,座標鎖定確認,Alien Meow/ROUND_2/40_座標鎖定確認/78.webp,7d1c57c17fb179b4c8b538addf89d19149dcd3671baccf76432015077c21e0e8,manual,243,508,258,260,b93a2c2926521a092ce48d2e3c0df0b4fe148d198e202913d84e77f1d2f50b0e,False,True
Alien Meow,ROUND_2,7,79,9,Lock 消散,Alien Meow/ROUND_2/41_Lock_消散/79.webp,7d1c57c17fb179b4c8b538addf89d19149dcd3671baccf76432015077c21e0e8,manual,517,521,251,233,3ab9fba8dc4588909df8b82f3cedcb9fa4fdacf1649cf866b7b06e7b2b4ed4c5,False,True
Alien Meow,ROUND_2,8,81,1,轟炸前垂直訊號線,Alien Meow/ROUND_2/42_轟炸前垂直訊號線/81.webp,09a693efde019ab9f76c97b75e823fc3ee8a4bd6f460c925a4a51413b7ca9173,manual,2,0,232,262,3630d1f8e23c758c6ab03ceb5325560dca322f036c45478d436e682e7cabd30f,False,True
Alien Meow,ROUND_2,8,82,2,能量柱開始下降,Alien Meow/ROUND_2/43_能量柱開始下降/82.webp,09a693efde019ab9f76c97b75e823fc3ee8a4bd6f460c925a4a51413b7ca9173,manual,264,0,210,258,6f7bae5de764f30032eb58332f35d504637da14b3322992792268b89b61cabdf,False,True
Alien Meow,ROUND_2,8,83,3,主能量柱下降,Alien Meow/ROUND_2/44_主能量柱下降/83.webp,09a693efde019ab9f76c97b75e823fc3ee8a4bd6f460c925a4a51413b7ca9173,manual,558,0,179,257,dac26342c1c0aa7d3ee6960dc550b80d3f728956d330a26e27819139616195f0,False,True
Alien Meow,ROUND_2,8,84,4,地面接觸閃光,Alien Meow/ROUND_2/45_地面接觸閃光/84.webp,09a693efde019ab9f76c97b75e823fc3ee8a4bd6f460c925a4a51413b7ca9173,manual,17,268,226,242,b5208b59ec9fb604d48c6cd557742626ef0fd5c28edd02cfaa1c74dd4e7bbccc,False,True
Alien Meow,ROUND_2,8,85,5,固定位置轟炸 Active,Alien Meow/ROUND_2/46_固定位置轟炸_Active/85.webp,09a693efde019ab9f76c97b75e823fc3ee8a4bd6f460c925a4a51413b7ca9173,manual,255,255,251,252,e2a22bcfb3eeabea2067f9a3a8531f1d4a5d28448f4b7d213384fa88bfe36a2c,False,True
Alien Meow,ROUND_2,8,86,6,轟炸持續,Alien Meow/ROUND_2/47_轟炸持續/86.webp,09a693efde019ab9f76c97b75e823fc3ee8a4bd6f460c925a4a51413b7ca9173,manual,529,253,239,265,3c0daddacae09867409f50d0400d55a19b6cddcfb1db74a03fc5820f569a0ed8,False,True
Alien Meow,ROUND_2,8,87,7,能量柱收縮,Alien Meow/ROUND_2/48_能量柱收縮/87.webp,09a693efde019ab9f76c97b75e823fc3ee8a4bd6f460c925a4a51413b7ca9173,manual,0,503,247,259,6eed05f61255f08d87470ecde9f05e3c8cfaa80f82744a67cdb704c4114355cb,False,True
Alien Meow,ROUND_2,8,88,8,命中殘留訊號,Alien Meow/ROUND_2/49_命中殘留訊號/88.webp,09a693efde019ab9f76c97b75e823fc3ee8a4bd6f460c925a4a51413b7ca9173,manual,258,512,259,256,d5e17738b47da01b21a8e2a834ef1535463eb88ab60f319b2974aea1cde5b71d,False,True
Alien Meow,ROUND_2,8,89,9,完全消散,Alien Meow/ROUND_2/50_完全消散/89.webp,09a693efde019ab9f76c97b75e823fc3ee8a4bd6f460c925a4a51413b7ca9173,manual,516,544,252,224,802c6e5871f98bf4e71a502e4b2e556be5cd37737d4eb0da8b6e82fc76d20933,False,True
Doge,ROUND_1,1,11,1,Idle,Doge/ROUND_1/01_Idle/11.webp,6af38c442cff7544d3f27c2b3cded46f36a9d783d3f0f3cb537bc2eb20c9e252,detected_or_manifest,3,0,217,254,177c5935d3965db9bbe19b95820f7c5ffa9331e6fe17461da5ecd7aa3a4b7c74,False,False
Doge,ROUND_1,1,12,2,Idle,Doge/ROUND_1/01_Idle/12.webp,6af38c442cff7544d3f27c2b3cded46f36a9d783d3f0f3cb537bc2eb20c9e252,detected_or_manifest,256,0,256,256,858bf1c9f1e88e6ab2deab2b2a51d37d9a4a0316ed4581489715b7d448da6db3,False,False
Doge,ROUND_1,1,14,4,Walk_Forward,Doge/ROUND_1/02_Walk_Forward/14.webp,6af38c442cff7544d3f27c2b3cded46f36a9d783d3f0f3cb537bc2eb20c9e252,manual,33,250,241,247,edd80ba67fbe6ab6035af60422383df4acc1fb7fa48f2fc4981a03cb6760f218,False,True
Doge,ROUND_1,1,15,5,Walk_Forward,Doge/ROUND_1/02_Walk_Forward/15.webp,6af38c442cff7544d3f27c2b3cded46f36a9d783d3f0f3cb537bc2eb20c9e252,manual,282,250,235,262,1403e289f2d8a74a5e33d09a1faa66d2bb8ee344a78d17dfed9228d4aca5b10b,False,True
Doge,ROUND_1,1,16,6,Walk_Forward,Doge/ROUND_1/02_Walk_Forward/16.webp,6af38c442cff7544d3f27c2b3cded46f36a9d783d3f0f3cb537bc2eb20c9e252,manual,524,249,229,263,c965064be1a76a31b638ceb051bb542265d9908ec466f25cbe6494487b26ff69,False,True
Doge,ROUND_1,2,21,1,Walk_Backward,Doge/ROUND_1/03_Walk_Backward/21.webp,eefea8ac441ea1064c41007d70d31dc391d483c76ad031aa9914f2b94e372da3,manual,16,3,252,278,d0cbb968862993aa144cdc006881225d968bf0414540ae85996be3781db50691,False,True
Doge,ROUND_1,2,22,2,Walk_Backward,Doge/ROUND_1/03_Walk_Backward/22.webp,eefea8ac441ea1064c41007d70d31dc391d483c76ad031aa9914f2b94e372da3,detected_or_manifest,256,0,256,256,477b75326bd38dc7f67c467b4fe12a7e43a13a21436071ef6e5f9c9eea65cfa4,False,False
Doge,ROUND_1,2,23,3,Walk_Backward,Doge/ROUND_1/03_Walk_Backward/23.webp,eefea8ac441ea1064c41007d70d31dc391d483c76ad031aa9914f2b94e372da3,manual,499,5,241,247,bf936a665f1e4f34eedceb94344bf7fd6640fafbcb1db0d27c248006c94f1b38,False,True
Doge,ROUND_1,2,24,4,Crouch,Doge/ROUND_1/04_Crouch/24.webp,eefea8ac441ea1064c41007d70d31dc391d483c76ad031aa9914f2b94e372da3,manual,5,281,288,211,ddebf8bff790ba583851525f88e8ba1a1e7eb924ada044d4a9155ca7c52ec0ad,False,True
Doge,ROUND_1,2,25,5,Jump,Doge/ROUND_1/05_Jump/25.webp,eefea8ac441ea1064c41007d70d31dc391d483c76ad031aa9914f2b94e372da3,manual,270,285,239,224,927e8991636ab30f762b12b6e8ac8d029883ce94a6052403da609cc2a17fdfad,False,True
Doge,ROUND_1,2,26,6,Jump,Doge/ROUND_1/05_Jump/26.webp,eefea8ac441ea1064c41007d70d31dc391d483c76ad031aa9914f2b94e372da3,manual,542,250,175,270,55c1de222145c3594e8f6b3caa96fdbc4cd935441bcd357cf03dd38072989a33,False,True
Doge,ROUND_1,2,27,7,Jump,Doge/ROUND_1/05_Jump/27.webp,eefea8ac441ea1064c41007d70d31dc391d483c76ad031aa9914f2b94e372da3,manual,0,491,281,239,a3de26b363befae8e553c086d5ab937f5ec5eb169225f39b79e5ed70b8f0fe38,False,True
Doge,ROUND_1,2,28,8,Jump,Doge/ROUND_1/05_Jump/28.webp,eefea8ac441ea1064c41007d70d31dc391d483c76ad031aa9914f2b94e372da3,manual,255,515,252,253,8087d92d11f53cf7e558197bbd191a7c0367b83c5c348fdb5cf39050be81a1fb,False,True
Doge,ROUND_1,2,29,9,Landing,Doge/ROUND_1/06_Landing/29.webp,eefea8ac441ea1064c41007d70d31dc391d483c76ad031aa9914f2b94e372da3,manual,538,582,224,186,32d7f2efcd89872da6375452df47f12906b758ea0f8463a1c15e5e5765e7b549,False,True
Doge,ROUND_1,3,32,2,Light_Paw_Slap,Doge/ROUND_1/07_Light_Paw_Slap/32.webp,dd3b28b53c05df618825ec65ae5b1596c546fef68cbb1aac9b696cbaf4b2bd79,detected_or_manifest,256,0,256,256,ead5a1e61083843699ae9e0a18327d5ec904ee251871d8444e2d0880b8202de6,False,False
Doge,ROUND_1,3,34,4,Light_Paw_Slap,Doge/ROUND_1/07_Light_Paw_Slap/34.webp,dd3b28b53c05df618825ec65ae5b1596c546fef68cbb1aac9b696cbaf4b2bd79,detected_or_manifest,0,256,256,256,3b8acfe80bae389b926e26b562786c212f2e17fc49b28e42ec199b1653e078b7,False,False
Doge,ROUND_1,3,35,5,Light_Paw_Slap,Doge/ROUND_1/07_Light_Paw_Slap/35.webp,dd3b28b53c05df618825ec65ae5b1596c546fef68cbb1aac9b696cbaf4b2bd79,manual,295,259,228,253,93ad653ebbd6a7a05055ff3e54e71f80910b61df145574f917234e116b686585,False,True
Doge,ROUND_1,3,36,6,Light_Paw_Slap,Doge/ROUND_1/07_Light_Paw_Slap/36.webp,dd3b28b53c05df618825ec65ae5b1596c546fef68cbb1aac9b696cbaf4b2bd79,detected_or_manifest,531,249,211,263,7e9806a2022d38606ad46ddbf6288ab604b0959ca78ac6273d8c4b4873200ba8,False,False
Doge,ROUND_1,4,41,1,Heavy_Serious_Punch,Doge/ROUND_1/08_Heavy_Serious_Punch/41.webp,e16a9e42d3ecc06faf045da5b2e6c953c27bdf7f08f5a5dbc79c9d2b3a82fcb3,detected_or_manifest,0,0,256,256,6e799240ebc15c53d042b8c4e012da7c857313475f5d8aa854bf13adc74669f4,False,False
Doge,ROUND_1,4,42,2,Heavy_Serious_Punch,Doge/ROUND_1/08_Heavy_Serious_Punch/42.webp,e16a9e42d3ecc06faf045da5b2e6c953c27bdf7f08f5a5dbc79c9d2b3a82fcb3,detected_or_manifest,263,0,226,253,90ef352d4b192197f1f95060be236ae2d3212e1ae934afacfad7814b5b7133ea,False,False
Doge,ROUND_1,4,43,3,Heavy_Serious_Punch,Doge/ROUND_1/08_Heavy_Serious_Punch/43.webp,e16a9e42d3ecc06faf045da5b2e6c953c27bdf7f08f5a5dbc79c9d2b3a82fcb3,detected_or_manifest,505,0,263,277,eb87b742654741872e5243f0647194f34c63f9379c8a48d2582aff032a18d83a,False,False
Doge,ROUND_1,4,44,4,Heavy_Serious_Punch,Doge/ROUND_1/08_Heavy_Serious_Punch/44.webp,e16a9e42d3ecc06faf045da5b2e6c953c27bdf7f08f5a5dbc79c9d2b3a82fcb3,manual,9,242,267,256,0a871b0926d3be4bc293c15e562bbebdb88d11819d20d096bb6239c1b1941c2b,False,True
Doge,ROUND_1,4,45,5,Heavy_Serious_Punch,Doge/ROUND_1/08_Heavy_Serious_Punch/45.webp,e16a9e42d3ecc06faf045da5b2e6c953c27bdf7f08f5a5dbc79c9d2b3a82fcb3,manual,276,261,243,226,b1025c80256320ae27069280b44af545110dc9983981a3c12979b67591b3b5ce,False,True
Doge,ROUND_1,4,46,6,Heavy_Serious_Punch,Doge/ROUND_1/08_Heavy_Serious_Punch/46.webp,e16a9e42d3ecc06faf045da5b2e6c953c27bdf7f08f5a5dbc79c9d2b3a82fcb3,detected_or_manifest,512,256,256,256,24a663fb64401aecdf6e927454cd523e2838f4507432a7d13c92028bfc0e3ff0,False,False
Doge,ROUND_1,6,61,1,Air_Body_Splash,Doge/ROUND_1/10_Air_Body_Splash/61.webp,262b21aef2af4e19c6b563a5e505afdd85512c78046aaf042e5e419a0d65d62c,detected_or_manifest,0,0,261,270,a414f5e8ef5888fb7dbeecc98e1b9b6e581b1e1ad902b223cfbd43094fea4132,False,False
Doge,ROUND_1,6,63,3,Air_Body_Splash,Doge/ROUND_1/10_Air_Body_Splash/63.webp,262b21aef2af4e19c6b563a5e505afdd85512c78046aaf042e5e419a0d65d62c,detected_or_manifest,513,0,255,297,5b1e35a79c53591f40c43d27687806573f3e510e93beaeb7567a55816290193c,False,False
Doge,ROUND_1,6,64,4,Air_Body_Splash,Doge/ROUND_1/10_Air_Body_Splash/64.webp,262b21aef2af4e19c6b563a5e505afdd85512c78046aaf042e5e419a0d65d62c,detected_or_manifest,0,271,298,241,1e9ae5866e7e3bdf6be2ca01476d3bbc528d0a512060d044a41831ed4b3d96fe,False,False
Doge,ROUND_1,6,66,6,Air_Body_Splash,Doge/ROUND_1/10_Air_Body_Splash/66.webp,262b21aef2af4e19c6b563a5e505afdd85512c78046aaf042e5e419a0d65d62c,detected_or_manifest,550,299,218,213,52e19c24fd4e034ea1f39c4e2ca9103fa951b35556f44279cf0c24e327f4f76c,False,False
Doge,ROUND_1,7,71,1,Guard_Standing,Doge/ROUND_1/11_Guard_Standing/71.webp,cf5b5aa976b998ef70e4f7c747abbaca619f054376f42d2bdcf17ff1dcfebe47,detected_or_manifest,0,0,256,256,8fab2506818ed4d2cf2350a690ba41dfb49d5f1e17d5d3e3af74481021603d5f,False,False
Doge,ROUND_1,7,72,2,Guard_Standing,Doge/ROUND_1/11_Guard_Standing/72.webp,cf5b5aa976b998ef70e4f7c747abbaca619f054376f42d2bdcf17ff1dcfebe47,detected_or_manifest,256,0,256,256,ec30abc91b510a323ab185dc9ebbfce6619151ce24817df4d299e16650a9141f,False,False
Doge,ROUND_1,7,73,3,Guard_Standing,Doge/ROUND_1/11_Guard_Standing/73.webp,cf5b5aa976b998ef70e4f7c747abbaca619f054376f42d2bdcf17ff1dcfebe47,detected_or_manifest,520,0,248,270,8a56d810e428e21ed9dd19696c66a2a423d7d1ed60f659e1c2137467c487f2ca,False,False
Doge,ROUND_1,7,74,4,Guard_Crouching,Doge/ROUND_1/12_Guard_Crouching/74.webp,cf5b5aa976b998ef70e4f7c747abbaca619f054376f42d2bdcf17ff1dcfebe47,detected_or_manifest,20,268,239,244,58eb903cf2d7a860e726b241e77facb2b3519baebe1202ced28664ef2e1fc87b,False,False
Doge,ROUND_1,7,75,5,Guard_Crouching,Doge/ROUND_1/12_Guard_Crouching/75.webp,cf5b5aa976b998ef70e4f7c747abbaca619f054376f42d2bdcf17ff1dcfebe47,detected_or_manifest,264,279,261,233,d7bba57a407c745aff41147659c9fdde8b88ba9147909191029bf087a8223776,False,False
Doge,ROUND_1,7,76,6,Guard_Crouching,Doge/ROUND_1/12_Guard_Crouching/76.webp,cf5b5aa976b998ef70e4f7c747abbaca619f054376f42d2bdcf17ff1dcfebe47,detected_or_manifest,526,282,242,230,9306f1e26bbd00c18c781571e9b1267099b5686abe933ad6fe22eb4a8c5d2212,False,False
Doge,ROUND_1,8,81,1,Hitstun,Doge/ROUND_1/13_Hitstun/81.webp,7163d2f93936550ff058f77f84ebe51f39298747b0553e544d348c8e41d1d0ba,detected_or_manifest,51,0,189,248,181f4ad1d9e44ce458271b70ecba1a5d076969790d3f140c66e8e8e9f1622075,False,False
Doge,ROUND_1,8,84,4,Hitstun,Doge/ROUND_1/13_Hitstun/84.webp,7163d2f93936550ff058f77f84ebe51f39298747b0553e544d348c8e41d1d0ba,manual,28,237,241,260,50138dc4c12336f2fbaa56db65d81a6509cfc6f7378dd5aa6c32bd741711f8ce,False,True
Doge,ROUND_1,8,85,5,Hitstun,Doge/ROUND_1/13_Hitstun/85.webp,7163d2f93936550ff058f77f84ebe51f39298747b0553e544d348c8e41d1d0ba,detected_or_manifest,287,249,250,263,bd757ec74eb7cb8f37ba413845993568fd24d1a4987338058c37dbdd733fd2f6,False,False
Doge,ROUND_1,9,91,1,Dash_Forward,Doge/ROUND_1/14_Dash_Forward/91.webp,12665fc21e379b75800625659cc933fb5cb55ec87c735571dbcef6bd7bee3b9b,detected_or_manifest,0,4,247,241,30ae5918dabf921951db88d821d6a26f61bd5634c4c999456b51992deca5584d,False,False
Doge,ROUND_1,9,92,2,Dash_Forward,Doge/ROUND_1/14_Dash_Forward/92.webp,12665fc21e379b75800625659cc933fb5cb55ec87c735571dbcef6bd7bee3b9b,detected_or_manifest,256,0,256,256,d2edccf54c3813c6e2e659b7487984927e3d67da5463d1c6c8ae61a90047cbcc,False,False
Doge,ROUND_1,9,93,3,Dash_Forward,Doge/ROUND_1/14_Dash_Forward/93.webp,12665fc21e379b75800625659cc933fb5cb55ec87c735571dbcef6bd7bee3b9b,detected_or_manifest,538,35,230,229,68e4779ee4d0270c0f14d27cddbfd9484c1239fced0cc6ca473eddad949cb5ed,False,False
Doge,ROUND_1,9,94,4,Backstep,Doge/ROUND_1/15_Backstep/94.webp,12665fc21e379b75800625659cc933fb5cb55ec87c735571dbcef6bd7bee3b9b,detected_or_manifest,0,256,256,256,5ae24a4734804f384ad316280002f2439a92a6f0d6013ae44d409284b390d07e,False,False
Doge,ROUND_1,9,95,5,Backstep,Doge/ROUND_1/15_Backstep/95.webp,12665fc21e379b75800625659cc933fb5cb55ec87c735571dbcef6bd7bee3b9b,detected_or_manifest,256,256,256,256,acce093c81dbe7a75e394dab4d0b9fbc9d2716625cc1bdd49067b61615b34baf,False,False
Doge,ROUND_2,1,11,1,Throw_Come_Here,Doge/ROUND_2/01_Throw_Come_Here/11.webp,4b0794ef6d04fca4bc65bfde31c883d98471e4f11d46d39a31369e53c54fa02e,detected_or_manifest,22,0,274,285,a5cc56195a99106cb3ccc9f665b2d3a6aac37bd224d378ec0067cbb0402af04a,False,False
Doge,ROUND_2,1,12,2,Throw_Come_Here,Doge/ROUND_2/01_Throw_Come_Here/12.webp,4b0794ef6d04fca4bc65bfde31c883d98471e4f11d46d39a31369e53c54fa02e,detected_or_manifest,300,0,209,275,7898183c86042d9b4d3a27da953e866aa92829c2ed0ef98fff1aeed127fddaef,False,False
Doge,ROUND_2,1,15,5,Throw_Come_Here,Doge/ROUND_2/01_Throw_Come_Here/15.webp,4b0794ef6d04fca4bc65bfde31c883d98471e4f11d46d39a31369e53c54fa02e,detected_or_manifest,256,256,256,256,adf46e6435fc11b78a7d2c3cce1930b1dfe4c1045ab2a574bebe5f1496a0ed22,False,False
Doge,ROUND_2,1,16,6,Throw_Come_Here,Doge/ROUND_2/01_Throw_Come_Here/16.webp,4b0794ef6d04fca4bc65bfde31c883d98471e4f11d46d39a31369e53c54fa02e,detected_or_manifest,573,250,195,257,041f685c9bfbf1a056ff7c2142b06b5a0388d32a7a38a6402c8749c2d9a03f56,False,False
Doge,ROUND_2,2,21,1,Thrown_Knockdown_Getup_KO,Doge/ROUND_2/02_Thrown_Knockdown_Getup_KO/21.webp,a023beb253309535b46bc6693bef38e79835e66bab5ea45edb77a94d97320c5a,manual,24,0,253,326,6069da4fa40e5ab2120d1575d3fe049edf3676bcbcf465bca67fa6b0f01624a4,False,True
Doge,ROUND_2,2,22,2,Thrown_Knockdown_Getup_KO,Doge/ROUND_2/02_Thrown_Knockdown_Getup_KO/22.webp,a023beb253309535b46bc6693bef38e79835e66bab5ea45edb77a94d97320c5a,manual,290,9,224,317,372e1e51649e0bad9fb33a009a2ac67450ef552c4c6b990fa1ee91279c981882,False,True
Doge,ROUND_2,2,24,4,Thrown_Knockdown_Getup_KO,Doge/ROUND_2/02_Thrown_Knockdown_Getup_KO/24.webp,a023beb253309535b46bc6693bef38e79835e66bab5ea45edb77a94d97320c5a,manual,0,345,263,196,25a36b45a4a5da6df59a7e3e6194cfdf3c75d2aad9701dc59f43bfaf847c1e91,False,True
Doge,ROUND_2,2,25,5,Thrown_Knockdown_Getup_KO,Doge/ROUND_2/02_Thrown_Knockdown_Getup_KO/25.webp,a023beb253309535b46bc6693bef38e79835e66bab5ea45edb77a94d97320c5a,manual,264,350,244,193,f817800364d2289ee7b6dffe480b60088f93663ca8764f794e5e29fb16188ee1,False,True
Doge,ROUND_2,2,27,7,Thrown_Knockdown_Getup_KO,Doge/ROUND_2/02_Thrown_Knockdown_Getup_KO/27.webp,a023beb253309535b46bc6693bef38e79835e66bab5ea45edb77a94d97320c5a,manual,0,547,273,221,15382d661c9d830ac8debbd6afb79a285a6a913b22592d6354c24d986e6fba7e,False,True
Doge,ROUND_2,2,28,8,Thrown_Knockdown_Getup_KO,Doge/ROUND_2/02_Thrown_Knockdown_Getup_KO/28.webp,a023beb253309535b46bc6693bef38e79835e66bab5ea45edb77a94d97320c5a,manual,281,554,225,214,b45053ccf7acb2c7e85e56e152e96f2612297853ca02a006d30986f81e9adf34,False,True
Doge,ROUND_2,2,29,9,Thrown_Knockdown_Getup_KO,Doge/ROUND_2/02_Thrown_Knockdown_Getup_KO/29.webp,a023beb253309535b46bc6693bef38e79835e66bab5ea45edb77a94d97320c5a,manual,504,588,264,180,833b308aaff13b2b78534c8a892288165cae47691d059f7e70c407a432d9b091,False,True
Doge,ROUND_2,3,31,1,Special_Muscle_Rush,Doge/ROUND_2/03_Special_Muscle_Rush/31.webp,c0b4d3069d8e04f37832bed0b0621a28a0fa7497154e2f76a4c33655219f3d80,manual,0,9,271,248,30f546d4a797c562deb3d12279108e9e23f82ee44d63e8cdd79eec3c94bdcd53,False,True
Doge,ROUND_2,3,32,2,Special_Muscle_Rush,Doge/ROUND_2/03_Special_Muscle_Rush/32.webp,c0b4d3069d8e04f37832bed0b0621a28a0fa7497154e2f76a4c33655219f3d80,detected_or_manifest,256,0,256,256,d068f35520d9194c0f7cb9fe70f307aac39f50fd983c2f0edffea95f117f1ffc,False,False
Doge,ROUND_2,3,33,3,Special_Muscle_Rush,Doge/ROUND_2/03_Special_Muscle_Rush/33.webp,c0b4d3069d8e04f37832bed0b0621a28a0fa7497154e2f76a4c33655219f3d80,detected_or_manifest,512,0,256,256,f850a34f21162f5cd716ca2925efd54950b763970446f7716f18cb0c1f2b3135,False,False
Doge,ROUND_2,3,34,4,Special_Muscle_Rush,Doge/ROUND_2/03_Special_Muscle_Rush/34.webp,c0b4d3069d8e04f37832bed0b0621a28a0fa7497154e2f76a4c33655219f3d80,manual,0,254,238,258,675241d69225fe9afd56ba4d30382e64981541e6c518091f84f3e6a1516187c4,False,True
Doge,ROUND_2,3,35,5,Special_Muscle_Rush,Doge/ROUND_2/03_Special_Muscle_Rush/35.webp,c0b4d3069d8e04f37832bed0b0621a28a0fa7497154e2f76a4c33655219f3d80,manual,244,301,315,176,5c36975e097d5a71dd20233f8e18ddd8a3eec6ba42e19397b6a249027d401067,False,True
Doge,ROUND_2,3,36,6,Special_Muscle_Rush,Doge/ROUND_2/03_Special_Muscle_Rush/36.webp,c0b4d3069d8e04f37832bed0b0621a28a0fa7497154e2f76a4c33655219f3d80,manual,554,268,207,207,7c2aefc5fc40ec6de4d99bcee901b1cd80d487021336dcfd005b35946adf19db,False,True
Doge,ROUND_2,4,41,1,Special_Armor_VFX,Doge/ROUND_2/04_Special_Armor_VFX/41.webp,fc1d50294fb88ecff76de453d1b370f6add9af705dbb696cbf285e50ded2bd30,manual,0,5,267,250,c60a2d77d8d6c0360f267460cf553b8d131eafb6e3e0e0e5e4783dedd54afaa0,False,True
Doge,ROUND_2,4,42,2,Special_Armor_VFX,Doge/ROUND_2/04_Special_Armor_VFX/42.webp,fc1d50294fb88ecff76de453d1b370f6add9af705dbb696cbf285e50ded2bd30,manual,260,19,239,264,ee56e6eadadb9324c801ae91d09ecf6efff7de8dc0fc6a8cb079c34a10b4077c,False,True
Doge,ROUND_2,4,43,3,Special_Armor_VFX,Doge/ROUND_2/04_Special_Armor_VFX/43.webp,fc1d50294fb88ecff76de453d1b370f6add9af705dbb696cbf285e50ded2bd30,manual,515,13,253,226,b77e44c4d721d4e61bbb4e8ab1487d70214e208c110c59a8ede71be95d734b4b,False,True
Doge,ROUND_2,4,44,4,Special_Armor_VFX,Doge/ROUND_2/04_Special_Armor_VFX/44.webp,fc1d50294fb88ecff76de453d1b370f6add9af705dbb696cbf285e50ded2bd30,manual,0,245,259,251,042996eee709820e3876833159ee104040a84f158df9a71354d6ca0800455a4d,False,True
Doge,ROUND_2,4,45,5,Special_Armor_VFX,Doge/ROUND_2/04_Special_Armor_VFX/45.webp,fc1d50294fb88ecff76de453d1b370f6add9af705dbb696cbf285e50ded2bd30,manual,256,312,267,192,a2ba45e7d45c02f9da65ce574a32bd7135c74957b5c099a316f8df190c19d6ed,False,True
Doge,ROUND_2,4,46,6,Special_Armor_VFX,Doge/ROUND_2/04_Special_Armor_VFX/46.webp,fc1d50294fb88ecff76de453d1b370f6add9af705dbb696cbf285e50ded2bd30,manual,525,252,241,253,40a65e41dee090197fdc2e5c59c7626291cb8a2564e5d768159f84d706c5506f,False,True
Doge,ROUND_2,4,47,7,Special_Armor_VFX,Doge/ROUND_2/04_Special_Armor_VFX/47.webp,fc1d50294fb88ecff76de453d1b370f6add9af705dbb696cbf285e50ded2bd30,manual,0,504,262,264,9c8f8dd1322df7b1864711bf13d72e7046633533d67cb35fabec137ccb8d1896,False,True
Doge,ROUND_2,4,48,8,Special_Armor_VFX,Doge/ROUND_2/04_Special_Armor_VFX/48.webp,fc1d50294fb88ecff76de453d1b370f6add9af705dbb696cbf285e50ded2bd30,manual,253,507,267,249,363dba1dbbb5f7f1a2a137f19002b46ed9bce3b364a8973fe786774e09ce7ae9,False,True
Doge,ROUND_2,4,49,9,Special_Armor_VFX,Doge/ROUND_2/04_Special_Armor_VFX/49.webp,fc1d50294fb88ecff76de453d1b370f6add9af705dbb696cbf285e50ded2bd30,manual,526,498,236,262,04f89060c38de99479e89d3a40995ce6bef68f3843f87b8ae33efe17830c774e,False,True
Doge,ROUND_2,5,51,1,Ultimate_Super_Doge_Transformation,Doge/ROUND_2/05_Ultimate_Super_Doge_Transformation/51.webp,25dd53193e1905e9c22fcd470cb46522802e28327fb094e60651e06ff845cf32,detected_or_manifest,4,0,213,233,c5b9f6da0b27898f23dfcb7e458dad1718929fe53c4800fd260b56614e325462,False,False
Doge,ROUND_2,5,52,2,Ultimate_Super_Doge_Transformation,Doge/ROUND_2/05_Ultimate_Super_Doge_Transformation/52.webp,25dd53193e1905e9c22fcd470cb46522802e28327fb094e60651e06ff845cf32,manual,282,34,205,196,c087c0074f91726e6917cdfa4067c26aab534b3c3fc1a4ee4f8e2c0c10a8261a,False,True
Doge,ROUND_2,5,53,3,Ultimate_Super_Doge_Transformation,Doge/ROUND_2/05_Ultimate_Super_Doge_Transformation/53.webp,25dd53193e1905e9c22fcd470cb46522802e28327fb094e60651e06ff845cf32,detected_or_manifest,512,0,256,256,a1e6b896f4810c80c2fea961c814b3506dcee094dee2f9f6ef634535e8cf8bb0,False,False
Doge,ROUND_2,5,54,4,Ultimate_Super_Doge_Transformation,Doge/ROUND_2/05_Ultimate_Super_Doge_Transformation/54.webp,25dd53193e1905e9c22fcd470cb46522802e28327fb094e60651e06ff845cf32,manual,12,231,246,272,c3e35007f4af39912a4583c68ac1dbe725acbabdb36cb0003d95fbbf62d88044,False,True
Doge,ROUND_2,5,55,5,Ultimate_Super_Doge_Transformation,Doge/ROUND_2/05_Ultimate_Super_Doge_Transformation/55.webp,25dd53193e1905e9c22fcd470cb46522802e28327fb094e60651e06ff845cf32,manual,244,225,283,287,0049ea9ede44ec8c87aae91de6b7c1d6e3f6cae5a877349a0d99fba78b6cb779,False,True
Doge,ROUND_2,5,56,6,Ultimate_Super_Doge_Transformation,Doge/ROUND_2/05_Ultimate_Super_Doge_Transformation/56.webp,25dd53193e1905e9c22fcd470cb46522802e28327fb094e60651e06ff845cf32,manual,513,250,247,249,08f30b46dea0a7b52d3db0ece3884c6aa19facbb3d16bdc39ba2a75d58d1e366,False,True
Doge,ROUND_2,6,61,1,Super_Idle,Doge/ROUND_2/06_Super_Idle/61.webp,24c04ef1470d3c3b739394b660526cd8430deab43dad51429d5d8715a79ed917,manual,0,7,296,281,218d29f895ffb766f1d58874630e07d07542c8ab52a219fd82bb6f0ead55f660,False,True
Doge,ROUND_2,6,62,2,Super_Walk_Forward,Doge/ROUND_2/07_Super_Walk_Forward/62.webp,24c04ef1470d3c3b739394b660526cd8430deab43dad51429d5d8715a79ed917,manual,300,5,240,259,1fa1f22c0a7c18a3d06f26bd72d78e03fba7f78b25574cff4fd20ea3a1867e29,False,True
Doge,ROUND_2,6,63,3,Super_Walk_Backward,Doge/ROUND_2/08_Super_Walk_Backward/63.webp,24c04ef1470d3c3b739394b660526cd8430deab43dad51429d5d8715a79ed917,detected_or_manifest,512,0,256,256,e685e0027ea911b33c1ff1d78b75627302df02aa12d344169d717ff1c132bfeb,False,False
Doge,ROUND_2,6,64,4,Super_Dash_Forward,Doge/ROUND_2/09_Super_Dash_Forward/64.webp,24c04ef1470d3c3b739394b660526cd8430deab43dad51429d5d8715a79ed917,manual,0,276,308,223,9043420a32b5888dd720c51180d8195d4f8b5fbbf47e35392350c29c8446c563,False,True
Doge,ROUND_2,6,65,5,Super_Backstep,Doge/ROUND_2/10_Super_Backstep/65.webp,24c04ef1470d3c3b739394b660526cd8430deab43dad51429d5d8715a79ed917,manual,295,262,219,272,909b513e6475f7ed976e0a87c93d95b22c49b5cd5bdfb13ab725b55ddd9eab4d,False,True
Doge,ROUND_2,6,66,6,Super_Crouch,Doge/ROUND_2/11_Super_Crouch/66.webp,24c04ef1470d3c3b739394b660526cd8430deab43dad51429d5d8715a79ed917,manual,533,285,235,225,ff1aa846bcd349edcbc62a281a346f5a5e63d389fd950e5d48d3a500392dc016,False,True
Doge,ROUND_2,6,67,7,Super_Jump,Doge/ROUND_2/12_Super_Jump/67.webp,24c04ef1470d3c3b739394b660526cd8430deab43dad51429d5d8715a79ed917,manual,0,501,261,257,b260a27173e253e1c2516f8ee95cca32c4d3f890108fa1517f98b8d78ec1837c,False,True
Doge,ROUND_2,6,68,8,Super_Landing,Doge/ROUND_2/13_Super_Landing/68.webp,24c04ef1470d3c3b739394b660526cd8430deab43dad51429d5d8715a79ed917,manual,279,539,246,229,8fbd788935887f92c2d08ff9118f5316d1dc36bfb58ed03dc40263cbf28a52af,False,True
Doge,ROUND_2,6,69,9,Super_Hitstun,Doge/ROUND_2/14_Super_Hitstun/69.webp,24c04ef1470d3c3b739394b660526cd8430deab43dad51429d5d8715a79ed917,manual,531,512,228,256,cf7650420982695aa122fe7ddc63f15e75918b3f14c26788d30175e9c72d10b6,False,True
Doge,ROUND_2,7,71,1,Super_Light,Doge/ROUND_2/15_Super_Light/71.webp,81a52bf82b936168d6e01063e9d8e15b226a2d196fb0c95766328a3c2879a6f7,detected_or_manifest,0,0,256,256,c96dcaa74a9947b285e26fe6c1de25bd050222a11cbcd125997b9b9469c8960b,False,False
Doge,ROUND_2,7,72,2,Super_Light,Doge/ROUND_2/15_Super_Light/72.webp,81a52bf82b936168d6e01063e9d8e15b226a2d196fb0c95766328a3c2879a6f7,manual,263,0,287,285,db65e2d6ab2aa13e505c28aacc3a9e293a6140d45f178237cab8017194cad04d,False,True
Doge,ROUND_2,7,73,3,Super_Light,Doge/ROUND_2/15_Super_Light/73.webp,81a52bf82b936168d6e01063e9d8e15b226a2d196fb0c95766328a3c2879a6f7,detected_or_manifest,512,0,256,256,3ae7fff2a1df640759e28bc7d3d41b83f12e41955b7d2e1db9e088fa2ee541e0,False,False
Doge,ROUND_2,7,74,4,Super_Heavy,Doge/ROUND_2/16_Super_Heavy/74.webp,81a52bf82b936168d6e01063e9d8e15b226a2d196fb0c95766328a3c2879a6f7,manual,0,276,264,238,b7fac6abee6587f9e0ea0ddbc7595e3fe4bf1c525b127801189274ee1415a627,False,True
Doge,ROUND_2,7,75,5,Super_Heavy,Doge/ROUND_2/16_Super_Heavy/75.webp,81a52bf82b936168d6e01063e9d8e15b226a2d196fb0c95766328a3c2879a6f7,manual,256,276,252,231,488ff1f8f6471f133b7ef648b3784ac2bbeca5b14e621025fa8a9285ecf98e6f,False,True
Doge,ROUND_2,7,76,6,Super_Heavy,Doge/ROUND_2/16_Super_Heavy/76.webp,81a52bf82b936168d6e01063e9d8e15b226a2d196fb0c95766328a3c2879a6f7,manual,494,281,273,242,dc53904a714d058f70db5224591c5d663c9e54a7ed0a9491601293eb1cdc5ce0,False,True
Doge,ROUND_2,7,77,7,Super_Heavy,Doge/ROUND_2/16_Super_Heavy/77.webp,81a52bf82b936168d6e01063e9d8e15b226a2d196fb0c95766328a3c2879a6f7,manual,0,504,329,264,edc0e4596f1554a267d45f101a350fd81e88b93f142666af42e296075ab4b86d,False,True
Doge,ROUND_2,7,78,8,Super_Heavy,Doge/ROUND_2/16_Super_Heavy/78.webp,81a52bf82b936168d6e01063e9d8e15b226a2d196fb0c95766328a3c2879a6f7,manual,329,509,213,259,95cff50cce9d9485d5154165f7be2543fc97ce76933e0b9f1c180af0a79714f2,False,True
Doge,ROUND_2,7,79,9,Super_Low,Doge/ROUND_2/17_Super_Low/79.webp,81a52bf82b936168d6e01063e9d8e15b226a2d196fb0c95766328a3c2879a6f7,manual,543,517,220,238,72f836c2962caeb7048f5da016c49d01a34d0b9e174cdd2687e70b53b491c81d,False,True
Doge,ROUND_2,8,81,1,Super_Guard_Standing,Doge/ROUND_2/18_Super_Guard_Standing/81.webp,976783e44f6fab9407b85985372cc7db5842f8f72558f1df42932ded0dfbb06c,manual,30,0,210,256,f65cd13025870884e978daf1ae03b81294362d6ab656559a974ce0c52cc52826,False,True
Doge,ROUND_2,8,82,2,Super_Guard_Standing,Doge/ROUND_2/18_Super_Guard_Standing/82.webp,976783e44f6fab9407b85985372cc7db5842f8f72558f1df42932ded0dfbb06c,manual,279,0,217,270,743f57ef9996c6c2c3733e63b0350164582dce90bcbd01819bde36775f0ff763,False,True
Doge,ROUND_2,8,83,3,Super_Guard_Crouching,Doge/ROUND_2/19_Super_Guard_Crouching/83.webp,976783e44f6fab9407b85985372cc7db5842f8f72558f1df42932ded0dfbb06c,manual,540,24,228,273,21013e2359d7835ad76831da5948d7f3265716c7207d8f4f613ea8d795f70d92,False,True
Doge,ROUND_2,8,84,4,Super_Air_Attack,Doge/ROUND_2/20_Super_Air_Attack/84.webp,976783e44f6fab9407b85985372cc7db5842f8f72558f1df42932ded0dfbb06c,manual,23,256,209,253,d561d15a4b2481ff06d512bb3694c8169c6a72814a3786fbe1b4f19dab18ad75,False,True
Doge,ROUND_2,8,85,5,Super_Air_Attack,Doge/ROUND_2/20_Super_Air_Attack/85.webp,976783e44f6fab9407b85985372cc7db5842f8f72558f1df42932ded0dfbb06c,manual,239,265,302,245,77b52c0024e97e33ab5b7c7af561c4e9f922bcc4de0bfbf1804f69080c756aee,False,True
Doge,ROUND_2,8,86,6,Super_Air_Attack,Doge/ROUND_2/20_Super_Air_Attack/86.webp,976783e44f6fab9407b85985372cc7db5842f8f72558f1df42932ded0dfbb06c,manual,540,311,228,200,1ea6fb3f8e42b3e42532ab401a5bcf2e1e1f5b4e4bab96ff23ab6a2278ad4c6f,False,True
Doge,ROUND_2,8,87,7,Super_Throw,Doge/ROUND_2/21_Super_Throw/87.webp,976783e44f6fab9407b85985372cc7db5842f8f72558f1df42932ded0dfbb06c,manual,0,508,280,256,819bbbfb13db6972c6fd31b0896f68147e057b94010fab308bc1d81fb51220e9,False,True
Doge,ROUND_2,8,88,8,Super_Throw,Doge/ROUND_2/21_Super_Throw/88.webp,976783e44f6fab9407b85985372cc7db5842f8f72558f1df42932ded0dfbb06c,manual,284,546,256,222,66c5dd7e6dafa3346b0b1f99854bef3b250358249352c544ea6b731d293263a0,False,True
Doge,ROUND_2,8,89,9,Super_Throw,Doge/ROUND_2/21_Super_Throw/89.webp,976783e44f6fab9407b85985372cc7db5842f8f72558f1df42932ded0dfbb06c,manual,536,516,232,252,9cb1cb799d5a4cd3f8d2d1c473a90bdde8950d309c4b9b1a7aab20887019e4b4,False,True
Doge,ROUND_2,9,91,1,Super_Special_Muscle_Rush,Doge/ROUND_2/22_Super_Special_Muscle_Rush/91.webp,3869a9a55cefc7c8129bf2e9bd3983f7e38b10fbea060d4d7d71f24be47e2e92,manual,0,24,266,280,d5fe205855c3e3813591e8b2c296ac3cea11b4cf93e65b22c55f62acb2e2386d,False,True
Doge,ROUND_2,9,92,2,Super_Special_Muscle_Rush,Doge/ROUND_2/22_Super_Special_Muscle_Rush/92.webp,3869a9a55cefc7c8129bf2e9bd3983f7e38b10fbea060d4d7d71f24be47e2e92,manual,276,5,220,280,f73ad877f64d4245c3cc8362535a88b17e6fd65f8d76edf1719e567184d1c202,False,True
Doge,ROUND_2,9,93,3,Super_Special_Muscle_Rush,Doge/ROUND_2/22_Super_Special_Muscle_Rush/93.webp,3869a9a55cefc7c8129bf2e9bd3983f7e38b10fbea060d4d7d71f24be47e2e92,manual,499,0,269,289,91a65008f6f1e4a414ca9b3a768cf0da0d8d033efd4f5b0467f985e2edbed7bc,False,True
Doge,ROUND_2,9,94,4,Super_Special_Muscle_Rush,Doge/ROUND_2/22_Super_Special_Muscle_Rush/94.webp,3869a9a55cefc7c8129bf2e9bd3983f7e38b10fbea060d4d7d71f24be47e2e92,manual,0,285,250,200,ee3189062643d7d435b2cdc0863814ecf2d231f089756ed0a9b356c61f17ed20,False,True
Doge,ROUND_2,9,95,5,Super_Special_Muscle_Rush,Doge/ROUND_2/22_Super_Special_Muscle_Rush/95.webp,3869a9a55cefc7c8129bf2e9bd3983f7e38b10fbea060d4d7d71f24be47e2e92,manual,252,287,258,197,e8ee57becfc213f1fa65641f423edc47c6ae112c07fb153ba9cc09a60ed1d819,False,True
Doge,ROUND_2,9,96,6,Super_Special_Muscle_Rush,Doge/ROUND_2/22_Super_Special_Muscle_Rush/96.webp,3869a9a55cefc7c8129bf2e9bd3983f7e38b10fbea060d4d7d71f24be47e2e92,manual,518,290,250,202,c9e573d1ae0c9a703eb15dc1d3b39bf0f5144b8418a16c820e85f33d59385650,False,True
Doge,ROUND_2,9,97,7,Super_Special_Muscle_Rush,Doge/ROUND_2/22_Super_Special_Muscle_Rush/97.webp,3869a9a55cefc7c8129bf2e9bd3983f7e38b10fbea060d4d7d71f24be47e2e92,manual,13,505,255,231,6a575a78b81bcc5ca672a8c0c196c2017e1d6853f17024ab861e07b4715af390,False,True
Doge,ROUND_2,9,98,8,Super_Install_Aura,Doge/ROUND_2/23_Super_Install_Aura/98.webp,3869a9a55cefc7c8129bf2e9bd3983f7e38b10fbea060d4d7d71f24be47e2e92,manual,269,499,244,267,ac9d2c915f78d549d9793f51adcd2a397330c9705770e18a726252f1ba794126,False,True
Doge,ROUND_2,9,99,9,Super_Heavy_Armor_Overlay,Doge/ROUND_2/24_Super_Heavy_Armor_Overlay/99.webp,3869a9a55cefc7c8129bf2e9bd3983f7e38b10fbea060d4d7d71f24be47e2e92,manual,515,500,249,268,c6fade22d2acc672aed371db851402d269a69c0d0c2bdafa8efb693d795a56cb,False,True
YA鼠,ROUND_1,1,11,1,待機／緊張／看手機,YA鼠/ROUND_1/01_待機_緊張_看手機/11.webp,2a9c3085b5e8e693bebc330ea7eee75574316c0f59762070adc57784206e69db,detected_or_manifest,0,0,256,256,c478b13bb527073ac879dfb496c83d8fc24eadfc2de75cc20333100e5baf99b1,False,False
YA鼠,ROUND_1,1,12,2,待機／緊張／看手機,YA鼠/ROUND_1/01_待機_緊張_看手機/12.webp,2a9c3085b5e8e693bebc330ea7eee75574316c0f59762070adc57784206e69db,detected_or_manifest,256,0,256,256,3dc9786dfd05c0cdf8175975785abee4333a2f4fdddee218aa256f6cfe480376,False,False
YA鼠,ROUND_1,1,13,3,待機／緊張／看手機,YA鼠/ROUND_1/01_待機_緊張_看手機/13.webp,2a9c3085b5e8e693bebc330ea7eee75574316c0f59762070adc57784206e69db,detected_or_manifest,512,0,256,256,069a42f9ca71e787d3b66c2e46ab12a9448db253dd57e5b8b2204e22c9917582,False,False
YA鼠,ROUND_1,1,14,4,前走,YA鼠/ROUND_1/02_前走/14.webp,2a9c3085b5e8e693bebc330ea7eee75574316c0f59762070adc57784206e69db,detected_or_manifest,0,256,256,256,0342f8d81eb77785bd681b87f90e5b8e32a668709a59d40c05be20d72e6abdf6,False,False
YA鼠,ROUND_1,1,15,5,前走,YA鼠/ROUND_1/02_前走/15.webp,2a9c3085b5e8e693bebc330ea7eee75574316c0f59762070adc57784206e69db,detected_or_manifest,256,256,256,256,d7b2b5c191689db2340324a208b48fff7050397b09f429671166ad29b07597e1,False,False
YA鼠,ROUND_1,1,16,6,前走,YA鼠/ROUND_1/02_前走/16.webp,2a9c3085b5e8e693bebc330ea7eee75574316c0f59762070adc57784206e69db,detected_or_manifest,543,269,225,243,ee4abac23f8bebdee6b2f0c50cdfd9ff5205ff8cd487021a49b387f2b5695e50,False,False
YA鼠,ROUND_1,2,21,1,後走,YA鼠/ROUND_1/03_後走/21.webp,30f3f086e26166fa2bc9ae43a6fc7e9964a21979bf7ba91be6107dd372b90a82,manual,33,0,222,275,db8cb70f9e7a1a284688d3ea2f1ce85c631044fc4a4efb0f4ecb72e08e131ab2,False,True
YA鼠,ROUND_1,2,22,2,後走,YA鼠/ROUND_1/03_後走/22.webp,30f3f086e26166fa2bc9ae43a6fc7e9964a21979bf7ba91be6107dd372b90a82,manual,296,9,194,249,e4de699a0a29462830c370b5c083a538d49ce6d9ccfde3fca9dbe4ca8bdc660a,False,True
YA鼠,ROUND_1,2,23,3,後走,YA鼠/ROUND_1/03_後走/23.webp,30f3f086e26166fa2bc9ae43a6fc7e9964a21979bf7ba91be6107dd372b90a82,manual,502,5,266,237,ebf0c508d73da308804218ab158537a8ad71859a604e5f005e6fa52561821558,False,True
YA鼠,ROUND_1,2,24,4,蹲下,YA鼠/ROUND_1/04_蹲下/24.webp,30f3f086e26166fa2bc9ae43a6fc7e9964a21979bf7ba91be6107dd372b90a82,manual,47,307,192,191,c844174dd879fc3661b0b8cb65217e2986c16680a96332498c47c70017ef4f7d,False,True
YA鼠,ROUND_1,2,25,5,跳躍,YA鼠/ROUND_1/05_跳躍/25.webp,30f3f086e26166fa2bc9ae43a6fc7e9964a21979bf7ba91be6107dd372b90a82,manual,296,280,207,229,a54b9188dfdbe08db8ff718cd5682504f772486002e49dc30e3a53e2b8c5b52c,False,True
YA鼠,ROUND_1,2,26,6,跳躍,YA鼠/ROUND_1/05_跳躍/26.webp,30f3f086e26166fa2bc9ae43a6fc7e9964a21979bf7ba91be6107dd372b90a82,manual,544,240,224,278,c980d9ad735209a0b66a2aaa37e0b893411212a470049f1973549cec1f92bafc,False,True
YA鼠,ROUND_1,2,27,7,跳躍,YA鼠/ROUND_1/05_跳躍/27.webp,30f3f086e26166fa2bc9ae43a6fc7e9964a21979bf7ba91be6107dd372b90a82,manual,0,494,243,241,7bcd1cc85d7339d76c84729ae29951e64137a9fa9d7c2347b261bac7892a30eb,False,True
YA鼠,ROUND_1,2,28,8,跳躍,YA鼠/ROUND_1/05_跳躍/28.webp,30f3f086e26166fa2bc9ae43a6fc7e9964a21979bf7ba91be6107dd372b90a82,manual,295,500,181,268,1510e195dc81606d709ae880c1b0dd58852ad4466ee8a1202646c03af3a44919,False,True
YA鼠,ROUND_1,2,29,9,落地,YA鼠/ROUND_1/06_落地/29.webp,30f3f086e26166fa2bc9ae43a6fc7e9964a21979bf7ba91be6107dd372b90a82,manual,521,548,247,220,9dbea33177e1c7967fce475d2c586c85c1230e5f88a8f790254549318cf6d8bd,False,True
YA鼠,ROUND_1,3,33,3,輕攻「那個…不好意思」,YA鼠/ROUND_1/07_輕攻「那個...不好意思」/33.webp,67cfdc1aeab3c184acefa37ca6ed4ce79d208baf3e9487f2fc04f1a2487e0496,detected_or_manifest,512,0,256,256,5ee42cb40a15a9ca675e60c409f88c6ac8e1ea409ad04937743ad2dcdb1d2ad6,False,False
YA鼠,ROUND_1,3,34,4,輕攻「那個…不好意思」,YA鼠/ROUND_1/07_輕攻「那個...不好意思」/34.webp,67cfdc1aeab3c184acefa37ca6ed4ce79d208baf3e9487f2fc04f1a2487e0496,detected_or_manifest,0,256,256,256,f3a87cabc13453cd2342bcfe54a07c309b3fccbbc2ac0105905de2cbf08259f4,False,False
YA鼠,ROUND_1,3,35,5,輕攻「那個…不好意思」,YA鼠/ROUND_1/07_輕攻「那個...不好意思」/35.webp,67cfdc1aeab3c184acefa37ca6ed4ce79d208baf3e9487f2fc04f1a2487e0496,detected_or_manifest,256,256,256,256,ef03c13b5962965f9d34fa216b796813d77f95813c52ef19fae4d7cf10c4fd12,False,False
YA鼠,ROUND_1,3,36,6,輕攻「那個…不好意思」,YA鼠/ROUND_1/07_輕攻「那個...不好意思」/36.webp,67cfdc1aeab3c184acefa37ca6ed4ce79d208baf3e9487f2fc04f1a2487e0496,detected_or_manifest,512,256,256,256,8a35507eb515d4d4bd3691eb573c7c2841a81c4b1cd6443bc8be3290480f2b90,False,False
YA鼠,ROUND_1,4,42,2,重攻「不好意思借過！」,YA鼠/ROUND_1/08_重攻「不好意思借過！」/42.webp,8b79135cf98588ca27d05d7ff20162fd6d356890716f88491734dfddedb2defe,detected_or_manifest,256,0,256,256,1c979fe2b167f67169a9ee6ad3cff2f235f3106f23e10acc17ef25ea8a00386d,False,False
YA鼠,ROUND_1,4,43,3,重攻「不好意思借過！」,YA鼠/ROUND_1/08_重攻「不好意思借過！」/43.webp,8b79135cf98588ca27d05d7ff20162fd6d356890716f88491734dfddedb2defe,manual,533,0,235,233,c5d4a68cb560333ee7138242bcadab9ae7076ae15e732e457823ff2580f87f1c,False,True
YA鼠,ROUND_1,4,44,4,重攻「不好意思借過！」,YA鼠/ROUND_1/08_重攻「不好意思借過！」/44.webp,8b79135cf98588ca27d05d7ff20162fd6d356890716f88491734dfddedb2defe,detected_or_manifest,0,256,256,256,1c7a227697f2ca566067f3037eb4e3f972722eaa35a994e390a010391a4e3fd6,False,False
YA鼠,ROUND_1,4,45,5,重攻「不好意思借過！」,YA鼠/ROUND_1/08_重攻「不好意思借過！」/45.webp,8b79135cf98588ca27d05d7ff20162fd6d356890716f88491734dfddedb2defe,detected_or_manifest,311,240,223,272,41812e53fba0f1e5d5efabfdab67bf1da360aa3232a28a8a33d69f1b6ee88547,False,False
YA鼠,ROUND_1,4,46,6,重攻「不好意思借過！」,YA鼠/ROUND_1/08_重攻「不好意思借過！」/46.webp,8b79135cf98588ca27d05d7ff20162fd6d356890716f88491734dfddedb2defe,detected_or_manifest,543,255,225,257,8aebecd0d7c83e4ff459fb10fee01aa15bc4f6dabfc0598c6893d9928e5c3713,False,False
YA鼠,ROUND_1,5,51,1,下段「假裝綁鞋帶」,YA鼠/ROUND_1/09_下段「假裝綁鞋帶」/51.webp,7783397d5ef101235959350830bbede35faab98100ce6d2aa2a5d66c76cfdaec,detected_or_manifest,0,0,256,256,01dfa57711f7f5605892f33338754d2528e4ac2837c516dfbd35b7afb3b88825,False,False
YA鼠,ROUND_1,5,52,2,下段「假裝綁鞋帶」,YA鼠/ROUND_1/09_下段「假裝綁鞋帶」/52.webp,7783397d5ef101235959350830bbede35faab98100ce6d2aa2a5d66c76cfdaec,detected_or_manifest,256,0,256,256,d0e67ebd7aa99e3f04719072ce6d815e1ac117d582f551d40e12e820f1dee0b9,False,False
YA鼠,ROUND_1,5,53,3,下段「假裝綁鞋帶」,YA鼠/ROUND_1/09_下段「假裝綁鞋帶」/53.webp,7783397d5ef101235959350830bbede35faab98100ce6d2aa2a5d66c76cfdaec,detected_or_manifest,512,0,256,256,5672cf537ee32936e1920013c5126f5735ee4cb7f3645cc84d1a2c23280c4adb,False,False
YA鼠,ROUND_1,5,54,4,下段「假裝綁鞋帶」,YA鼠/ROUND_1/09_下段「假裝綁鞋帶」/54.webp,7783397d5ef101235959350830bbede35faab98100ce6d2aa2a5d66c76cfdaec,detected_or_manifest,0,256,256,256,a572b8277534232c4e2622bc38987417eed1126de794b57abdf46ea1efbb2812,False,False
YA鼠,ROUND_1,5,55,5,下段「假裝綁鞋帶」,YA鼠/ROUND_1/09_下段「假裝綁鞋帶」/55.webp,7783397d5ef101235959350830bbede35faab98100ce6d2aa2a5d66c76cfdaec,detected_or_manifest,256,256,256,256,f7c3082a8078748dd72327adbdedf76ae3c405e46f4b6a4396e600d330bad86c,False,False
YA鼠,ROUND_1,5,56,6,下段「假裝綁鞋帶」,YA鼠/ROUND_1/09_下段「假裝綁鞋帶」/56.webp,7783397d5ef101235959350830bbede35faab98100ce6d2aa2a5d66c76cfdaec,detected_or_manifest,512,256,256,256,dce8fc371af751c6f5d2f53c4051272f80d60e37a7a729dab82a1ffe20f9b37f,False,False
YA鼠,ROUND_1,6,61,1,空中攻擊「我只是想跳過去！」,YA鼠/ROUND_1/10_空中攻擊「我只是想跳過去！」/61.webp,bc53de5eb5ffb4a5bd93ff0d57c2d6ec5ae61b4236bc231374579b87c4386963,detected_or_manifest,26,0,287,225,cc81c5534afd68cafc062553cd289efa999873dc2d2f1072a2068937a4054bfb,False,False
YA鼠,ROUND_1,6,62,2,空中攻擊「我只是想跳過去！」,YA鼠/ROUND_1/10_空中攻擊「我只是想跳過去！」/62.webp,bc53de5eb5ffb4a5bd93ff0d57c2d6ec5ae61b4236bc231374579b87c4386963,detected_or_manifest,256,0,256,256,a79d86f70c0494b8563d103337f2d18df69aa53612ad92c995856b71ef842608,False,False
YA鼠,ROUND_1,6,63,3,空中攻擊「我只是想跳過去！」,YA鼠/ROUND_1/10_空中攻擊「我只是想跳過去！」/63.webp,bc53de5eb5ffb4a5bd93ff0d57c2d6ec5ae61b4236bc231374579b87c4386963,detected_or_manifest,512,0,256,256,0801d81102287c2c68344dac585cec16106a5b98acb56b11ea54b7ac04d73b66,False,False
YA鼠,ROUND_1,6,64,4,空中攻擊「我只是想跳過去！」,YA鼠/ROUND_1/10_空中攻擊「我只是想跳過去！」/64.webp,bc53de5eb5ffb4a5bd93ff0d57c2d6ec5ae61b4236bc231374579b87c4386963,detected_or_manifest,0,256,256,256,dc641e6636904caddc600855c8f53d37de1c4739c43c4b6e95bb16c868b44717,False,False
YA鼠,ROUND_1,6,65,5,空中攻擊「我只是想跳過去！」,YA鼠/ROUND_1/10_空中攻擊「我只是想跳過去！」/65.webp,bc53de5eb5ffb4a5bd93ff0d57c2d6ec5ae61b4236bc231374579b87c4386963,detected_or_manifest,256,256,256,256,43abd18cc522c185397f7809f256fcd4812aa2d17850123eb56faf84ca24a3ec,False,False
YA鼠,ROUND_1,6,66,6,空中攻擊「我只是想跳過去！」,YA鼠/ROUND_1/10_空中攻擊「我只是想跳過去！」/66.webp,bc53de5eb5ffb4a5bd93ff0d57c2d6ec5ae61b4236bc231374579b87c4386963,detected_or_manifest,512,256,256,256,88a87898fe4d3342272949e6c34523e4345c12e467864967c102cc0ee2cd602c,False,False
YA鼠,ROUND_1,7,71,1,站防,YA鼠/ROUND_1/11_站防/71.webp,2ced4add3f763fbb4ce9cff297a279173faef59c28cb8c1f9157f54c3dbb3e58,detected_or_manifest,0,0,269,277,2f4b938f79c3ec6a031c719e1d4d6ab5c8b25cf90405ae7aec856e7aac4dce5a,False,False
YA鼠,ROUND_1,7,72,2,站防 Impact,YA鼠/ROUND_1/12_站防_Impact/72.webp,2ced4add3f763fbb4ce9cff297a279173faef59c28cb8c1f9157f54c3dbb3e58,detected_or_manifest,256,0,256,256,5cbf37c0f7294b53f0f2653e0c26db3646f774fb7bd9a10e2a4edf1c8f79bd07,False,False
YA鼠,ROUND_1,7,73,3,站防硬直,YA鼠/ROUND_1/13_站防硬直/73.webp,2ced4add3f763fbb4ce9cff297a279173faef59c28cb8c1f9157f54c3dbb3e58,detected_or_manifest,512,0,256,256,8cf3abfad881b63c1390b6660bce64ba61c4d5dc4b616d81771e760fa67f356c,False,False
YA鼠,ROUND_1,7,74,4,蹲防,YA鼠/ROUND_1/14_蹲防/74.webp,2ced4add3f763fbb4ce9cff297a279173faef59c28cb8c1f9157f54c3dbb3e58,detected_or_manifest,7,271,281,241,4415802b6cdcd6cda4732266e83cba00cbf2f89deee74f40acaa777715794afe,False,False
YA鼠,ROUND_1,7,75,5,蹲防 Impact,YA鼠/ROUND_1/15_蹲防_Impact/75.webp,2ced4add3f763fbb4ce9cff297a279173faef59c28cb8c1f9157f54c3dbb3e58,detected_or_manifest,256,256,256,256,e3d9fa64aa8593a009cb0ac342448c3c745cb8fa25d3d7d97f7769f575ad8782,False,False
YA鼠,ROUND_1,7,76,6,蹲防硬直,YA鼠/ROUND_1/16_蹲防硬直/76.webp,2ced4add3f763fbb4ce9cff297a279173faef59c28cb8c1f9157f54c3dbb3e58,detected_or_manifest,512,256,256,256,1a7269a7e4a3321090e27c2a7ca71b4c5e7878b89b851b134dab0913a1a8f417,False,False
YA鼠,ROUND_1,8,81,1,上段受擊,YA鼠/ROUND_1/17_上段受擊/81.webp,ed2749ec1b61b6883d915c0fb33f628cc5f04ae60c27f2eab06790b911dbb8e2,manual,28,0,275,239,f0cfb0e510617d70a7d38cdd9adea54fd248b36893a586276ac6403b74d64016,False,True
YA鼠,ROUND_1,8,82,2,中段受擊,YA鼠/ROUND_1/18_中段受擊/82.webp,ed2749ec1b61b6883d915c0fb33f628cc5f04ae60c27f2eab06790b911dbb8e2,manual,273,0,249,239,4fa0872ad0566592ead93f1d343e4e0865cbd746740a301f1ce963b7e990ceaf,False,True
YA鼠,ROUND_1,8,83,3,下段受擊,YA鼠/ROUND_1/19_下段受擊/83.webp,ed2749ec1b61b6883d915c0fb33f628cc5f04ae60c27f2eab06790b911dbb8e2,manual,489,9,265,237,fd6da6d5d998ad55fab16d22402368a36e05e296a8cd61d31d95305a51766835,False,True
YA鼠,ROUND_1,8,84,4,Heavy Reel,YA鼠/ROUND_1/20_Heavy_Reel/84.webp,ed2749ec1b61b6883d915c0fb33f628cc5f04ae60c27f2eab06790b911dbb8e2,manual,12,247,286,255,19c8ca47ac7acded180f15521ca613fcabdbb03788249361d7b16ef2342e118d,False,True
YA鼠,ROUND_1,8,85,5,Counter Hit Panic,YA鼠/ROUND_1/21_Counter_Hit_Panic/85.webp,ed2749ec1b61b6883d915c0fb33f628cc5f04ae60c27f2eab06790b911dbb8e2,manual,303,234,223,255,c49947b48cbc345eece71954bb6fd5ffb8ccac483636af6c862c82a06ac86d9d,False,True
YA鼠,ROUND_1,8,86,6,恢復／扶正眼鏡,YA鼠/ROUND_1/22_恢復_扶正眼鏡/86.webp,ed2749ec1b61b6883d915c0fb33f628cc5f04ae60c27f2eab06790b911dbb8e2,detected_or_manifest,512,256,256,256,50320a2345b5f88c00c15af381f463bdfda22a53c81daff28c3d775c3d3ed833,False,False
YA鼠,ROUND_2,1,11,1,前衝,YA鼠/ROUND_2/01_前衝/11.webp,0bcc4db15dd6c200e003ef18df683fc66ac2066d53b017ebc553bc336a26ea66,manual,33,14,216,235,8fcb54707479df8c702064c34ae6c63ce07d4a2b664b58deb54eaffeb08acf2c,False,True
YA鼠,ROUND_2,1,13,3,前衝,YA鼠/ROUND_2/01_前衝/13.webp,0bcc4db15dd6c200e003ef18df683fc66ac2066d53b017ebc553bc336a26ea66,manual,541,9,213,241,d1cce7f74e9f7b481eb0a8080f77cdf8bd61f71405e59125533941cb2db9fc3b,False,True
YA鼠,ROUND_2,1,16,6,後撤,YA鼠/ROUND_2/02_後撤/16.webp,0bcc4db15dd6c200e003ef18df683fc66ac2066d53b017ebc553bc336a26ea66,detected_or_manifest,512,256,256,256,e4d80d05e142475727266efcd1c1bce70c7422b9fb8e984b9677c28a0b0db4c8,False,False
YA鼠,ROUND_2,2,21,1,投技「你離我太近了！」,YA鼠/ROUND_2/03_投技「你離我太近了！」/21.webp,f4d1e28fa179f67dafa63c5922f658118fa92cf1129ff5944f5394785c0e4a3f,detected_or_manifest,0,0,289,242,59784fb1e10130b2cd50258523b3dd51eb3c6cd18955d4ff9e72b079aa9ec376,False,False
YA鼠,ROUND_2,2,22,2,投技「你離我太近了！」,YA鼠/ROUND_2/03_投技「你離我太近了！」/22.webp,f4d1e28fa179f67dafa63c5922f658118fa92cf1129ff5944f5394785c0e4a3f,detected_or_manifest,297,0,228,257,13d1722630852817be61cf7753bc6a7dc47634df9c59af0c88fa6fba4a943317,False,False
YA鼠,ROUND_2,2,23,3,投技「你離我太近了！」,YA鼠/ROUND_2/03_投技「你離我太近了！」/23.webp,f4d1e28fa179f67dafa63c5922f658118fa92cf1129ff5944f5394785c0e4a3f,manual,545,12,207,226,eb46966b4acd4ac061ef475ee26e97784e5eb90ec7f86b494b5a5934a14ba81d,False,True
YA鼠,ROUND_2,2,25,5,投技「你離我太近了！」,YA鼠/ROUND_2/03_投技「你離我太近了！」/25.webp,f4d1e28fa179f67dafa63c5922f658118fa92cf1129ff5944f5394785c0e4a3f,detected_or_manifest,266,247,271,265,b5198c65218a0d186c7363fee4c00d89285ea823e69a68b967fdd250854f7b29,False,False
YA鼠,ROUND_2,2,26,6,投技「你離我太近了！」,YA鼠/ROUND_2/03_投技「你離我太近了！」/26.webp,f4d1e28fa179f67dafa63c5922f658118fa92cf1129ff5944f5394785c0e4a3f,detected_or_manifest,512,256,256,256,37b19405fbd82a4c4bfb5ed2db5a9ecb00d4cdae51b706a4764d7eda083c6cbe,False,False
YA鼠,ROUND_2,3,32,2,被摔空中,YA鼠/ROUND_2/05_被摔空中/32.webp,6b60722e7d95a1bce0c4c3456d3a60c8af5d5742130da00f6e21eaccdea6ea85,detected_or_manifest,256,0,256,256,8c235828444dc9917b7ba8109f8f4ddfc3be8086e2e4d345c28767a715dda4de,False,False
YA鼠,ROUND_2,3,34,4,Knockdown Impact,YA鼠/ROUND_2/07_Knockdown_Impact/34.webp,6b60722e7d95a1bce0c4c3456d3a60c8af5d5742130da00f6e21eaccdea6ea85,manual,16,285,258,216,188380fda148e88315570940fd25a5e2ce7c9766a57bcf9da225f8734c67cfa1,False,True
YA鼠,ROUND_2,3,35,5,Knockdown Hold,YA鼠/ROUND_2/08_Knockdown_Hold/35.webp,6b60722e7d95a1bce0c4c3456d3a60c8af5d5742130da00f6e21eaccdea6ea85,detected_or_manifest,256,256,256,256,3cfcfd98256b214119342c76ba2574043bc1487ec8dd7557e4bf568cb6622450,False,False
YA鼠,ROUND_2,3,36,6,翻身恢復,YA鼠/ROUND_2/09_翻身恢復/36.webp,6b60722e7d95a1bce0c4c3456d3a60c8af5d5742130da00f6e21eaccdea6ea85,manual,537,285,221,242,1950c8af5bbe5761c2af378a4c63a5ca801b257b8c602da0c3538f15bf88c065,False,True
YA鼠,ROUND_2,3,38,8,起身後段／扶眼鏡,YA鼠/ROUND_2/11_起身後段_扶眼鏡/38.webp,6b60722e7d95a1bce0c4c3456d3a60c8af5d5742130da00f6e21eaccdea6ea85,manual,280,493,241,275,b2cfd8087aba4357b2344457e4460acc06c9f589247482a0e8afd87ba0d69d95,False,True
YA鼠,ROUND_2,3,39,9,KO,YA鼠/ROUND_2/12_KO/39.webp,6b60722e7d95a1bce0c4c3456d3a60c8af5d5742130da00f6e21eaccdea6ea85,detected_or_manifest,512,512,256,256,85e9b8d0d0b256548d875234d21936bcf18f5416ac8ae0c9ccf5c88b72eca08f,False,False
YA鼠,ROUND_2,4,41,1,Charge Start,YA鼠/ROUND_2/13_Charge_Start/41.webp,3027a4124c31f66baed86ad0683e5706df132120c1571eb8064649d8b0b14d2c,detected_or_manifest,0,0,256,256,4037a8f49e90251b57597fd293a5db48e71f365e4071f322590b84f97841da92,False,False
YA鼠,ROUND_2,4,42,2,Charge Loop,YA鼠/ROUND_2/14_Charge_Loop/42.webp,3027a4124c31f66baed86ad0683e5706df132120c1571eb8064649d8b0b14d2c,detected_or_manifest,256,0,256,256,60533708fbb1881189d6c83318035d1f3c547ae0961d064834d4ffcedfc81a09,False,False
YA鼠,ROUND_2,4,43,3,Maximum Charge,YA鼠/ROUND_2/15_Maximum_Charge/43.webp,3027a4124c31f66baed86ad0683e5706df132120c1571eb8064649d8b0b14d2c,detected_or_manifest,512,0,256,256,1749fefeb038616405af4e1a164e3b0bd555122e1b4f8cb3faaebb497cebf8ed,False,False
YA鼠,ROUND_2,4,44,4,Release Anticipation,YA鼠/ROUND_2/16_Release_Anticipation/44.webp,3027a4124c31f66baed86ad0683e5706df132120c1571eb8064649d8b0b14d2c,detected_or_manifest,0,256,256,256,b7791e727d00b0586fd1d7546df1522928f1bd311a1d756edd04def6e0ae335c,False,False
YA鼠,ROUND_2,4,45,5,招呼波 Release,YA鼠/ROUND_2/17_招呼波_Release/45.webp,3027a4124c31f66baed86ad0683e5706df132120c1571eb8064649d8b0b14d2c,detected_or_manifest,261,260,264,252,a714124df86865c8e7aa9e645c0ebf2baf48dcab9f8939dde197452d39a3a785,False,False
YA鼠,ROUND_2,4,46,6,尷尬後退恢復,YA鼠/ROUND_2/18_尷尬後退恢復/46.webp,3027a4124c31f66baed86ad0683e5706df132120c1571eb8064649d8b0b14d2c,detected_or_manifest,532,256,236,256,ae535ec15990a891298b56e68fa22fec9e2a36b53ad5e2362904007b660e0c33,False,False
YA鼠,ROUND_2,5,51,1,短距離尷尬波,YA鼠/ROUND_2/19_短距離尷尬波/51.webp,76c40852c9995ed1c14438eebf646c206b5c5518eb684c407ae19d2035222c49,manual,62,38,185,194,c97b3a48bab632d8ede9fc99029403e0dfb1eabae33ec99c92f0f325d105591b,False,True
YA鼠,ROUND_2,5,52,2,命中 Slow Ripple,YA鼠/ROUND_2/20_命中_Slow_Ripple/52.webp,76c40852c9995ed1c14438eebf646c206b5c5518eb684c407ae19d2035222c49,manual,298,64,199,158,95ed5c803336b70ec5ca2e7cc5ca02fa90a06b44411d7953b3b158f9e0ab2c03,False,True
YA鼠,ROUND_2,5,53,3,Movement Delay Module,YA鼠/ROUND_2/21_Movement_Delay_Module/53.webp,76c40852c9995ed1c14438eebf646c206b5c5518eb684c407ae19d2035222c49,manual,533,34,215,213,65a8be39aba8d7f4868edc42e7cd1d6630e1e9655b3ba666857ba9a3753f8981,False,True
YA鼠,ROUND_2,5,54,4,Lv2 Zone Core,YA鼠/ROUND_2/22_Lv2_Zone_Core/54.webp,76c40852c9995ed1c14438eebf646c206b5c5518eb684c407ae19d2035222c49,manual,5,260,239,211,38eb94e2aa55aaac0efe1a0d8ebe213a0d4835566a09a42a42a3ea271adc9768,False,True
YA鼠,ROUND_2,5,55,5,Persistent Social-Pressure Zone,YA鼠/ROUND_2/23_Persistent_Social-Pressure_Zone/55.webp,76c40852c9995ed1c14438eebf646c206b5c5518eb684c407ae19d2035222c49,manual,254,247,283,213,2eec7d8a487e2a3e201bbed3fd6d9f26b8123a51603156eaaa5da791b9b8cfc3,False,True
YA鼠,ROUND_2,5,56,6,Lv2 Slow Overlay,YA鼠/ROUND_2/24_Lv2_Slow_Overlay/56.webp,76c40852c9995ed1c14438eebf646c206b5c5518eb684c407ae19d2035222c49,manual,545,266,210,217,c81ec7c5c07bf93869403971a79f2b22ebf9aaa750a5d1fb2ef75ac952dcfab5,False,True
YA鼠,ROUND_2,5,57,7,Large Social-Death Zone,YA鼠/ROUND_2/25_Large_Social-Death_Zone/57.webp,76c40852c9995ed1c14438eebf646c206b5c5518eb684c407ae19d2035222c49,manual,0,479,313,282,62f27ff8f4d748bdb13eb7a88e5044145d9dce66c2568615b91ce14e47a57479,False,True
YA鼠,ROUND_2,5,58,8,Zone Interior Distortion,YA鼠/ROUND_2/26_Zone_Interior_Distortion/58.webp,76c40852c9995ed1c14438eebf646c206b5c5518eb684c407ae19d2035222c49,manual,330,482,197,231,57aceb300fe165913d69020c6e51bd143a2b6fcf7b4bc9d899f04f8f12e02350,False,True
YA鼠,ROUND_2,5,59,9,Strong Movement-Hesitation Overlay,YA鼠/ROUND_2/27_Strong_Movement-Hesitation_Overlay/59.webp,76c40852c9995ed1c14438eebf646c206b5c5518eb684c407ae19d2035222c49,manual,519,484,249,225,dfbfe50c001f45fbc01d30b030f29601c60c843482be5f3057b2f8a499faecf8,False,True
YA鼠,ROUND_2,6,61,1,偷偷拿手機,YA鼠/ROUND_2/28_偷偷拿手機/61.webp,c2f82b108e936c5e2f666ce8ec3fd49faae99c2c1e3a557f4850a8d745c91fe8,detected_or_manifest,0,0,256,256,0534a30852775ca61850eacf61f2c7e4a8a6fd5fcd60b20fff9449e9a1dae1fe,False,False
YA鼠,ROUND_2,6,62,2,手機相機準備,YA鼠/ROUND_2/29_手機相機準備/62.webp,c2f82b108e936c5e2f666ce8ec3fd49faae99c2c1e3a557f4850a8d745c91fe8,detected_or_manifest,256,0,256,256,ef8ab00bbe871a6125d2f473e936d2a189a2bad3a96d0a0916be3675df701fbb,False,False
YA鼠,ROUND_2,6,63,3,CAMERA FLASH ACTIVE,YA鼠/ROUND_2/30_CAMERA_FLASH_ACTIVE/63.webp,c2f82b108e936c5e2f666ce8ec3fd49faae99c2c1e3a557f4850a8d745c91fe8,detected_or_manifest,501,0,267,245,91f58ee12d4f0c928a25626c2033d8246f7ea6ce6d20fabc591d8559afb22dc1,False,False
YA鼠,ROUND_2,6,64,4,Flash 命中確認,YA鼠/ROUND_2/31_Flash_命中確認/64.webp,c2f82b108e936c5e2f666ce8ec3fd49faae99c2c1e3a557f4850a8d745c91fe8,detected_or_manifest,0,256,256,256,dc19e51dfe0d5cdc76716e6641fe13da4a825715e5842da1f3eb1758602d6d93,False,False
YA鼠,ROUND_2,6,65,5,Block／Whiff Failure,YA鼠/ROUND_2/32_Block_Whiff_Failure/65.webp,c2f82b108e936c5e2f666ce8ec3fd49faae99c2c1e3a557f4850a8d745c91fe8,detected_or_manifest,255,260,273,234,b7245750074958f1bfc12f54b82f643d382793f78f4f74dad5a8ae2d7eb33156,False,False
YA鼠,ROUND_2,6,66,6,Catastrophic Recovery,YA鼠/ROUND_2/33_Catastrophic_Recovery/66.webp,c2f82b108e936c5e2f666ce8ec3fd49faae99c2c1e3a557f4850a8d745c91fe8,detected_or_manifest,541,255,227,257,a4d555f9dcafe0666e7a3774cdba96ed2a02291eabd6848b198c9d079c99439c,False,False
YA鼠,ROUND_2,7,71,1,Camera Flash Core,YA鼠/ROUND_2/34_Camera_Flash_Core/71.webp,8610047c9f6ea9810e269cb1d61e3bcd381af19c6de02486079f7817ef49b01f,manual,0,0,262,222,3bc6526a54158c08890e7134c00cbb4e21f7e068fc2ae412186d0de89c1d1e0d,False,True
YA鼠,ROUND_2,7,72,2,前方 Camera Flash Cone,YA鼠/ROUND_2/35_前方_Camera_Flash_Cone/72.webp,8610047c9f6ea9810e269cb1d61e3bcd381af19c6de02486079f7817ef49b01f,manual,252,7,255,231,e04888cd8a9c0a39401c75c5ce98b5e82bc1232681f053f8e079e0fe2246e5f2,False,True
YA鼠,ROUND_2,7,73,3,Flash Hit Freeze,YA鼠/ROUND_2/36_Flash_Hit_Freeze/73.webp,8610047c9f6ea9810e269cb1d61e3bcd381af19c6de02486079f7817ef49b01f,manual,533,24,235,199,2b949e47810cc87bc72855d01b5ae51e39b15286c6a6a502f7084898bdfc2cc4,False,True
YA鼠,ROUND_2,7,74,4,拍立得照片框,YA鼠/ROUND_2/37_拍立得照片框/74.webp,8610047c9f6ea9810e269cb1d61e3bcd381af19c6de02486079f7817ef49b01f,manual,1,226,242,287,85f0d6ad9b5a0300a39a1b110020953592e38ee1a9a1972f4e0ada7650a24f5d,False,True
YA鼠,ROUND_2,7,75,5,Photographization Overlay,YA鼠/ROUND_2/38_Photographization_Overlay/75.webp,8610047c9f6ea9810e269cb1d61e3bcd381af19c6de02486079f7817ef49b01f,manual,256,251,258,252,f94269994bf78182151178903460424ab7c938f1462776ee78ad78d9a174d0b5,False,True
YA鼠,ROUND_2,7,76,6,巨型「社死大頭貼」框,YA鼠/ROUND_2/39_巨型「社死大頭貼」框/76.webp,8610047c9f6ea9810e269cb1d61e3bcd381af19c6de02486079f7817ef49b01f,manual,499,220,269,296,423898113b3b0766d5f8631691b6623fb43af12067470e8314682548ca26a339,False,True
YA鼠,ROUND_2,7,77,7,Embarrassment Pressure Burst,YA鼠/ROUND_2/40_Embarrassment_Pressure_Burst/77.webp,8610047c9f6ea9810e269cb1d61e3bcd381af19c6de02486079f7817ef49b01f,manual,0,505,264,256,f6942e2a170aa23706267d7a2795365793fc3dd9efc1e40bc7eed081d1b2c947,False,True
YA鼠,ROUND_2,7,78,8,Photo Shake／Cringe,YA鼠/ROUND_2/41_Photo_Shake_Cringe/78.webp,8610047c9f6ea9810e269cb1d61e3bcd381af19c6de02486079f7817ef49b01f,manual,277,522,223,231,43ca4913bf7412deb485510560e4d96d35b488c1566a33d8168e50148d83244a,False,True
YA鼠,ROUND_2,7,79,9,照片開始產生撕裂裂痕,YA鼠/ROUND_2/42_照片開始產生撕裂裂痕/79.webp,8610047c9f6ea9810e269cb1d61e3bcd381af19c6de02486079f7817ef49b01f,manual,525,510,243,258,e20210f2bad23b93dd2f210fe79093d0477626bf48c084da17a555e3e18ebfb5,False,True
YA鼠,ROUND_2,8,81,1,上半張撕裂照片,YA鼠/ROUND_2/43_上半張撕裂照片/81.webp,ca94338cf8993a5efddc9be8813de3e13607e19b1e9005d63c2ae04f785b58e3,manual,0,10,281,218,f669c877dee21f3d6e10d21f07f1e29bbd07f2a0a6de98ae842c7652af6268df,False,True
YA鼠,ROUND_2,8,82,2,下半張撕裂照片,YA鼠/ROUND_2/44_下半張撕裂照片/82.webp,ca94338cf8993a5efddc9be8813de3e13607e19b1e9005d63c2ae04f785b58e3,manual,291,1,264,249,ba1b9129a5a337951538d78dca311e4b3190992b2d75262f5ffb1090e9c39935,False,True
YA鼠,ROUND_2,8,83,3,左側碎片,YA鼠/ROUND_2/45_左側碎片/83.webp,ca94338cf8993a5efddc9be8813de3e13607e19b1e9005d63c2ae04f785b58e3,manual,568,0,199,263,9db794ddbf1862bad6c9a97cf79771384c94b9164be85a1ad0a602c6bbfca0a0,False,True
YA鼠,ROUND_2,8,84,4,右側碎片,YA鼠/ROUND_2/46_右側碎片/84.webp,ca94338cf8993a5efddc9be8813de3e13607e19b1e9005d63c2ae04f785b58e3,manual,1,244,186,274,c83cd4b09413aa858a732f1c9db93db11fac6407746d6219892c4a6438ec9e3e,False,True
YA鼠,ROUND_2,8,85,5,中央撕裂爆發,YA鼠/ROUND_2/47_中央撕裂爆發/85.webp,ca94338cf8993a5efddc9be8813de3e13607e19b1e9005d63c2ae04f785b58e3,manual,246,244,274,270,f3946cf9bb8aa1033ec02ae4a9b29b2573f6aa1037221adc14381569a1ddc084,False,True
YA鼠,ROUND_2,8,86,6,多碎片照片爆裂,YA鼠/ROUND_2/48_多碎片照片爆裂/86.webp,ca94338cf8993a5efddc9be8813de3e13607e19b1e9005d63c2ae04f785b58e3,manual,536,253,232,254,f3d9bd3d5613591401cff9919eaccd330ae26ffdcc4e06f96376b16abcdcbfa1,False,True
YA鼠,ROUND_2,8,87,7,Social-Death Impact,YA鼠/ROUND_2/49_Social-Death_Impact/87.webp,ca94338cf8993a5efddc9be8813de3e13607e19b1e9005d63c2ae04f785b58e3,manual,0,509,237,245,78a06af79d2f0618db94f13f2a03291e5b85fbcb93a52385441dd44386debd5c,False,True
YA鼠,ROUND_2,8,88,8,Hard Knockdown Finish,YA鼠/ROUND_2/50_Hard_Knockdown_Finish/88.webp,ca94338cf8993a5efddc9be8813de3e13607e19b1e9005d63c2ae04f785b58e3,manual,247,510,291,258,f4dc76411f126aaf976c9ca56bbcd441356552ebc549bacd814a5d638d569184,False,True
YA鼠,ROUND_2,8,89,9,照片碎片消散,YA鼠/ROUND_2/51_照片碎片消散/89.webp,ca94338cf8993a5efddc9be8813de3e13607e19b1e9005d63c2ae04f785b58e3,manual,542,500,226,254,e68660ca1395eb3e632ed7c165510ffaffadd894848b936eec148b543df980ea,False,True
Oh fuxking 天婦羅尬哩涼,ROUND_1,1,11,1,待機,Oh fuxking 天婦羅尬哩涼/ROUND_1/01_待機/11.webp,dd5c53ded8e5934f11af429c2439c7d6faa1f534669868768ad8b46e1bcda7ed,detected_or_manifest,0,0,256,256,86cbf56e851a7cd8551fa656f793814e4956d8a7345aedffdc19876a2eb9c40a,False,False
Oh fuxking 天婦羅尬哩涼,ROUND_1,1,12,2,待機,Oh fuxking 天婦羅尬哩涼/ROUND_1/01_待機/12.webp,dd5c53ded8e5934f11af429c2439c7d6faa1f534669868768ad8b46e1bcda7ed,detected_or_manifest,256,0,256,256,0169824a21a0194ad980c31ee5af4ad5108f12de802021d8a510ca02c048c5cd,False,False
Oh fuxking 天婦羅尬哩涼,ROUND_1,1,14,4,前走,Oh fuxking 天婦羅尬哩涼/ROUND_1/02_前走/14.webp,dd5c53ded8e5934f11af429c2439c7d6faa1f534669868768ad8b46e1bcda7ed,detected_or_manifest,0,256,256,256,0648707211cf0d27c951d3fa70d6833408dcec7382442739a2a2cec7dd18fe8f,False,False
Oh fuxking 天婦羅尬哩涼,ROUND_1,1,15,5,前走,Oh fuxking 天婦羅尬哩涼/ROUND_1/02_前走/15.webp,dd5c53ded8e5934f11af429c2439c7d6faa1f534669868768ad8b46e1bcda7ed,detected_or_manifest,256,256,256,256,6d0fcc1c1d87d72d3fe2dc9824744a37e5fc800b74839f420705ddf84dca23e7,False,False
Oh fuxking 天婦羅尬哩涼,ROUND_1,1,16,6,前走,Oh fuxking 天婦羅尬哩涼/ROUND_1/02_前走/16.webp,dd5c53ded8e5934f11af429c2439c7d6faa1f534669868768ad8b46e1bcda7ed,detected_or_manifest,514,248,254,264,57d9083fbdefd9008d992a02664ff70a89de4418f21a6616c2e0a46627d2de7a,False,False
Oh fuxking 天婦羅尬哩涼,ROUND_1,2,24,4,蹲下,Oh fuxking 天婦羅尬哩涼/ROUND_1/04_蹲下/24.webp,b3b22454c1134f333b2756c634b5d4d6123d35b72e885e1f501c5f33be4eb5bf,detected_or_manifest,0,256,256,256,e44c3dfbd57403bafd07cdf6025ed5e7cf43ff991c3c33a9c225a3be1de2706a,False,False
Oh fuxking 天婦羅尬哩涼,ROUND_1,2,25,5,跳躍,Oh fuxking 天婦羅尬哩涼/ROUND_1/05_跳躍/25.webp,b3b22454c1134f333b2756c634b5d4d6123d35b72e885e1f501c5f33be4eb5bf,detected_or_manifest,281,272,239,224,787476293af62919e02274a9b42ad90b3a3c5d6e08c9565a8d9637ab5af3760d,False,False
Oh fuxking 天婦羅尬哩涼,ROUND_1,2,27,7,跳躍,Oh fuxking 天婦羅尬哩涼/ROUND_1/05_跳躍/27.webp,b3b22454c1134f333b2756c634b5d4d6123d35b72e885e1f501c5f33be4eb5bf,detected_or_manifest,0,512,256,256,785aec2c01037a5cab0d665308bbf3613b0fd66277b5facb8309bc850e49a247,False,False
Oh fuxking 天婦羅尬哩涼,ROUND_1,2,28,8,跳躍,Oh fuxking 天婦羅尬哩涼/ROUND_1/05_跳躍/28.webp,b3b22454c1134f333b2756c634b5d4d6123d35b72e885e1f501c5f33be4eb5bf,detected_or_manifest,256,512,256,256,9388be3d4382e5c8f5ebbe6ee2b0ceddac6dac164f01c7e26a263f03ae2056b9,False,False
Oh fuxking 天婦羅尬哩涼,ROUND_1,3,32,2,輕攻「企鵝啄啄」,Oh fuxking 天婦羅尬哩涼/ROUND_1/07_輕攻「企鵝啄啄」/32.webp,af2a6ba8b21c93464c7226799f891253adade47884269caa48a7e40cf1bafc0a,detected_or_manifest,256,0,256,256,c9a30de80a65ae8b6041832e97ddb8dfe8a9384f76ed588c844a749f24ccbe4e,False,False
Oh fuxking 天婦羅尬哩涼,ROUND_1,3,34,4,輕攻「企鵝啄啄」,Oh fuxking 天婦羅尬哩涼/ROUND_1/07_輕攻「企鵝啄啄」/34.webp,af2a6ba8b21c93464c7226799f891253adade47884269caa48a7e40cf1bafc0a,detected_or_manifest,0,256,256,256,5b09d49926b0b9cf71e461b85587a0de377439448ad0980b37bc4639d675b600,False,False
Oh fuxking 天婦羅尬哩涼,ROUND_1,3,35,5,輕攻「企鵝啄啄」,Oh fuxking 天婦羅尬哩涼/ROUND_1/07_輕攻「企鵝啄啄」/35.webp,af2a6ba8b21c93464c7226799f891253adade47884269caa48a7e40cf1bafc0a,detected_or_manifest,256,256,256,256,c2821ff8cabdb8d55cf8ea0d3b525f6e9f34a995551b8d9913d4a5a1c3de0c8f,False,False
Oh fuxking 天婦羅尬哩涼,ROUND_1,4,42,2,重攻「天婦羅鐵頭功」,Oh fuxking 天婦羅尬哩涼/ROUND_1/08_重攻「天婦羅鐵頭功」/42.webp,0a53543cc421454495b9a63a1d1e79cc52389b7b318638d7017dc56aa7ae2b83,detected_or_manifest,256,0,256,256,7f58702a6d4681b2d2e4b79691d2bb8a9530a620ab6f22ff775c42cba2cfcacd,False,False
Oh fuxking 天婦羅尬哩涼,ROUND_1,4,44,4,重攻「天婦羅鐵頭功」,Oh fuxking 天婦羅尬哩涼/ROUND_1/08_重攻「天婦羅鐵頭功」/44.webp,0a53543cc421454495b9a63a1d1e79cc52389b7b318638d7017dc56aa7ae2b83,manual,10,290,267,195,9e052db14817c7fe93e3fe9146d42042dd01a15a052bd617d5833f4808e7149d,False,True
Oh fuxking 天婦羅尬哩涼,ROUND_1,4,45,5,重攻「天婦羅鐵頭功」,Oh fuxking 天婦羅尬哩涼/ROUND_1/08_重攻「天婦羅鐵頭功」/45.webp,0a53543cc421454495b9a63a1d1e79cc52389b7b318638d7017dc56aa7ae2b83,manual,285,290,249,190,fab2dd8686918417689b1e65bd7f35629573ae2456a2a4e33986737896a2ad1b,False,True
Oh fuxking 天婦羅尬哩涼,ROUND_1,4,46,6,重攻「天婦羅鐵頭功」,Oh fuxking 天婦羅尬哩涼/ROUND_1/08_重攻「天婦羅鐵頭功」/46.webp,0a53543cc421454495b9a63a1d1e79cc52389b7b318638d7017dc56aa7ae2b83,manual,531,281,222,209,ef10691e96756bb24f751f692fd74b28f99ff0da54ad5075433210e07f253645,False,True
Oh fuxking 天婦羅尬哩涼,ROUND_1,5,54,4,下段「冰面肚皮滑行」,Oh fuxking 天婦羅尬哩涼/ROUND_1/09_下段「冰面肚皮滑行」/54.webp,29b04849021d1183a6cdb393bb85449c45e1c0cf5e83953d9c648a6db962e0da,manual,0,316,265,196,eb1b370d071e2c653d95ae927c04ac66b2681a48d2d419c72b9835e8cd8ccffe,False,True
Oh fuxking 天婦羅尬哩涼,ROUND_1,5,55,5,下段「冰面肚皮滑行」,Oh fuxking 天婦羅尬哩涼/ROUND_1/09_下段「冰面肚皮滑行」/55.webp,29b04849021d1183a6cdb393bb85449c45e1c0cf5e83953d9c648a6db962e0da,detected_or_manifest,256,256,256,256,7d8294e12fc4b9202d981a5a3a01bfff601dc0e3807717b9fca5ac2c285f2747,False,False
Oh fuxking 天婦羅尬哩涼,ROUND_1,5,56,6,下段「冰面肚皮滑行」,Oh fuxking 天婦羅尬哩涼/ROUND_1/09_下段「冰面肚皮滑行」/56.webp,29b04849021d1183a6cdb393bb85449c45e1c0cf5e83953d9c648a6db962e0da,detected_or_manifest,541,287,227,196,20e730194d6faab21433a34c4f9ab6dcc6f653ed681aabaa3cb7ede8e52a7365,False,False
Oh fuxking 天婦羅尬哩涼,ROUND_1,6,62,2,空中攻擊「企鵝炸彈」,Oh fuxking 天婦羅尬哩涼/ROUND_1/10_空中攻擊「企鵝炸彈」/62.webp,7e8bd3751583821183a606a5fc60456b8c43f493dc349e03f50d54566edcbeb2,detected_or_manifest,221,0,307,238,c9a0b7f0cbcf21cb958f866f17537d7fc558d72bbdddebe626b65bba864c12b1,False,False
Oh fuxking 天婦羅尬哩涼,ROUND_1,6,63,3,空中攻擊「企鵝炸彈」,Oh fuxking 天婦羅尬哩涼/ROUND_1/10_空中攻擊「企鵝炸彈」/63.webp,7e8bd3751583821183a606a5fc60456b8c43f493dc349e03f50d54566edcbeb2,detected_or_manifest,520,0,248,257,7aa9ac462479113a1e29fddc1511bcf027dfea13512c006386ba25bbf190b0a3,False,False
Oh fuxking 天婦羅尬哩涼,ROUND_1,6,64,4,空中攻擊「企鵝炸彈」,Oh fuxking 天婦羅尬哩涼/ROUND_1/10_空中攻擊「企鵝炸彈」/64.webp,7e8bd3751583821183a606a5fc60456b8c43f493dc349e03f50d54566edcbeb2,detected_or_manifest,0,256,256,256,f724bb65d7fffe265dcc748004c2d316c599a03f1eed30d0abfd8f530c67b755,False,False
Oh fuxking 天婦羅尬哩涼,ROUND_1,6,65,5,空中攻擊「企鵝炸彈」,Oh fuxking 天婦羅尬哩涼/ROUND_1/10_空中攻擊「企鵝炸彈」/65.webp,7e8bd3751583821183a606a5fc60456b8c43f493dc349e03f50d54566edcbeb2,detected_or_manifest,295,244,242,259,417ec0a5c2541c9d2ac01217e14c28dd012f0c3dff044d5ef8cf81a0908b53f1,False,False
Oh fuxking 天婦羅尬哩涼,ROUND_1,6,66,6,空中攻擊「企鵝炸彈」,Oh fuxking 天婦羅尬哩涼/ROUND_1/10_空中攻擊「企鵝炸彈」/66.webp,7e8bd3751583821183a606a5fc60456b8c43f493dc349e03f50d54566edcbeb2,detected_or_manifest,517,262,251,250,4490a73a88a21befdb3099c4d6acf18b4b489674cf77c19efe2b65e2f41f3eb3,False,False
Oh fuxking 天婦羅尬哩涼,ROUND_1,7,71,1,站防,Oh fuxking 天婦羅尬哩涼/ROUND_1/11_站防/71.webp,ec0bb039d87b22d2c6e5cda945d13baca866fc224aa27f0d16771cf4ece33ef4,detected_or_manifest,32,0,224,301,e8a7a921ddf8cdd5475546e30e62d257c995032fcc9c99021335faf4d95d3f3e,False,False
Oh fuxking 天婦羅尬哩涼,ROUND_1,7,72,2,站防 Impact,Oh fuxking 天婦羅尬哩涼/ROUND_1/12_站防_Impact/72.webp,ec0bb039d87b22d2c6e5cda945d13baca866fc224aa27f0d16771cf4ece33ef4,detected_or_manifest,274,0,238,287,2e720ef596ae3a39eb0f0dd8eecbc02a14e5fad08be1268043679ca462f55421,False,False
Oh fuxking 天婦羅尬哩涼,ROUND_1,7,73,3,站防硬直,Oh fuxking 天婦羅尬哩涼/ROUND_1/13_站防硬直/73.webp,ec0bb039d87b22d2c6e5cda945d13baca866fc224aa27f0d16771cf4ece33ef4,detected_or_manifest,516,1,252,291,2655342975feff49234ee98d152a831418abf716e5ef46d357d2ad1a9bb9ec24,False,False
Oh fuxking 天婦羅尬哩涼,ROUND_1,7,75,5,蹲防 Impact,Oh fuxking 天婦羅尬哩涼/ROUND_1/15_蹲防_Impact/75.webp,ec0bb039d87b22d2c6e5cda945d13baca866fc224aa27f0d16771cf4ece33ef4,detected_or_manifest,243,295,255,217,768f05ec02cae775f1ae196e47fa4d2f57912ad93d37addc98573a9bc76c6f5e,False,False
Oh fuxking 天婦羅尬哩涼,ROUND_1,7,76,6,蹲防硬直,Oh fuxking 天婦羅尬哩涼/ROUND_1/16_蹲防硬直/76.webp,ec0bb039d87b22d2c6e5cda945d13baca866fc224aa27f0d16771cf4ece33ef4,detected_or_manifest,512,279,256,233,8f18dfa76ca9e56f379ef995f6fb394a3f233bfb57b5a3c404cdfe952df63bf4,False,False
Oh fuxking 天婦羅尬哩涼,ROUND_1,9,91,1,前衝,Oh fuxking 天婦羅尬哩涼/ROUND_1/23_前衝/91.webp,83c1484181745ae8a8dd360b83e7f40ce545d1cfb6461ec1814d7c88a3a1e432,detected_or_manifest,0,0,256,256,350acc8eb266238bdbb7a3255dcdd20f80b585ea897cd87dcc61d00ea7f4a2bd,False,False
Oh fuxking 天婦羅尬哩涼,ROUND_1,9,92,2,前衝,Oh fuxking 天婦羅尬哩涼/ROUND_1/23_前衝/92.webp,83c1484181745ae8a8dd360b83e7f40ce545d1cfb6461ec1814d7c88a3a1e432,detected_or_manifest,256,0,256,256,57281afe2cdf242542279f447832d6c4aa1211adb746db8ee47cb93763f874c4,False,False
Oh fuxking 天婦羅尬哩涼,ROUND_2,1,13,3,投技「一起摔啦！」,Oh fuxking 天婦羅尬哩涼/ROUND_2/01_投技「一起摔啦！」/13.webp,f73d1ba8454a5323d93fee7b2cd31670c12d165244b8a95dd8bc76c3caa2c333,detected_or_manifest,483,0,241,272,b282f26721c6262f41c2c70598ccc825280336428c35c967d69e49368e7e82a2,False,False
Oh fuxking 天婦羅尬哩涼,ROUND_2,1,14,4,投技「一起摔啦！」,Oh fuxking 天婦羅尬哩涼/ROUND_2/01_投技「一起摔啦！」/14.webp,f73d1ba8454a5323d93fee7b2cd31670c12d165244b8a95dd8bc76c3caa2c333,detected_or_manifest,0,264,266,279,4a91676a41edc9d7cf2a1e96fad41ddebcfa7bf7e07e6bc5159bcc44b7bb6aa5,False,False
Oh fuxking 天婦羅尬哩涼,ROUND_2,1,15,5,投技「一起摔啦！」,Oh fuxking 天婦羅尬哩涼/ROUND_2/01_投技「一起摔啦！」/15.webp,f73d1ba8454a5323d93fee7b2cd31670c12d165244b8a95dd8bc76c3caa2c333,detected_or_manifest,250,271,241,272,56a09a4bbb8db2ba40445ec1e7b1a70f3687008cbdf84f9d59efef8c6ef7c6ef,False,False
Oh fuxking 天婦羅尬哩涼,ROUND_2,2,21,1,強擊起飛,Oh fuxking 天婦羅尬哩涼/ROUND_2/02_強擊起飛/21.webp,175ae209b5be9b502be6da3baea4147d7bf223cc7332b8dd94872198bf2d24e5,detected_or_manifest,0,0,241,181,d7a219cc1fb350739aadfb2b32198775635f4a960b20c4fad18ecd3050c991a9,False,False
Oh fuxking 天婦羅尬哩涼,ROUND_2,2,22,2,被摔空中,Oh fuxking 天婦羅尬哩涼/ROUND_2/03_被摔空中/22.webp,175ae209b5be9b502be6da3baea4147d7bf223cc7332b8dd94872198bf2d24e5,detected_or_manifest,241,0,242,181,4af7cbd25db1fca77d7cd8cf830d2dd50c6dad6791e84cfc6a846bc56b8980dc,False,False
Oh fuxking 天婦羅尬哩涼,ROUND_2,2,23,3,下墜,Oh fuxking 天婦羅尬哩涼/ROUND_2/04_下墜/23.webp,175ae209b5be9b502be6da3baea4147d7bf223cc7332b8dd94872198bf2d24e5,detected_or_manifest,509,0,215,219,7edcb93039976155c49875c928466f0a7ca03f6d5577b6e84faf4754403e155c,False,False
Oh fuxking 天婦羅尬哩涼,ROUND_2,2,24,4,Knockdown Impact,Oh fuxking 天婦羅尬哩涼/ROUND_2/05_Knockdown_Impact/24.webp,175ae209b5be9b502be6da3baea4147d7bf223cc7332b8dd94872198bf2d24e5,manual,29,220,227,151,58aa3cb50192a4b050a776a5382ef0d79965aa56205d7fdac477bc1cef1e12d4,False,True
Oh fuxking 天婦羅尬哩涼,ROUND_2,2,25,5,Knockdown Hold,Oh fuxking 天婦羅尬哩涼/ROUND_2/06_Knockdown_Hold/25.webp,175ae209b5be9b502be6da3baea4147d7bf223cc7332b8dd94872198bf2d24e5,detected_or_manifest,241,181,242,181,41292f8f06eb0ffba1f64ff8f14fd18460e876412fa40b3a0ced03c330f6f5ab,False,False
Oh fuxking 天婦羅尬哩涼,ROUND_2,2,27,7,起身前段,Oh fuxking 天婦羅尬哩涼/ROUND_2/08_起身前段/27.webp,175ae209b5be9b502be6da3baea4147d7bf223cc7332b8dd94872198bf2d24e5,detected_or_manifest,0,373,268,170,61518ac9ac50c26918cae93f495b257a352afadb3b3e616f62c42d1caf65c37d,False,False
Oh fuxking 天婦羅尬哩涼,ROUND_2,3,31,1,Charge Start,Oh fuxking 天婦羅尬哩涼/ROUND_2/11_Charge_Start/31.webp,29487990101862ae6bd730ca8f25c9ac700e298ded5837f943ebae0d0e415205,detected_or_manifest,0,0,241,272,8ea73e4d625ede8fd272c4c2ef2ea2633d77575b42525b5fb512c57d2086724a,False,False
Oh fuxking 天婦羅尬哩涼,ROUND_2,3,34,4,短衝 Release,Oh fuxking 天婦羅尬哩涼/ROUND_2/14_短衝_Release/34.webp,29487990101862ae6bd730ca8f25c9ac700e298ded5837f943ebae0d0e415205,detected_or_manifest,0,272,241,271,5ad947815d08b49c6252504fee97f37e661cf38943564ac88a991bd36a5f2aad,False,False
Oh fuxking 天婦羅尬哩涼,ROUND_2,3,35,5,Full Rush／Push Through,Oh fuxking 天婦羅尬哩涼/ROUND_2/15_Full_Rush_Push_Through/35.webp,29487990101862ae6bd730ca8f25c9ac700e298ded5837f943ebae0d0e415205,detected_or_manifest,241,272,242,271,7f55cea72ac3431050bde228b9cc63ae760e4f2a53e8f32b44ffdd471dbf16bb,False,False
Oh fuxking 天婦羅尬哩涼,ROUND_2,3,36,6,煞停／Recovery,Oh fuxking 天婦羅尬哩涼/ROUND_2/16_煞停_Recovery/36.webp,29487990101862ae6bd730ca8f25c9ac700e298ded5837f943ebae0d0e415205,detected_or_manifest,497,306,227,224,c6c373b1ab93bdf3bb408aee7501109ff331112e4a91929f5611e37fd1c03b63,False,False
Oh fuxking 天婦羅尬哩涼,ROUND_2,4,41,1,Lv1「小隊出發」,Oh fuxking 天婦羅尬哩涼/ROUND_2/17_Lv1「小隊出發」/41.webp,32980dca255ea9e99b91189b3cd08ef2ef04804709bb959e703ce4b8a9896cef,detected_or_manifest,0,0,241,181,abd042dbc72c502375dd25b457a14bfbec462021102b0c5e68ef9bd48f5bef58,False,False
Oh fuxking 天婦羅尬哩涼,ROUND_2,4,42,2,Lv1「小隊出發」,Oh fuxking 天婦羅尬哩涼/ROUND_2/17_Lv1「小隊出發」/42.webp,32980dca255ea9e99b91189b3cd08ef2ef04804709bb959e703ce4b8a9896cef,detected_or_manifest,241,0,242,181,fc544aae9469a9f1ab8dbe7476e8e103867567b93a09a106745f47a341bb4f2b,False,False
Oh fuxking 天婦羅尬哩涼,ROUND_2,4,43,3,Lv1「小隊出發」,Oh fuxking 天婦羅尬哩涼/ROUND_2/17_Lv1「小隊出發」/43.webp,32980dca255ea9e99b91189b3cd08ef2ef04804709bb959e703ce4b8a9896cef,manual,476,22,219,201,21ab902f4bdddd52503989d3c13b3f9f13d1118764cc084129569e0f800b43b1,False,True
Oh fuxking 天婦羅尬哩涼,ROUND_2,4,44,4,Lv2「全速前進」,Oh fuxking 天婦羅尬哩涼/ROUND_2/18_Lv2「全速前進」/44.webp,32980dca255ea9e99b91189b3cd08ef2ef04804709bb959e703ce4b8a9896cef,detected_or_manifest,0,181,241,181,ef36ee7055590cea52bf67d7e2668d018900209279baaa7dfc4e89a10b0d6e2f,False,False
Oh fuxking 天婦羅尬哩涼,ROUND_2,4,45,5,Lv2「全速前進」,Oh fuxking 天婦羅尬哩涼/ROUND_2/18_Lv2「全速前進」/45.webp,32980dca255ea9e99b91189b3cd08ef2ef04804709bb959e703ce4b8a9896cef,manual,254,171,236,189,47b03e35963358faccfd6c121cf373c0aad63f3141aef41d06873ab1220c694e,False,True
Oh fuxking 天婦羅尬哩涼,ROUND_2,4,46,6,Lv2「全速前進」,Oh fuxking 天婦羅尬哩涼/ROUND_2/18_Lv2「全速前進」/46.webp,32980dca255ea9e99b91189b3cd08ef2ef04804709bb959e703ce4b8a9896cef,manual,507,227,212,130,8a9dcdafcafa166d80c22cdfbdd479949418720d3a3f040f8fe022984dd1470b,False,True
Oh fuxking 天婦羅尬哩涼,ROUND_2,4,47,7,Lv3「企鵝不要停！」,Oh fuxking 天婦羅尬哩涼/ROUND_2/19_Lv3「企鵝不要停！」/47.webp,32980dca255ea9e99b91189b3cd08ef2ef04804709bb959e703ce4b8a9896cef,manual,0,381,276,154,ee7385a2f618aa407346f7be9a5584de08b0d922aaa7fb3afb368b95282dec72,False,True
Oh fuxking 天婦羅尬哩涼,ROUND_2,4,48,8,Lv3「企鵝不要停！」,Oh fuxking 天婦羅尬哩涼/ROUND_2/19_Lv3「企鵝不要停！」/48.webp,32980dca255ea9e99b91189b3cd08ef2ef04804709bb959e703ce4b8a9896cef,manual,278,370,227,173,df20aabeb185fcfef2dd58046bc0e22be0c5539d9c3ef7257477f7fff226695b,False,True
Oh fuxking 天婦羅尬哩涼,ROUND_2,4,49,9,Lv3「企鵝不要停！」,Oh fuxking 天婦羅尬哩涼/ROUND_2/19_Lv3「企鵝不要停！」/49.webp,32980dca255ea9e99b91189b3cd08ef2ef04804709bb959e703ce4b8a9896cef,manual,503,350,221,189,abdd28bfecae3bffe8e7df230d6847b47a5d2c6b4c6579cc0c7e773b9039d83d,False,True
Oh fuxking 天婦羅尬哩涼,ROUND_2,6,61,1,Minion 1 Deadpan,Oh fuxking 天婦羅尬哩涼/ROUND_2/26_Minion_1_Deadpan/61.webp,e5ce70e78f4c5037c8a163f8e1070bd3ece378c7337811a8a0a9ef53c7038cc9,detected_or_manifest,0,0,241,181,ff2d93e4c127a7768c32c5bbbb73ae41ad624a2eed26a2c25cb04ac5e068d05d,False,False
Oh fuxking 天婦羅尬哩涼,ROUND_2,6,62,2,Minion 1,Oh fuxking 天婦羅尬哩涼/ROUND_2/27_Minion_1/62.webp,e5ce70e78f4c5037c8a163f8e1070bd3ece378c7337811a8a0a9ef53c7038cc9,detected_or_manifest,241,0,242,181,57ad9bdeb5cbf39e3dfa8992cb9ace07020efb3a657b1414d230b6aceaaf87c9,False,False
Oh fuxking 天婦羅尬哩涼,ROUND_2,6,63,3,Minion 1,Oh fuxking 天婦羅尬哩涼/ROUND_2/28_Minion_1/63.webp,e5ce70e78f4c5037c8a163f8e1070bd3ece378c7337811a8a0a9ef53c7038cc9,detected_or_manifest,508,0,216,208,10d7914bb44c0c5b026884d92238ad1bd9c3fca8337697aebe0f447e1410f6c6,False,False
Oh fuxking 天婦羅尬哩涼,ROUND_2,6,64,4,Minion 2 Angry,Oh fuxking 天婦羅尬哩涼/ROUND_2/29_Minion_2_Angry/64.webp,e5ce70e78f4c5037c8a163f8e1070bd3ece378c7337811a8a0a9ef53c7038cc9,manual,25,190,223,170,8bd6134c147f97b12f4957013e2c571f9a7475bf38c2a1b6c13d1b790cc58591,False,True
Oh fuxking 天婦羅尬哩涼,ROUND_2,6,65,5,Minion 2,Oh fuxking 天婦羅尬哩涼/ROUND_2/30_Minion_2/65.webp,e5ce70e78f4c5037c8a163f8e1070bd3ece378c7337811a8a0a9ef53c7038cc9,detected_or_manifest,241,181,242,181,deec8b933cec37cb681cf668df63879fd62cbe227f99a8d6b971e23a7a230ae5,False,False
Oh fuxking 天婦羅尬哩涼,ROUND_2,6,67,7,Minion 3 Nervous,Oh fuxking 天婦羅尬哩涼/ROUND_2/32_Minion_3_Nervous/67.webp,e5ce70e78f4c5037c8a163f8e1070bd3ece378c7337811a8a0a9ef53c7038cc9,detected_or_manifest,0,362,241,181,283c2a1590e18c401536d552c74bfecd4a352ea0c6bbc08662a6933033fbab91,False,False
Oh fuxking 天婦羅尬哩涼,ROUND_2,6,68,8,Minion 3,Oh fuxking 天婦羅尬哩涼/ROUND_2/33_Minion_3/68.webp,e5ce70e78f4c5037c8a163f8e1070bd3ece378c7337811a8a0a9ef53c7038cc9,detected_or_manifest,241,362,242,181,32add768d3fadeff75c164f561aceaaa8b3f23d883eb5743b87cb15a30e3f21a,False,False
Oh fuxking 天婦羅尬哩涼,ROUND_2,7,71,1,Minion 4 Smug,Oh fuxking 天婦羅尬哩涼/ROUND_2/35_Minion_4_Smug/71.webp,0a2e1c25515bc69ac6c3fb99bb9536c46ba45d31cefa42bfb5932e24e8d461c7,manual,29,0,194,199,dcb369f0f13d6e9405278dbca00d49e319d0e7209a622c6db7815086e46c5a49,False,True
Oh fuxking 天婦羅尬哩涼,ROUND_2,7,72,2,Body Check,Oh fuxking 天婦羅尬哩涼/ROUND_2/36_Body_Check/72.webp,0a2e1c25515bc69ac6c3fb99bb9536c46ba45d31cefa42bfb5932e24e8d461c7,detected_or_manifest,254,0,256,197,ff896e7f39f119b29c717a85e2887e011057edd93d10570dc4b605a74e950ca5,False,False
Oh fuxking 天婦羅尬哩涼,ROUND_2,7,74,4,Minion 5 Excited,Oh fuxking 天婦羅尬哩涼/ROUND_2/38_Minion_5_Excited/74.webp,0a2e1c25515bc69ac6c3fb99bb9536c46ba45d31cefa42bfb5932e24e8d461c7,manual,0,197,227,171,43cf23a5f86e63b83a311ecbaedb05a61687aa3d98c1d5d7564dba010e77e9e0,False,True
Oh fuxking 天婦羅尬哩涼,ROUND_2,7,76,6,Hit／Defeat,Oh fuxking 天婦羅尬哩涼/ROUND_2/40_Hit_Defeat/76.webp,0a2e1c25515bc69ac6c3fb99bb9536c46ba45d31cefa42bfb5932e24e8d461c7,detected_or_manifest,493,227,231,155,553c64df9c13fb70e2e8c3e3e4a3a042811a380db943cb74b235b33a1e3cb79f,False,False
Oh fuxking 天婦羅尬哩涼,ROUND_2,7,77,7,Minion 6 Confused,Oh fuxking 天婦羅尬哩涼/ROUND_2/41_Minion_6_Confused/77.webp,0a2e1c25515bc69ac6c3fb99bb9536c46ba45d31cefa42bfb5932e24e8d461c7,manual,29,365,197,178,ea06482970386c3437234c21214b6b89ae24af5e971b0eda2e71dc408f12f17a,False,True
Oh fuxking 天婦羅尬哩涼,ROUND_2,8,81,1,Minion 7 Sleepy,Oh fuxking 天婦羅尬哩涼/ROUND_2/44_Minion_7_Sleepy/81.webp,9d7c632c25ca672e45ab864a3595126b733106c4eca716faa331f898f714405e,manual,9,0,204,185,7173c7cbf1003d942c07a65c358cf0d51da8d184ae549608fcb0aa0522558568,False,True
Oh fuxking 天婦羅尬哩涼,ROUND_2,8,84,4,Minion 8 Shocked,Oh fuxking 天婦羅尬哩涼/ROUND_2/47_Minion_8_Shocked/84.webp,9d7c632c25ca672e45ab864a3595126b733106c4eca716faa331f898f714405e,manual,0,185,205,178,fadda13f4f94cefd1c47a2e97fd13103bf0bf0e08dee438624709182bfee4254,False,True
Oh fuxking 天婦羅尬哩涼,ROUND_2,8,85,5,Body Check,Oh fuxking 天婦羅尬哩涼/ROUND_2/48_Body_Check/85.webp,9d7c632c25ca672e45ab864a3595126b733106c4eca716faa331f898f714405e,manual,226,194,277,161,ae9f5f9d34708c4f84cec7e6369707abd395e1cea9d54d70d3f0af53103a714e,False,True
Oh fuxking 天婦羅尬哩涼,ROUND_2,8,87,7,Minion 9 Determined,Oh fuxking 天婦羅尬哩涼/ROUND_2/50_Minion_9_Determined/87.webp,9d7c632c25ca672e45ab864a3595126b733106c4eca716faa331f898f714405e,manual,0,358,215,185,3ab64dcd516bdfaa89d745fdd6210050ca82a2e20a5009ff7a339e6814962b74,False,True
Oh fuxking 天婦羅尬哩涼,ROUND_2,8,88,8,Body Check,Oh fuxking 天婦羅尬哩涼/ROUND_2/51_Body_Check/88.webp,9d7c632c25ca672e45ab864a3595126b733106c4eca716faa331f898f714405e,manual,244,365,232,169,566aff4a0fe30073bbdd1c72a5f2569d5d628273d432b80b7788d4113246e5dc,False,True
哥布林也想談戀愛,ROUND_1,1,11,1,待機／害羞／緊張準備,哥布林也想談戀愛/ROUND_1/01_待機_害羞_緊張準備/11.webp,7d5ec5e418338db41332eeb688409de96ba3acd4628b1d92adecfcb04fce3dec,detected_or_manifest,0,0,275,259,9b8f359f16a4ff20c43859f729fe8bc3514f9dc6adea52d5f6f0d361807601c9,False,False
哥布林也想談戀愛,ROUND_1,1,13,3,待機／害羞／緊張準備,哥布林也想談戀愛/ROUND_1/01_待機_害羞_緊張準備/13.webp,7d5ec5e418338db41332eeb688409de96ba3acd4628b1d92adecfcb04fce3dec,detected_or_manifest,510,0,239,259,f625cf9c3dbf99ffae2cd59f0a0946053fd1cc3ac04f6add5838e017c9d8d13c,False,False
哥布林也想談戀愛,ROUND_1,1,16,6,前走,哥布林也想談戀愛/ROUND_1/02_前走/16.webp,7d5ec5e418338db41332eeb688409de96ba3acd4628b1d92adecfcb04fce3dec,detected_or_manifest,510,266,258,251,63e011124e612f543013686ca4414c866619d24cffec761f656cbf95cf0ad186,False,False
哥布林也想談戀愛,ROUND_1,1,17,7,後走,哥布林也想談戀愛/ROUND_1/03_後走/17.webp,7d5ec5e418338db41332eeb688409de96ba3acd4628b1d92adecfcb04fce3dec,detected_or_manifest,1,496,287,272,a35daec4f0f2ba2400eb5183052f2d05571e3a9deecf2641c1f73aa08712dbac,False,False
哥布林也想談戀愛,ROUND_1,2,24,4,落地,哥布林也想談戀愛/ROUND_1/06_落地/24.webp,2f7e3c13e35534b42f8514c35e531e1e77306f36d67b704e08f1287db5e53e7c,detected_or_manifest,43,304,211,190,4292ac4b58fc5f46ebf8956e74949c7c2cf7436a45fb223883b0f33e02b8fd2c,False,False
哥布林也想談戀愛,ROUND_1,2,27,7,後撤,哥布林也想談戀愛/ROUND_1/08_後撤/27.webp,2f7e3c13e35534b42f8514c35e531e1e77306f36d67b704e08f1287db5e53e7c,detected_or_manifest,0,509,263,259,7dd55ec4f54c506fd488fac5421701f15dad90ffb2770030dda7474b82f5ef7a,False,False
哥布林也想談戀愛,ROUND_1,3,31,1,站防,哥布林也想談戀愛/ROUND_1/09_站防/31.webp,3c2f2dcca3dffa4b374622615927cf9254fbf3fe26b775b67a75df27e40ae0b8,detected_or_manifest,0,0,256,256,b02c631296aca013a59bb7afdec3779f2d73a710f769499eddf5f0b500d17f57,False,False
哥布林也想談戀愛,ROUND_1,3,32,2,站防 Impact,哥布林也想談戀愛/ROUND_1/10_站防_Impact/32.webp,3c2f2dcca3dffa4b374622615927cf9254fbf3fe26b775b67a75df27e40ae0b8,manual,247,10,237,279,dce32f517194b5afa2c9c643487cc18bf4149d99165efb8200e924e38490bda8,False,True
哥布林也想談戀愛,ROUND_1,3,33,3,站防硬直,哥布林也想談戀愛/ROUND_1/11_站防硬直/33.webp,3c2f2dcca3dffa4b374622615927cf9254fbf3fe26b775b67a75df27e40ae0b8,detected_or_manifest,494,0,274,273,7a4d9b437340d7fb842588be498b22936fc8e87392abb437f2556d07da739c36,False,False
哥布林也想談戀愛,ROUND_1,3,34,4,蹲防,哥布林也想談戀愛/ROUND_1/12_蹲防/34.webp,3c2f2dcca3dffa4b374622615927cf9254fbf3fe26b775b67a75df27e40ae0b8,detected_or_manifest,0,256,256,256,02646378234ece826ff664fed7603bd66060b3e145248227dd1bf56c424364f6,False,False
哥布林也想談戀愛,ROUND_1,3,35,5,蹲防 Impact,哥布林也想談戀愛/ROUND_1/13_蹲防_Impact/35.webp,3c2f2dcca3dffa4b374622615927cf9254fbf3fe26b775b67a75df27e40ae0b8,detected_or_manifest,256,256,256,256,f47f4eb7d3628a8a3a3ed3d6338280bfe34669eab6a41424b1b44bdc84c73f7d,False,False
哥布林也想談戀愛,ROUND_1,3,36,6,蹲防硬直,哥布林也想談戀愛/ROUND_1/14_蹲防硬直/36.webp,3c2f2dcca3dffa4b374622615927cf9254fbf3fe26b775b67a75df27e40ae0b8,manual,522,282,236,210,3281cee778a090f2d071d51eef9cc5ea5084e88691ba1efc2c8fff2549709976,False,True
哥布林也想談戀愛,ROUND_1,3,37,7,Light Hitstun,哥布林也想談戀愛/ROUND_1/15_Light_Hitstun/37.webp,3c2f2dcca3dffa4b374622615927cf9254fbf3fe26b775b67a75df27e40ae0b8,detected_or_manifest,0,512,256,256,15439b694da7a20344e410bd5b71926c082a3b57a355b074519bf68526f050d1,False,False
哥布林也想談戀愛,ROUND_1,3,38,8,Medium Hitstun,哥布林也想談戀愛/ROUND_1/16_Medium_Hitstun/38.webp,3c2f2dcca3dffa4b374622615927cf9254fbf3fe26b775b67a75df27e40ae0b8,manual,282,505,219,263,678dd2214b1a378f3eb7dc8f29d4def4c8d645fb827b0b5e4832c6622b8b5099,False,True
哥布林也想談戀愛,ROUND_1,3,39,9,Heavy Stagger,哥布林也想談戀愛/ROUND_1/17_Heavy_Stagger/39.webp,3c2f2dcca3dffa4b374622615927cf9254fbf3fe26b775b67a75df27e40ae0b8,detected_or_manifest,512,512,256,256,d9ef61755286ebae839b004d2793b703230d69d728e93c418bf0efbdd30e4bc8,False,False
哥布林也想談戀愛,ROUND_1,7,71,1,空中攻擊「從天而降的告白」,哥布林也想談戀愛/ROUND_1/21_空中攻擊「從天而降的告白」/71.webp,6ce6aee60900ff22cbf4a8d9d3ccf45a4cd06c2b98d71e25cff03a969ea5d53b,detected_or_manifest,3,0,229,271,b31a3b8382986072c696662c85a9a2ddd4bea1b6c04d919a57377eb587fa3f13,False,False
哥布林也想談戀愛,ROUND_1,7,72,2,空中攻擊「從天而降的告白」,哥布林也想談戀愛/ROUND_1/21_空中攻擊「從天而降的告白」/72.webp,6ce6aee60900ff22cbf4a8d9d3ccf45a4cd06c2b98d71e25cff03a969ea5d53b,detected_or_manifest,256,0,256,256,877f21162156dfc1de78cf84bd26d158ae6fa97e630b3d7fcf126972ff4ad2c1,False,False
哥布林也想談戀愛,ROUND_1,7,73,3,空中攻擊「從天而降的告白」,哥布林也想談戀愛/ROUND_1/21_空中攻擊「從天而降的告白」/73.webp,6ce6aee60900ff22cbf4a8d9d3ccf45a4cd06c2b98d71e25cff03a969ea5d53b,detected_or_manifest,484,28,284,217,8aecb2a035a6b715533d16e2d10d3c9dbe29d190073668699e50950025565d27,False,False
哥布林也想談戀愛,ROUND_1,7,74,4,空中攻擊「從天而降的告白」,哥布林也想談戀愛/ROUND_1/21_空中攻擊「從天而降的告白」/74.webp,6ce6aee60900ff22cbf4a8d9d3ccf45a4cd06c2b98d71e25cff03a969ea5d53b,detected_or_manifest,0,256,256,256,ae767d03da89c8201cf60f995a74122aa0dddc52e3bd12213bfbbc6a87573e97,False,False
哥布林也想談戀愛,ROUND_1,7,75,5,空中攻擊「從天而降的告白」,哥布林也想談戀愛/ROUND_1/21_空中攻擊「從天而降的告白」/75.webp,6ce6aee60900ff22cbf4a8d9d3ccf45a4cd06c2b98d71e25cff03a969ea5d53b,detected_or_manifest,256,256,256,256,d418699e994fee24987a629784cef4478726745da39bb1bfa53829e197d10b40,False,False
哥布林也想談戀愛,ROUND_1,7,76,6,空中攻擊「從天而降的告白」,哥布林也想談戀愛/ROUND_1/21_空中攻擊「從天而降的告白」/76.webp,6ce6aee60900ff22cbf4a8d9d3ccf45a4cd06c2b98d71e25cff03a969ea5d53b,detected_or_manifest,512,256,256,256,ab934d33b0cd0a9ab9129ae51df14061b98b8fe8d2798905a81342b534968a14,False,False
哥布林也想談戀愛,ROUND_1,8,81,1,普通投技「不要走！」,哥布林也想談戀愛/ROUND_1/22_普通投技「不要走！」/81.webp,904edfffdf06c0006222102b9e08f16690a54008e73771c0f9b28eb5d63cd6af,detected_or_manifest,0,0,282,276,ab103f5af462be217b91d9a48941c9cbe895a9b89b7445e7a1fb6aa623537e5a,False,False
哥布林也想談戀愛,ROUND_1,8,82,2,普通投技「不要走！」,哥布林也想談戀愛/ROUND_1/22_普通投技「不要走！」/82.webp,904edfffdf06c0006222102b9e08f16690a54008e73771c0f9b28eb5d63cd6af,detected_or_manifest,288,0,223,289,4c6485ccb01fefc775cc8f3b566976bc9e222ca718591382c9907c1269fcd4cd,False,False
哥布林也想談戀愛,ROUND_1,9,91,1,Charge Start,哥布林也想談戀愛/ROUND_1/23_Charge_Start/91.webp,2ccb4dd6bc0d68fd61b66bd56e5efcfe45ae5bf00ca90a7cbec764d20cd5aedd,detected_or_manifest,1,0,259,260,88144242f60e230806230242ad0145b9446b242034af944228212753a0ded922,False,False
哥布林也想談戀愛,ROUND_1,9,92,2,Charge Loop,哥布林也想談戀愛/ROUND_1/24_Charge_Loop/92.webp,2ccb4dd6bc0d68fd61b66bd56e5efcfe45ae5bf00ca90a7cbec764d20cd5aedd,detected_or_manifest,256,0,256,256,368caacd2c8a15684bd29328da9a6337a22f9e3ee717818a26a2fce0b187388c,False,False
哥布林也想談戀愛,ROUND_1,9,93,3,Lv1「抱一下就好」,哥布林也想談戀愛/ROUND_1/25_Lv1「抱一下就好」/93.webp,2ccb4dd6bc0d68fd61b66bd56e5efcfe45ae5bf00ca90a7cbec764d20cd5aedd,detected_or_manifest,512,0,256,256,199805e5c2ba0ab631a50d9a2e9b865fb786980a1c658daa6ac0c6d4357dd038,False,False
哥布林也想談戀愛,ROUND_1,9,94,4,Lv2「真的一下就好」Step-In,哥布林也想談戀愛/ROUND_1/26_Lv2「真的一下就好」Step-In/94.webp,2ccb4dd6bc0d68fd61b66bd56e5efcfe45ae5bf00ca90a7cbec764d20cd5aedd,manual,0,261,251,226,f3dce82b89c23ca41f854abede9f51e9052fcc1025d81d340206352defb9447b,False,True
哥布林也想談戀愛,ROUND_1,9,95,5,Lv3「我會對妳負責的！」Rush Grab,哥布林也想談戀愛/ROUND_1/27_Lv3「我會對妳負責的！」Rush_Grab/95.webp,2ccb4dd6bc0d68fd61b66bd56e5efcfe45ae5bf00ca90a7cbec764d20cd5aedd,detected_or_manifest,256,256,256,256,215212b2608d57dd78c1872a800cbff712f67d427e14497b3880ff2dd43a81e5,False,False
哥布林也想談戀愛,ROUND_1,9,96,6,成功抱住,哥布林也想談戀愛/ROUND_1/28_成功抱住/96.webp,2ccb4dd6bc0d68fd61b66bd56e5efcfe45ae5bf00ca90a7cbec764d20cd5aedd,detected_or_manifest,512,256,256,256,70e9af15ed9d080a36ae16e594dcf4218aa28e0ced9b6ee58dc0493f83133fca,False,False
哥布林也想談戀愛,ROUND_1,9,98,8,Lv2 Whiff Recovery,哥布林也想談戀愛/ROUND_1/30_Lv2_Whiff_Recovery/98.webp,2ccb4dd6bc0d68fd61b66bd56e5efcfe45ae5bf00ca90a7cbec764d20cd5aedd,detected_or_manifest,256,512,256,256,764bc23fb5d2e31d8ea257eb6b20772b6dd5fd3b14b6135c8a50b817e33ce633,False,False
哥布林也想談戀愛,ROUND_1,9,99,9,Lv3 Catastrophic Whiff Recovery,哥布林也想談戀愛/ROUND_1/31_Lv3_Catastrophic_Whiff_Recovery/99.webp,2ccb4dd6bc0d68fd61b66bd56e5efcfe45ae5bf00ca90a7cbec764d20cd5aedd,detected_or_manifest,512,512,256,256,af4a9ead66c592033326131e36640b6dcac1ad75a31482a0dbe77f4a1564c7ce,False,False
哥布林也想談戀愛,ROUND_1,10,101,1,Thrown Start,哥布林也想談戀愛/ROUND_1/32_Thrown_Start/101.webp,13405ac5fba45070d2d25eab52039f4606d5d5e384a2117233f88a6f360b6f62,detected_or_manifest,0,0,256,256,57f87e9192c45c3c66fbd7622fa1f8dd872e0ad2e6c1239a508ccf65a970840d,False,False
哥布林也想談戀愛,ROUND_1,10,102,2,空中被摔,哥布林也想談戀愛/ROUND_1/33_空中被摔/102.webp,13405ac5fba45070d2d25eab52039f4606d5d5e384a2117233f88a6f360b6f62,manual,291,10,202,261,aa31ef79cd634dfc6f5237c404b68e10334be20d97d53f7471004736817de089,False,True
哥布林也想談戀愛,ROUND_1,10,103,3,撞地,哥布林也想談戀愛/ROUND_1/34_撞地/103.webp,13405ac5fba45070d2d25eab52039f4606d5d5e384a2117233f88a6f360b6f62,manual,509,65,251,211,d1428616b3d135a925b2d29d60fb5d0a52ff608b239b33f3e9a17761e06cac84,False,True
哥布林也想談戀愛,ROUND_1,10,104,4,Knockdown Hold,哥布林也想談戀愛/ROUND_1/35_Knockdown_Hold/104.webp,13405ac5fba45070d2d25eab52039f4606d5d5e384a2117233f88a6f360b6f62,detected_or_manifest,0,256,256,256,b4d7c7d86e7c3197fd70c2f8a7e439e47ee5d1998a8c3111d1511236fd242119,False,False
哥布林也想談戀愛,ROUND_1,10,105,5,起身開始,哥布林也想談戀愛/ROUND_1/36_起身開始/105.webp,13405ac5fba45070d2d25eab52039f4606d5d5e384a2117233f88a6f360b6f62,manual,271,279,252,221,f28053b13516daf9eee599a79aa090e69a897937ee004faeb9af5a9678e7fb55,False,True
哥布林也想談戀愛,ROUND_1,10,106,6,起身中段,哥布林也想談戀愛/ROUND_1/37_起身中段/106.webp,13405ac5fba45070d2d25eab52039f4606d5d5e384a2117233f88a6f360b6f62,detected_or_manifest,512,256,256,256,472b3a1e02158eff1e4e358cc71ca9f6fc36267cf761cf1b94fe6d06d963e3c8,False,False
哥布林也想談戀愛,ROUND_1,10,107,7,起身完成,哥布林也想談戀愛/ROUND_1/38_起身完成/107.webp,13405ac5fba45070d2d25eab52039f4606d5d5e384a2117233f88a6f360b6f62,detected_or_manifest,0,512,256,256,5abb31656886c8395bf26c15d42c82be7bd7a9734a02b028f45a0941735044a4,False,False
哥布林也想談戀愛,ROUND_1,10,108,8,KO Collapse,哥布林也想談戀愛/ROUND_1/39_KO_Collapse/108.webp,13405ac5fba45070d2d25eab52039f4606d5d5e384a2117233f88a6f360b6f62,manual,242,502,271,266,c4dbdd9dc16db458aa570386dd4941e325283a0ae03d23bbfb563a41a5faa76a,False,True
哥布林也想談戀愛,ROUND_1,10,109,9,KO Hold,哥布林也想談戀愛/ROUND_1/40_KO_Hold/109.webp,13405ac5fba45070d2d25eab52039f4606d5d5e384a2117233f88a6f360b6f62,manual,508,574,253,149,517701d437a9a989739c546c20b602e8e0f5f6a5c000b5b8ddda36a0a08ebd55,False,True
哥布林也想談戀愛,ROUND_2,1,14,4,戀愛覺醒 Reveal,哥布林也想談戀愛/ROUND_2/04_戀愛覺醒_Reveal/14.webp,92e4322288ac78ebf76576e3ab03ef6a5f1bbf6bf8d7652f3c2115cbc8ef2f92,detected_or_manifest,11,236,226,276,69ed1f4ea458974c0538e580c016a6fee269e9820a509f1deea18cca15ee6753,False,False
哥布林也想談戀愛,ROUND_2,1,15,5,覺醒後第一步,哥布林也想談戀愛/ROUND_2/05_覺醒後第一步/15.webp,92e4322288ac78ebf76576e3ab03ef6a5f1bbf6bf8d7652f3c2115cbc8ef2f92,detected_or_manifest,251,237,246,275,554f1d006a622cd7bd5540fe1b7feb6fa20d0554987e189156c70eca4d354c3e,False,False
哥布林也想談戀愛,ROUND_2,2,21,1,覺醒 Idle,哥布林也想談戀愛/ROUND_2/07_覺醒_Idle/21.webp,a2b5b87bf3a3772ce314adb64e4ad9a6df8913bf1665b6cf57064a693748b849,manual,0,0,266,268,1dc2887c8c970c4f814021c1f8c439fcf62dd833e5882a76b5cd7176bdf4ccf5,False,True
哥布林也想談戀愛,ROUND_2,2,22,2,覺醒 Idle,哥布林也想談戀愛/ROUND_2/07_覺醒_Idle/22.webp,a2b5b87bf3a3772ce314adb64e4ad9a6df8913bf1665b6cf57064a693748b849,manual,301,0,212,264,d335d753465a07d1559c0b5c76da826a4d6580ffa638ec38b3ad642ed6f788ce,False,True
哥布林也想談戀愛,ROUND_2,2,23,3,覺醒 Idle,哥布林也想談戀愛/ROUND_2/07_覺醒_Idle/23.webp,a2b5b87bf3a3772ce314adb64e4ad9a6df8913bf1665b6cf57064a693748b849,manual,526,0,207,266,7db54c370c0160f0ddcea35e71c3d84561426699649b5a26322f38bd0b8e9190,False,True
哥布林也想談戀愛,ROUND_2,2,24,4,強化前走,哥布林也想談戀愛/ROUND_2/08_強化前走/24.webp,a2b5b87bf3a3772ce314adb64e4ad9a6df8913bf1665b6cf57064a693748b849,manual,0,263,295,249,efc6e923c1fef37e1e5b2dfb26b7b577d3158616cb71643b1abbc2acffbe7055,False,True
哥布林也想談戀愛,ROUND_2,2,25,5,強化前走,哥布林也想談戀愛/ROUND_2/08_強化前走/25.webp,a2b5b87bf3a3772ce314adb64e4ad9a6df8913bf1665b6cf57064a693748b849,manual,306,261,219,247,4420a906b8b858c1d6120a91cf16082de8b162cc0c6da152d7d4f647bdeb70ca,False,True
哥布林也想談戀愛,ROUND_2,2,26,6,強化前走,哥布林也想談戀愛/ROUND_2/08_強化前走/26.webp,a2b5b87bf3a3772ce314adb64e4ad9a6df8913bf1665b6cf57064a693748b849,manual,518,273,218,244,f84fbeb493d1aea32a8bf761682ebb021c2a50f19df8739255dd5654ab097ec2,False,True
哥布林也想談戀愛,ROUND_2,2,27,7,後走,哥布林也想談戀愛/ROUND_2/09_後走/27.webp,a2b5b87bf3a3772ce314adb64e4ad9a6df8913bf1665b6cf57064a693748b849,manual,11,509,245,248,0b3f23dddd4a930897785c37b84aad873d9cebce0beac673064b9bd849b14e6f,False,True
哥布林也想談戀愛,ROUND_2,2,28,8,後走,哥布林也想談戀愛/ROUND_2/09_後走/28.webp,a2b5b87bf3a3772ce314adb64e4ad9a6df8913bf1665b6cf57064a693748b849,manual,282,508,197,260,aa84f31d7ae128c7b98a14d4168b2604dfdb61dbc70a79a4c794e9166cf1b60b,False,True
哥布林也想談戀愛,ROUND_2,3,31,1,蹲下,哥布林也想談戀愛/ROUND_2/10_蹲下/31.webp,f9100fcc986e34e1e5c33768a3d261d3e86e9858b0a09f503c2b5d8489d187f0,detected_or_manifest,0,0,256,256,160ba6f6ecbd5fe0f397c8f76a7247f42a6beca4cbecc11cf86e29d2f472b512,False,False
哥布林也想談戀愛,ROUND_2,3,32,2,跳躍,哥布林也想談戀愛/ROUND_2/11_跳躍/32.webp,f9100fcc986e34e1e5c33768a3d261d3e86e9858b0a09f503c2b5d8489d187f0,detected_or_manifest,263,0,235,266,16778ac99ce792728b23a27fdd20dae208d50261bc7fa5b9dbdd1b3cccfad975,False,False
哥布林也想談戀愛,ROUND_2,3,33,3,跳躍,哥布林也想談戀愛/ROUND_2/11_跳躍/33.webp,f9100fcc986e34e1e5c33768a3d261d3e86e9858b0a09f503c2b5d8489d187f0,detected_or_manifest,505,0,263,258,acd67b390a75dc47a850475bc8fdd4ee92b4807c18d38199e7de9a711113f5e0,False,False
哥布林也想談戀愛,ROUND_2,3,34,4,落地,哥布林也想談戀愛/ROUND_2/12_落地/34.webp,f9100fcc986e34e1e5c33768a3d261d3e86e9858b0a09f503c2b5d8489d187f0,detected_or_manifest,0,283,253,212,647c7d014add285d86b60897093d283110904f6be30c745b84c1adfe1af6f0c5,False,False
哥布林也想談戀愛,ROUND_2,3,35,5,前衝,哥布林也想談戀愛/ROUND_2/13_前衝/35.webp,f9100fcc986e34e1e5c33768a3d261d3e86e9858b0a09f503c2b5d8489d187f0,manual,264,276,243,244,eabcafd233d7992c0aa702fb402a9c625e9471b4b9fa250b856006b75e755acd,False,True
哥布林也想談戀愛,ROUND_2,3,36,6,前衝,哥布林也想談戀愛/ROUND_2/13_前衝/36.webp,f9100fcc986e34e1e5c33768a3d261d3e86e9858b0a09f503c2b5d8489d187f0,detected_or_manifest,519,266,249,232,af7cd3ee9785fa07d32ff635c8c218bccd6473204879eee7c5ea0eedfcf8af0c,False,False
哥布林也想談戀愛,ROUND_2,3,37,7,後撤,哥布林也想談戀愛/ROUND_2/14_後撤/37.webp,f9100fcc986e34e1e5c33768a3d261d3e86e9858b0a09f503c2b5d8489d187f0,detected_or_manifest,0,507,248,261,ed054970b02de45f9dc3fe9bc3957c70f11794986714b56c6909b79cf815c5d7,False,False
哥布林也想談戀愛,ROUND_2,3,38,8,後撤,哥布林也想談戀愛/ROUND_2/14_後撤/38.webp,f9100fcc986e34e1e5c33768a3d261d3e86e9858b0a09f503c2b5d8489d187f0,detected_or_manifest,256,512,256,256,2dfa358cb62a90a7c03d583fecf76b85c3aa3e204df2a93a17025acbf0e5ebc5,False,False
哥布林也想談戀愛,ROUND_2,3,39,9,後撤,哥布林也想談戀愛/ROUND_2/14_後撤/39.webp,f9100fcc986e34e1e5c33768a3d261d3e86e9858b0a09f503c2b5d8489d187f0,manual,540,510,221,258,02141024d0a2fb97e0e169fcf5f5484ca638b23b491844f9c9e1bdea288795ab,False,True
哥布林也想談戀愛,ROUND_2,4,41,1,站防,哥布林也想談戀愛/ROUND_2/15_站防/41.webp,216c1d5549cb47d007c30adab41760b52017a3a70656c723a298cd2cdb0cb99c,detected_or_manifest,0,0,250,291,c1f08626677bc6b2e493784633ffc0efe7b5ba878b76ce8f1c737c6abeb38691,False,False
哥布林也想談戀愛,ROUND_2,4,42,2,站防 Impact,哥布林也想談戀愛/ROUND_2/16_站防_Impact/42.webp,216c1d5549cb47d007c30adab41760b52017a3a70656c723a298cd2cdb0cb99c,detected_or_manifest,251,0,265,288,d9b903341f89c1ad3a4beb992e85f860386ec512ff68d846b4e8c227bf914ef6,False,False
哥布林也想談戀愛,ROUND_2,4,43,3,站防硬直,哥布林也想談戀愛/ROUND_2/17_站防硬直/43.webp,216c1d5549cb47d007c30adab41760b52017a3a70656c723a298cd2cdb0cb99c,detected_or_manifest,517,0,246,287,0bf649b2c4cc31d651426fb6f9faab40b057a5adaeab5a1dc89e4a1f644b1aa1,False,False
哥布林也想談戀愛,ROUND_2,4,44,4,蹲防,哥布林也想談戀愛/ROUND_2/18_蹲防/44.webp,216c1d5549cb47d007c30adab41760b52017a3a70656c723a298cd2cdb0cb99c,detected_or_manifest,0,278,253,216,c793ab6f54939a4e23af4a424e29f0eb24116209ea3b2976ef173ea469ed45da,False,False
哥布林也想談戀愛,ROUND_2,4,45,5,蹲防 Impact,哥布林也想談戀愛/ROUND_2/19_蹲防_Impact/45.webp,216c1d5549cb47d007c30adab41760b52017a3a70656c723a298cd2cdb0cb99c,detected_or_manifest,256,289,222,213,9c23fc30454c63afff9aadd4aba9559882284b8f68d55f811b2f36372d121bfc,False,False
哥布林也想談戀愛,ROUND_2,4,46,6,蹲防硬直,哥布林也想談戀愛/ROUND_2/20_蹲防硬直/46.webp,216c1d5549cb47d007c30adab41760b52017a3a70656c723a298cd2cdb0cb99c,detected_or_manifest,512,292,256,223,2c2a971e9d88198838c1447c8fada6bea302a698b74c186d5b8a6207cc6696ed,False,False
哥布林也想談戀愛,ROUND_2,4,47,7,Light Hitstun,哥布林也想談戀愛/ROUND_2/21_Light_Hitstun/47.webp,216c1d5549cb47d007c30adab41760b52017a3a70656c723a298cd2cdb0cb99c,detected_or_manifest,0,499,257,269,f760d4b838594977c210bfd5b47be0daa0fc454fc22020fc443784e5ecb6a3a2,False,False
哥布林也想談戀愛,ROUND_2,4,48,8,Medium Hitstun,哥布林也想談戀愛/ROUND_2/22_Medium_Hitstun/48.webp,216c1d5549cb47d007c30adab41760b52017a3a70656c723a298cd2cdb0cb99c,detected_or_manifest,273,494,248,274,d90d618c5cdd0679151f90b42e16100f929b75d08f7dfdec85f28562623e2dcf,False,False
哥布林也想談戀愛,ROUND_2,5,51,1,Light「那個…妳好」,哥布林也想談戀愛/ROUND_2/24_Light「那個...妳好」/51.webp,ff11c4baee34db1736f0a92288edcdfe720bd1534d71539aceb50f4df137ff76,detected_or_manifest,2,0,235,286,944bb5e1bd98e27b2a501c67ad918e3a6d1155e175b5e4ff85ba36f49d829c0b,False,False
哥布林也想談戀愛,ROUND_2,5,52,2,Light「那個…妳好」,哥布林也想談戀愛/ROUND_2/24_Light「那個...妳好」/52.webp,ff11c4baee34db1736f0a92288edcdfe720bd1534d71539aceb50f4df137ff76,detected_or_manifest,248,0,284,291,2505fceb79c47f70d954e6d9a9c2dac9910308fc6610f5b3ffcef0b73bad0674,False,False
哥布林也想談戀愛,ROUND_2,5,53,3,Light「那個…妳好」,哥布林也想談戀愛/ROUND_2/24_Light「那個...妳好」/53.webp,ff11c4baee34db1736f0a92288edcdfe720bd1534d71539aceb50f4df137ff76,detected_or_manifest,541,0,227,295,3afb9e45e352ac981608f25d18af619dfe46d2c5c08094add6184e9b82b40e2f,False,False
哥布林也想談戀愛,ROUND_2,5,56,6,Low「卑微求愛掃腿」,哥布林也想談戀愛/ROUND_2/25_Low「卑微求愛掃腿」/56.webp,ff11c4baee34db1736f0a92288edcdfe720bd1534d71539aceb50f4df137ff76,detected_or_manifest,517,304,251,214,5977779b58daf6bf6c4aaac10b3fd2a0b8f9551c6cbb3f5014ebbfe585ade630,False,False
哥布林也想談戀愛,ROUND_2,5,57,7,Low「卑微求愛掃腿」,哥布林也想談戀愛/ROUND_2/25_Low「卑微求愛掃腿」/57.webp,ff11c4baee34db1736f0a92288edcdfe720bd1534d71539aceb50f4df137ff76,detected_or_manifest,0,533,281,235,389290447e69f34d9bf7554508c82a0f2c31d49606f35d51e28411acb7a2f2c5,False,False
哥布林也想談戀愛,ROUND_2,5,59,9,Low「卑微求愛掃腿」,哥布林也想談戀愛/ROUND_2/25_Low「卑微求愛掃腿」/59.webp,ff11c4baee34db1736f0a92288edcdfe720bd1534d71539aceb50f4df137ff76,detected_or_manifest,512,528,256,240,93cba65869b8401cefa5ca1ff3397c274a71d65d4618d71716af8f067f11e84d,False,False
哥布林也想談戀愛,ROUND_2,6,63,3,覺醒 Heavy「戀愛頭槌」,哥布林也想談戀愛/ROUND_2/26_覺醒_Heavy「戀愛頭槌」/63.webp,4eb3f3375094f5e0b88e7747f410244b4e5d9a4ff84c9b0d7b04df37cd5b8dd7,detected_or_manifest,494,0,274,264,b9ebdd941976609a8377a94c996323b4072b4fd6aefc19d0f819e74e7a1c1f1a,False,False
哥布林也想談戀愛,ROUND_2,7,71,1,「從天而降的告白」,哥布林也想談戀愛/ROUND_2/27_「從天而降的告白」/71.webp,ad9afc90fa08e9ba4178d78b136b711b788858337a4f2f570fe02dcb3633bc68,manual,0,0,252,253,6dd6ba679a40d2c8a4049eda983d1dcde96c49b922e3e7a641dcf2083b3c8486,False,True
哥布林也想談戀愛,ROUND_2,7,72,2,「從天而降的告白」,哥布林也想談戀愛/ROUND_2/27_「從天而降的告白」/72.webp,ad9afc90fa08e9ba4178d78b136b711b788858337a4f2f570fe02dcb3633bc68,manual,275,0,224,267,8f9f5860a423e65d0c458e003eb3c10f55ad918369b61c9441563078034eb913,False,True
哥布林也想談戀愛,ROUND_2,7,73,3,「從天而降的告白」,哥布林也想談戀愛/ROUND_2/27_「從天而降的告白」/73.webp,ad9afc90fa08e9ba4178d78b136b711b788858337a4f2f570fe02dcb3633bc68,manual,513,44,255,223,3071101ac7f8e36dbb0f66a531d9b64e8016d5c90cdbac238dd8546b8b2d65eb,False,True
哥布林也想談戀愛,ROUND_2,7,74,4,強化普通投技「不要走！」,哥布林也想談戀愛/ROUND_2/28_強化普通投技「不要走！」/74.webp,ad9afc90fa08e9ba4178d78b136b711b788858337a4f2f570fe02dcb3633bc68,manual,0,265,287,272,8ba457c5d4e49b3fb66e5c0e3fc25d5db845c417817faf8ac607e4c1c3c15a28,False,True
哥布林也想談戀愛,ROUND_2,7,75,5,強化普通投技「不要走！」,哥布林也想談戀愛/ROUND_2/28_強化普通投技「不要走！」/75.webp,ad9afc90fa08e9ba4178d78b136b711b788858337a4f2f570fe02dcb3633bc68,manual,290,266,202,237,ccb906a4a93f258162ee535538e575cbb00c2d5fa714fc8eedc953b1c83da148,False,True
哥布林也想談戀愛,ROUND_2,7,76,6,強化普通投技「不要走！」,哥布林也想談戀愛/ROUND_2/28_強化普通投技「不要走！」/76.webp,ad9afc90fa08e9ba4178d78b136b711b788858337a4f2f570fe02dcb3633bc68,manual,492,285,265,222,4e67fa72fa9f5687e36f41946b56493d89379ae2fa8cb034ee30db8203ca9c4f,False,True
哥布林也想談戀愛,ROUND_2,7,77,7,強化普通投技「不要走！」,哥布林也想談戀愛/ROUND_2/28_強化普通投技「不要走！」/77.webp,ad9afc90fa08e9ba4178d78b136b711b788858337a4f2f570fe02dcb3633bc68,manual,0,521,242,212,a2fab7e119a4d2b65be77f182c58e9bfb021aa1629e0216827d32d6c03322e95,False,True
哥布林也想談戀愛,ROUND_2,7,78,8,強化普通投技「不要走！」,哥布林也想談戀愛/ROUND_2/28_強化普通投技「不要走！」/78.webp,ad9afc90fa08e9ba4178d78b136b711b788858337a4f2f570fe02dcb3633bc68,manual,260,509,252,228,fad1d265ff98225205ccee50ed2fe641c11a09c88236e64e6aefb737e6a7b615,False,True
哥布林也想談戀愛,ROUND_2,7,79,9,強化普通投技「不要走！」,哥布林也想談戀愛/ROUND_2/28_強化普通投技「不要走！」/79.webp,ad9afc90fa08e9ba4178d78b136b711b788858337a4f2f570fe02dcb3633bc68,manual,520,514,239,254,c2d3cbc4d3005e7a366ad98a83578292e9221a5d9eae47ac12f3d84adad54fdd,False,True
哥布林也想談戀愛,ROUND_2,8,81,1,Charge Start,哥布林也想談戀愛/ROUND_2/29_Charge_Start/81.webp,d9a4f7e4646dff145dba4cabc076a8ef1f86de2a8e0e990f0bfb69bd7586eb7d,manual,36,9,202,267,9301b638bfd900f504eb106ae6404f260fead0eb0578bd8be8eeac348496d012,False,True
哥布林也想談戀愛,ROUND_2,8,82,2,Charge Hold,哥布林也想談戀愛/ROUND_2/30_Charge_Hold/82.webp,d9a4f7e4646dff145dba4cabc076a8ef1f86de2a8e0e990f0bfb69bd7586eb7d,manual,254,10,238,275,61a29e6c2a83024130e26ce4869ee5fdb74869335411c1ba3da958be23b54de9,False,True
哥布林也想談戀愛,ROUND_2,8,83,3,強化 Lv1「抱一下就好」,哥布林也想談戀愛/ROUND_2/31_強化_Lv1「抱一下就好」/83.webp,d9a4f7e4646dff145dba4cabc076a8ef1f86de2a8e0e990f0bfb69bd7586eb7d,manual,502,20,251,242,334aa14ac26587bf87b5759a85b99f1740efd5f5003d010c8e2bf6f65d5673be,False,True
哥布林也想談戀愛,ROUND_2,8,84,4,強化 Lv2「真的一下就好」,哥布林也想談戀愛/ROUND_2/32_強化_Lv2「真的一下就好」/84.webp,d9a4f7e4646dff145dba4cabc076a8ef1f86de2a8e0e990f0bfb69bd7586eb7d,manual,0,271,274,225,ac031bdfa059e4a35522309ae4a9c06bd32b28f92be28156939a2f0ee0358f98,False,True
哥布林也想談戀愛,ROUND_2,8,85,5,強化 Lv3「我會對妳負責的！」,哥布林也想談戀愛/ROUND_2/33_強化_Lv3「我會對妳負責的！」/85.webp,d9a4f7e4646dff145dba4cabc076a8ef1f86de2a8e0e990f0bfb69bd7586eb7d,manual,261,269,296,240,34b592ea2f182275ffdef3c4304f909779223517d153275e4cf39cafa869a992,False,True
哥布林也想談戀愛,ROUND_2,8,86,6,成功擁抱,哥布林也想談戀愛/ROUND_2/34_成功擁抱/86.webp,d9a4f7e4646dff145dba4cabc076a8ef1f86de2a8e0e990f0bfb69bd7586eb7d,manual,563,261,189,242,379efa4c00957f126b486d3d3fd00e84d68bf0ae659eaf4d727a6613acc5a965,False,True
哥布林也想談戀愛,ROUND_2,8,87,7,Lv1／Lv2 正常後續,哥布林也想談戀愛/ROUND_2/35_Lv1_Lv2_正常後續/87.webp,d9a4f7e4646dff145dba4cabc076a8ef1f86de2a8e0e990f0bfb69bd7586eb7d,manual,0,501,233,267,378b5c20ecb48bf4719ebfacbed45adbffd48608f243c8142147142a93a651db,False,True
哥布林也想談戀愛,ROUND_2,8,88,8,Lv2 Whiff,哥布林也想談戀愛/ROUND_2/36_Lv2_Whiff/88.webp,d9a4f7e4646dff145dba4cabc076a8ef1f86de2a8e0e990f0bfb69bd7586eb7d,manual,232,494,273,274,23eb64b035617659032e91b40d25afcab29cacbce59165519973be0c8bcacd77,False,True
哥布林也想談戀愛,ROUND_2,8,89,9,Lv3 Catastrophic Whiff,哥布林也想談戀愛/ROUND_2/37_Lv3_Catastrophic_Whiff/89.webp,d9a4f7e4646dff145dba4cabc076a8ef1f86de2a8e0e990f0bfb69bd7586eb7d,manual,504,505,264,242,0a8b3a7ae6757105006dcd9c06de2be92cdbed6c8087fd636d6b14be12f3524c,False,True
哥布林也想談戀愛,ROUND_2,9,91,1,Mode Thrown Start,哥布林也想談戀愛/ROUND_2/38_Mode_Thrown_Start/91.webp,b64d0fd2d239b7e5bb4dc468940b2da90f5b2760565f5d74b296a50eea8d7230,manual,0,9,278,285,432397268fac87770c42fff84a10c26e34038effd27e48a5ff7076f2afa48942,False,True
哥布林也想談戀愛,ROUND_2,9,92,2,空中翻滾,哥布林也想談戀愛/ROUND_2/39_空中翻滾/92.webp,b64d0fd2d239b7e5bb4dc468940b2da90f5b2760565f5d74b296a50eea8d7230,manual,285,5,228,261,83c450db2f523dd8a851516f3a2408765d71378a4bc9e6fbb1acee530e773dba,False,True
哥布林也想談戀愛,ROUND_2,9,93,3,撞地,哥布林也想談戀愛/ROUND_2/40_撞地/93.webp,b64d0fd2d239b7e5bb4dc468940b2da90f5b2760565f5d74b296a50eea8d7230,manual,500,78,258,188,1b052f1d2822e1188a35b84893bc7986017fbd579bf4658e62956a967f2f366b,False,True
哥布林也想談戀愛,ROUND_2,9,94,4,Knockdown Hold,哥布林也想談戀愛/ROUND_2/41_Knockdown_Hold/94.webp,b64d0fd2d239b7e5bb4dc468940b2da90f5b2760565f5d74b296a50eea8d7230,manual,19,315,248,158,def794f79d811a5f98d7662cb99fc2eefdca59f45f15172defc0a432c8911ab2,False,True
哥布林也想談戀愛,ROUND_2,9,95,5,起身開始,哥布林也想談戀愛/ROUND_2/42_起身開始/95.webp,b64d0fd2d239b7e5bb4dc468940b2da90f5b2760565f5d74b296a50eea8d7230,detected_or_manifest,256,256,256,256,f6aabf2b8fb175d7e195d11f0f70c4a8857e63c56493c4eb5d5784bbba1b0ef2,False,False
哥布林也想談戀愛,ROUND_2,9,96,6,起身中段,哥布林也想談戀愛/ROUND_2/43_起身中段/96.webp,b64d0fd2d239b7e5bb4dc468940b2da90f5b2760565f5d74b296a50eea8d7230,manual,532,265,224,237,8a50bada5371bdf87fc5eced8034bd6560c8accec16e0b6a3feaefc41148fad2,False,True
哥布林也想談戀愛,ROUND_2,9,97,7,起身完成,哥布林也想談戀愛/ROUND_2/44_起身完成/97.webp,b64d0fd2d239b7e5bb4dc468940b2da90f5b2760565f5d74b296a50eea8d7230,detected_or_manifest,0,512,256,256,23d185e260bb2c212f57d4a6bbe0b947981748e3e6bb1dd7a90e1d7b971d8a4e,False,False
哥布林也想談戀愛,ROUND_2,9,98,8,KO Collapse,哥布林也想談戀愛/ROUND_2/45_KO_Collapse/98.webp,b64d0fd2d239b7e5bb4dc468940b2da90f5b2760565f5d74b296a50eea8d7230,manual,266,493,232,260,60d9dc281592fcf3a404696e10959414816f9afd329a85525b4e225dd0ee8450,False,True
哥布林也想談戀愛,ROUND_2,9,99,9,KO Hold,哥布林也想談戀愛/ROUND_2/46_KO_Hold/99.webp,b64d0fd2d239b7e5bb4dc468940b2da90f5b2760565f5d74b296a50eea8d7230,manual,496,575,257,175,04354830b0d00f11f3d28ce140a5e00fb594ed243ac38fcee50aef9828dd1eb1,False,True
沙拉貓貓,ROUND_1,1,11,1,待機,沙拉貓貓/ROUND_1/01_待機/11.webp,423bc45b2de28dce4383d21af1899f6989856bc2b014f06899ba5f4f6232de7c,detected_or_manifest,0,0,256,256,02fd643c2320054dfb8c893f766c5e6692165d17cd8e0622e60fa4783b369229,False,False
沙拉貓貓,ROUND_1,1,12,2,待機,沙拉貓貓/ROUND_1/01_待機/12.webp,423bc45b2de28dce4383d21af1899f6989856bc2b014f06899ba5f4f6232de7c,manual,256,0,239,254,2a06a0e0c891493408974c416008379aa164e89cc37f30b541936d1359c03585,False,True
沙拉貓貓,ROUND_1,1,13,3,待機,沙拉貓貓/ROUND_1/01_待機/13.webp,423bc45b2de28dce4383d21af1899f6989856bc2b014f06899ba5f4f6232de7c,manual,505,10,260,239,6db13ce10bfb74bc2c8b6090144316f9836f98dc09e937b732c434c676d84932,False,True
沙拉貓貓,ROUND_1,1,14,4,前走,沙拉貓貓/ROUND_1/02_前走/14.webp,423bc45b2de28dce4383d21af1899f6989856bc2b014f06899ba5f4f6232de7c,detected_or_manifest,0,256,256,256,d573b72a33cfc5f337416c7d68f60816a1ab85c39c1e253c8f53d6447cb79f8a,False,False
沙拉貓貓,ROUND_1,1,15,5,前走,沙拉貓貓/ROUND_1/02_前走/15.webp,423bc45b2de28dce4383d21af1899f6989856bc2b014f06899ba5f4f6232de7c,detected_or_manifest,256,256,256,256,d392274f2dcee2e0e3ea2254f943877e62b9a1055dc62bc67ffc2db2ccee36c1,False,False
沙拉貓貓,ROUND_1,1,16,6,前走,沙拉貓貓/ROUND_1/02_前走/16.webp,423bc45b2de28dce4383d21af1899f6989856bc2b014f06899ba5f4f6232de7c,detected_or_manifest,512,256,256,256,b0f4c4d12d877b1c427ddb04cba52934cf5b055f8e71e9ad0d015618521c8b5d,False,False
沙拉貓貓,ROUND_1,2,21,1,後走,沙拉貓貓/ROUND_1/03_後走/21.webp,d89f0cb4455770e7bd5e1783a941a2be23856be6b25713a3f1ba4ddb5bc93cc3,detected_or_manifest,0,0,256,256,9d65fe9392e8369e01fb9cc247f4c748b1ccdf5687af3883b279e3f10b30c0e9,False,False
沙拉貓貓,ROUND_1,2,22,2,後走,沙拉貓貓/ROUND_1/03_後走/22.webp,d89f0cb4455770e7bd5e1783a941a2be23856be6b25713a3f1ba4ddb5bc93cc3,manual,275,5,254,251,0629bcf6b51d90e4eaa019f408563a7fb4ed1c511a1b476c290389ce95b0c9e2,False,True
沙拉貓貓,ROUND_1,2,23,3,後走,沙拉貓貓/ROUND_1/03_後走/23.webp,d89f0cb4455770e7bd5e1783a941a2be23856be6b25713a3f1ba4ddb5bc93cc3,manual,532,12,235,221,19fe33f533b34f314661c621b9e0677eee818f2a3f6df2e9310a01bee4e33f53,False,True
沙拉貓貓,ROUND_1,2,24,4,蹲下,沙拉貓貓/ROUND_1/04_蹲下/24.webp,d89f0cb4455770e7bd5e1783a941a2be23856be6b25713a3f1ba4ddb5bc93cc3,detected_or_manifest,0,256,256,256,60b4d2a0d8822f16de2a44efdaa167b6d6ba566e241b2b610de51c80e2c38574,False,False
沙拉貓貓,ROUND_1,2,25,5,跳躍,沙拉貓貓/ROUND_1/05_跳躍/25.webp,d89f0cb4455770e7bd5e1783a941a2be23856be6b25713a3f1ba4ddb5bc93cc3,manual,271,270,257,241,a56aaf44c442ec727b51f7d2d474af3af1078f66bf1edbe01a24b7592bdfc434,False,True
沙拉貓貓,ROUND_1,2,26,6,跳躍,沙拉貓貓/ROUND_1/05_跳躍/26.webp,d89f0cb4455770e7bd5e1783a941a2be23856be6b25713a3f1ba4ddb5bc93cc3,manual,516,244,252,248,69ec439c6f28271ee907c9fe1830827b6f88dbc17cb7acfd087fd402ced35ba3,False,True
沙拉貓貓,ROUND_1,2,27,7,跳躍,沙拉貓貓/ROUND_1/05_跳躍/27.webp,d89f0cb4455770e7bd5e1783a941a2be23856be6b25713a3f1ba4ddb5bc93cc3,manual,0,493,266,236,1c7f5a9a085eb45b9deef7aad3365136278dcd737c5daf152fb8862b192ecc8e,False,True
沙拉貓貓,ROUND_1,2,28,8,跳躍,沙拉貓貓/ROUND_1/05_跳躍/28.webp,d89f0cb4455770e7bd5e1783a941a2be23856be6b25713a3f1ba4ddb5bc93cc3,manual,255,504,273,264,f5a50716d043098ebe2a8857d613e98e57e19424cb8f8c338df91796f6dce854,False,True
沙拉貓貓,ROUND_1,2,29,9,落地,沙拉貓貓/ROUND_1/06_落地/29.webp,d89f0cb4455770e7bd5e1783a941a2be23856be6b25713a3f1ba4ddb5bc93cc3,detected_or_manifest,512,512,256,256,80679d664febeea18818deb19aa5bc560e29eea3fe3046816885bd8b7b1f01df,False,False
沙拉貓貓,ROUND_1,3,31,1,輕攻「菜葉甩臉」,沙拉貓貓/ROUND_1/07_輕攻「菜葉甩臉」/31.webp,54762d4773749b1a16563d1c116a2f6941d265095359ab97f7fdad8479a3edbf,replacement_grid,0,0,512,512,284f95f0743951c03fd01c8db1a8a412c3c09fa11ac4953bfa313bd9c1d2fcf9,True,False
沙拉貓貓,ROUND_1,3,32,2,輕攻「菜葉甩臉」,沙拉貓貓/ROUND_1/07_輕攻「菜葉甩臉」/32.webp,54762d4773749b1a16563d1c116a2f6941d265095359ab97f7fdad8479a3edbf,replacement_grid,512,0,512,512,44c4b1eb3d483198440de0c78efd0fa3603d6523b9caaa77e9debb28de471646,True,False
沙拉貓貓,ROUND_1,3,33,3,輕攻「菜葉甩臉」,沙拉貓貓/ROUND_1/07_輕攻「菜葉甩臉」/33.webp,54762d4773749b1a16563d1c116a2f6941d265095359ab97f7fdad8479a3edbf,manual,1024,0,512,512,97c89bbbefc5fd1aef1f4c57b629b0a16ffc8897c365ed1b29de5c9073cc6d94,True,True
沙拉貓貓,ROUND_1,3,34,4,輕攻「菜葉甩臉」,沙拉貓貓/ROUND_1/07_輕攻「菜葉甩臉」/34.webp,54762d4773749b1a16563d1c116a2f6941d265095359ab97f7fdad8479a3edbf,replacement_grid,0,512,512,512,86f9599e06c4ece1b431343547cbf0201c527f9145fef939d4e8058abb4da901,True,False
沙拉貓貓,ROUND_1,3,35,5,輕攻「菜葉甩臉」,沙拉貓貓/ROUND_1/07_輕攻「菜葉甩臉」/35.webp,54762d4773749b1a16563d1c116a2f6941d265095359ab97f7fdad8479a3edbf,replacement_grid,512,512,512,512,f8729c582675a86426be201e66fbcf1464fa16f108234284ca2f32b73f0c1eda,True,False
沙拉貓貓,ROUND_1,3,36,6,輕攻「菜葉甩臉」,沙拉貓貓/ROUND_1/07_輕攻「菜葉甩臉」/36.webp,54762d4773749b1a16563d1c116a2f6941d265095359ab97f7fdad8479a3edbf,manual,1024,512,512,512,b7b89a9bc69856da815b4bf77bc0cdd2a8820fe8e75daea428de5b31a16e63b6,True,True
沙拉貓貓,ROUND_1,4,41,1,重攻「整盆不要！」,沙拉貓貓/ROUND_1/08_重攻「整盆不要！」/41.webp,3a5fdac4adbf67ff7cd2b5b84039b24fa7167104d1e31044ef5f8abe33a3ba79,manual,9,15,239,234,6ae3bc8e6a88f6845bebec09626858610a4c9451ef776143976f84f5aa92b30d,False,True
沙拉貓貓,ROUND_1,4,42,2,重攻「整盆不要！」,沙拉貓貓/ROUND_1/08_重攻「整盆不要！」/42.webp,3a5fdac4adbf67ff7cd2b5b84039b24fa7167104d1e31044ef5f8abe33a3ba79,manual,256,4,239,270,a8ff9e430c1ee407890ea8f0a0a96a00155009a9707b02d1dae86e7013eda91e,False,True
沙拉貓貓,ROUND_1,4,43,3,重攻「整盆不要！」,沙拉貓貓/ROUND_1/08_重攻「整盆不要！」/43.webp,3a5fdac4adbf67ff7cd2b5b84039b24fa7167104d1e31044ef5f8abe33a3ba79,manual,495,0,273,274,e173a64acb28ef752ffcf1ee80a7428dcf768b2a6d9eec150b22042c85b84530,False,True
沙拉貓貓,ROUND_1,4,44,4,重攻「整盆不要！」,沙拉貓貓/ROUND_1/08_重攻「整盆不要！」/44.webp,3a5fdac4adbf67ff7cd2b5b84039b24fa7167104d1e31044ef5f8abe33a3ba79,manual,0,250,267,241,8fd7a71135b8c90f6e2a3ad47d60188846da07b6d11d9c8613518b3500a6bb5d,False,True
沙拉貓貓,ROUND_1,4,45,5,重攻「整盆不要！」,沙拉貓貓/ROUND_1/08_重攻「整盆不要！」/45.webp,3a5fdac4adbf67ff7cd2b5b84039b24fa7167104d1e31044ef5f8abe33a3ba79,manual,268,283,266,179,dde27725099e3db5ae68e65e4e18c5ebb2eb11eada64375962f4c711f09f1d6c,False,True
沙拉貓貓,ROUND_1,4,46,6,重攻「整盆不要！」,沙拉貓貓/ROUND_1/08_重攻「整盆不要！」/46.webp,3a5fdac4adbf67ff7cd2b5b84039b24fa7167104d1e31044ef5f8abe33a3ba79,manual,531,274,236,208,76183213956d178251c336641e2e5e476b8363aa3b4fcb690e12a2a979881fa9,False,True
沙拉貓貓,ROUND_1,5,54,4,下段「菜梗掃地」,沙拉貓貓/ROUND_1/09_下段「菜梗掃地」/54.webp,b329973784f1c7cfe67a3ab6cdf7b0706ed0f75009e67ddca43e985fb8789ad2,manual,0,512,512,512,7bfa1bc1e66970b9aa73174ab8819bdee638e74675df86745e821fd9b547b525,True,True
沙拉貓貓,ROUND_1,5,55,5,下段「菜梗掃地」,沙拉貓貓/ROUND_1/09_下段「菜梗掃地」/55.webp,b329973784f1c7cfe67a3ab6cdf7b0706ed0f75009e67ddca43e985fb8789ad2,manual,512,512,557,512,a031e3d5abe36171df6b6913f100bd1aee3ec7de266a6aa4a63519900545ea3d,True,True
沙拉貓貓,ROUND_1,5,56,6,下段「菜梗掃地」,沙拉貓貓/ROUND_1/09_下段「菜梗掃地」/56.webp,b329973784f1c7cfe67a3ab6cdf7b0706ed0f75009e67ddca43e985fb8789ad2,manual,1061,512,475,512,3fe95967b0a657e63517f23c27a4a428c78ca5a6511fc6e97a0ce32e563adf62,True,True
沙拉貓貓,ROUND_1,6,64,4,空中攻擊「空投沙拉盆」,沙拉貓貓/ROUND_1/10_空中攻擊「空投沙拉盆」/64.webp,d20bfc7cdaa2510efec9c4476dba7dc77095150f5ab5ba7610d5380a73ae62a7,manual,14,274,280,225,91d27fe1c0e1ab7c84c65afdcdf4d0f831748ed58dee3601d5dd715cbc986daa,False,True
沙拉貓貓,ROUND_1,6,65,5,空中攻擊「空投沙拉盆」,沙拉貓貓/ROUND_1/10_空中攻擊「空投沙拉盆」/65.webp,d20bfc7cdaa2510efec9c4476dba7dc77095150f5ab5ba7610d5380a73ae62a7,manual,294,279,235,192,f825d9718c5c841ff3dcbe02540b3249c0982053e20a2bf28fcb3ad6ac9effb9,False,True
沙拉貓貓,ROUND_1,6,66,6,空中攻擊「空投沙拉盆」,沙拉貓貓/ROUND_1/10_空中攻擊「空投沙拉盆」/66.webp,d20bfc7cdaa2510efec9c4476dba7dc77095150f5ab5ba7610d5380a73ae62a7,detected_or_manifest,539,259,209,244,041ed980bd74fbbd7045fcbc50579fa99954a0fd465180d2761110d0a16459d5,False,False
沙拉貓貓,ROUND_1,7,71,1,站防「拿盆擋一下」,沙拉貓貓/ROUND_1/11_站防「拿盆擋一下」/71.webp,0986f42ff56c127897f095fe5ebd57d46276b7f4558669eea094bd7d7d8f3ff5,detected_or_manifest,0,0,245,273,797da5640e041f6c3b393916f2bcf46b15e08429957665406c7ca3337cf45380,False,False
沙拉貓貓,ROUND_1,7,72,2,站防命中,沙拉貓貓/ROUND_1/12_站防命中/72.webp,0986f42ff56c127897f095fe5ebd57d46276b7f4558669eea094bd7d7d8f3ff5,detected_or_manifest,255,0,274,276,1a283a80b37273f1acbdc944b92c2f3f04345cae4158aa4db377a13c234a23cb,False,False
沙拉貓貓,ROUND_1,7,73,3,站防硬直,沙拉貓貓/ROUND_1/13_站防硬直/73.webp,0986f42ff56c127897f095fe5ebd57d46276b7f4558669eea094bd7d7d8f3ff5,detected_or_manifest,531,0,237,272,8e54674b25c9dadd120d4dbf0541048a612997d4d515e98bfdaf0f08d5cc96ca,False,False
沙拉貓貓,ROUND_1,7,74,4,蹲防,沙拉貓貓/ROUND_1/14_蹲防/74.webp,0986f42ff56c127897f095fe5ebd57d46276b7f4558669eea094bd7d7d8f3ff5,detected_or_manifest,0,279,246,233,d63577a4ee49100a30d9a4d3106c9fd2975491c48c5adbac136f2b839b4765fe,False,False
沙拉貓貓,ROUND_1,7,75,5,蹲防命中,沙拉貓貓/ROUND_1/15_蹲防命中/75.webp,0986f42ff56c127897f095fe5ebd57d46276b7f4558669eea094bd7d7d8f3ff5,detected_or_manifest,251,284,262,228,e18361ed519ba3cda23869d41fbcd02625acd9f2b3123948746722e045924d42,False,False
沙拉貓貓,ROUND_1,7,76,6,蹲防硬直,沙拉貓貓/ROUND_1/16_蹲防硬直/76.webp,0986f42ff56c127897f095fe5ebd57d46276b7f4558669eea094bd7d7d8f3ff5,detected_or_manifest,519,280,249,232,a8a6702ea284b2f26c9898fa9cb8e721b88e505987fe0e147bad03d7f15e915e,False,False
沙拉貓貓,ROUND_1,8,81,1,上段輕受擊,沙拉貓貓/ROUND_1/17_上段輕受擊/81.webp,878892fcbafc45c14d5e2351e49bec4ad009bc775ddf3852d25d8adc78d0a3fe,manual,0,0,253,247,fd3ce5b3d832f38145e91f58997e0dc6449f93e6934897ef14d1b303d8a88c4c,False,True
沙拉貓貓,ROUND_1,8,82,2,中段受擊,沙拉貓貓/ROUND_1/18_中段受擊/82.webp,878892fcbafc45c14d5e2351e49bec4ad009bc775ddf3852d25d8adc78d0a3fe,detected_or_manifest,256,0,256,256,3d585f226221b5ec30cde2fe630f8a03ac6050aa7bb6b0195cf1d89680450896,False,False
沙拉貓貓,ROUND_1,8,83,3,下段受擊,沙拉貓貓/ROUND_1/19_下段受擊/83.webp,878892fcbafc45c14d5e2351e49bec4ad009bc775ddf3852d25d8adc78d0a3fe,manual,515,0,248,253,a3adcc569ff4aa8da2b09135e899381669a4c87aed01574675f1b715d11f682e,False,True
沙拉貓貓,ROUND_1,8,84,4,重擊後仰,沙拉貓貓/ROUND_1/20_重擊後仰/84.webp,878892fcbafc45c14d5e2351e49bec4ad009bc775ddf3852d25d8adc78d0a3fe,detected_or_manifest,0,256,264,256,e26e8e7abc646193d8eb131fccdc23c52a1000ef84253877998cfd6ba06dd097,False,False
沙拉貓貓,ROUND_1,8,85,5,Counter Hit 大後仰,沙拉貓貓/ROUND_1/21_Counter_Hit_大後仰/85.webp,878892fcbafc45c14d5e2351e49bec4ad009bc775ddf3852d25d8adc78d0a3fe,manual,271,247,251,265,798ff23f211588c2ab37eac6193103ea16aac28aa654b2bde0791245ea44a943,False,True
沙拉貓貓,ROUND_1,8,86,6,受擊恢復,沙拉貓貓/ROUND_1/22_受擊恢復/86.webp,878892fcbafc45c14d5e2351e49bec4ad009bc775ddf3852d25d8adc78d0a3fe,detected_or_manifest,530,259,238,253,5eadadbf29b87dc8f06534dbcaadb94c95c700e2105c16053b2e2525a05b14ed,False,False
沙拉貓貓,ROUND_2,1,11,1,前衝,沙拉貓貓/ROUND_2/01_前衝/11.webp,ee812ef07743c59cfc77d0b0a059dd872dd7bc6a92622575c8718c933e2da66e,detected_or_manifest,0,0,256,256,d6c578a7a52ac14b056af7c737ec46dc828aabc97f82e4e8712b3e95c4843472,False,False
沙拉貓貓,ROUND_2,1,12,2,前衝,沙拉貓貓/ROUND_2/01_前衝/12.webp,ee812ef07743c59cfc77d0b0a059dd872dd7bc6a92622575c8718c933e2da66e,detected_or_manifest,256,0,256,256,1aad5aedc2b7c8a53d3234f0af1cb10cdf61d8a03e8ccec6a0801e0826c70588,False,False
沙拉貓貓,ROUND_2,1,13,3,前衝,沙拉貓貓/ROUND_2/01_前衝/13.webp,ee812ef07743c59cfc77d0b0a059dd872dd7bc6a92622575c8718c933e2da66e,detected_or_manifest,521,20,247,233,01dff4fef159fe7b337ea1a2ca6f30896644d61ce4841641164a938157bc84ec,False,False
沙拉貓貓,ROUND_2,1,16,6,後撤,沙拉貓貓/ROUND_2/02_後撤/16.webp,ee812ef07743c59cfc77d0b0a059dd872dd7bc6a92622575c8718c933e2da66e,manual,515,237,253,275,449fc616aa56e5c41335cd680188eec76923c1ff25c9fc23153e815e0a18edc1,False,True
沙拉貓貓,ROUND_2,2,21,1,投技「你吃掉！」,沙拉貓貓/ROUND_2/03_投技「你吃掉！」/21.webp,d13f374ce68bdbdd664dbaeab7899a66dcb98c79ce0757677c48881be77ebd0e,detected_or_manifest,0,0,280,243,6decd881ec1d0e768eb52ce13022f66e75adb8de51617d4b7836d096884b37eb,False,False
沙拉貓貓,ROUND_2,2,22,2,投技「你吃掉！」,沙拉貓貓/ROUND_2/03_投技「你吃掉！」/22.webp,d13f374ce68bdbdd664dbaeab7899a66dcb98c79ce0757677c48881be77ebd0e,detected_or_manifest,273,0,219,252,3fc7f22e3440c0a317d0220b4beddf1285680f83fd849706c578dbb3e40e57c8,False,False
沙拉貓貓,ROUND_2,2,23,3,投技「你吃掉！」,沙拉貓貓/ROUND_2/03_投技「你吃掉！」/23.webp,d13f374ce68bdbdd664dbaeab7899a66dcb98c79ce0757677c48881be77ebd0e,detected_or_manifest,505,0,263,250,ff3fffa4d406204291611802ff26419e058f6f08abc345d2201be9442dfac08f,False,False
沙拉貓貓,ROUND_2,2,24,4,投技「你吃掉！」,沙拉貓貓/ROUND_2/03_投技「你吃掉！」/24.webp,d13f374ce68bdbdd664dbaeab7899a66dcb98c79ce0757677c48881be77ebd0e,detected_or_manifest,0,260,237,252,6c1c896c21313aab4c8ea34a09bab340b972adf6f2b62b01903c1efb6484126d,False,False
沙拉貓貓,ROUND_2,2,25,5,投技「你吃掉！」,沙拉貓貓/ROUND_2/03_投技「你吃掉！」/25.webp,d13f374ce68bdbdd664dbaeab7899a66dcb98c79ce0757677c48881be77ebd0e,detected_or_manifest,253,263,308,237,eb4daffca807de025292516fb7490b833e9c223767d586d486e66ab3800c0fb5,False,False
沙拉貓貓,ROUND_2,2,26,6,投技「你吃掉！」,沙拉貓貓/ROUND_2/03_投技「你吃掉！」/26.webp,d13f374ce68bdbdd664dbaeab7899a66dcb98c79ce0757677c48881be77ebd0e,detected_or_manifest,562,260,206,252,65f1c68ee9c4e735cace0ee568f6a7e065f0f800b2d9638f4c620d7b39c8f98c,False,False
沙拉貓貓,ROUND_2,3,31,1,重擊起飛,沙拉貓貓/ROUND_2/04_重擊起飛/31.webp,6523d8ea96648a5c5a356e6a49388e3689ad26e890700c8c08fbe3fe18b6f361,manual,0,12,271,300,eb2b7561efa448f4ca7b3698a45e9511329e28c0240f2181ec4e4475f2da2679,False,True
沙拉貓貓,ROUND_2,3,32,2,空中被摔,沙拉貓貓/ROUND_2/05_空中被摔/32.webp,6523d8ea96648a5c5a356e6a49388e3689ad26e890700c8c08fbe3fe18b6f361,manual,284,12,241,270,76556710bc09c94a62c6f13bb10e28ad003f86c984a9e16f28ba7adda2890e2a,False,True
沙拉貓貓,ROUND_2,3,33,3,落地前,沙拉貓貓/ROUND_2/06_落地前/33.webp,6523d8ea96648a5c5a356e6a49388e3689ad26e890700c8c08fbe3fe18b6f361,manual,530,12,229,277,520e999079e2389cdda08b8e3988cd7e0153f9dd86184caa07e5ea3a2acdc79a,False,True
沙拉貓貓,ROUND_2,3,34,4,倒地撞擊,沙拉貓貓/ROUND_2/07_倒地撞擊/34.webp,6523d8ea96648a5c5a356e6a49388e3689ad26e890700c8c08fbe3fe18b6f361,manual,0,313,270,175,0259470ec74316e5919a34d159f72b8b24af7c04c99f449450c5cf48e2d1f273,False,True
沙拉貓貓,ROUND_2,3,35,5,倒地,沙拉貓貓/ROUND_2/08_倒地/35.webp,6523d8ea96648a5c5a356e6a49388e3689ad26e890700c8c08fbe3fe18b6f361,manual,258,311,248,196,7481bd857d4b61d61fb67a41517d023e8e6909cdf495020f879bc8af429ca91f,False,True
沙拉貓貓,ROUND_2,3,36,6,Soft Knockdown 恢復,沙拉貓貓/ROUND_2/09_Soft_Knockdown_恢復/36.webp,6523d8ea96648a5c5a356e6a49388e3689ad26e890700c8c08fbe3fe18b6f361,manual,507,292,251,284,b000989236acbdab697440e83334d638820d51c1ca3b43046916d879b6d77a06,False,True
沙拉貓貓,ROUND_2,3,37,7,起身前段,沙拉貓貓/ROUND_2/10_起身前段/37.webp,6523d8ea96648a5c5a356e6a49388e3689ad26e890700c8c08fbe3fe18b6f361,manual,0,510,276,215,0b8172be212ec67e138d6a803ce47766ae1dbb385b84767cd176dce4ae8901d0,False,True
沙拉貓貓,ROUND_2,3,38,8,起身後段,沙拉貓貓/ROUND_2/11_起身後段/38.webp,6523d8ea96648a5c5a356e6a49388e3689ad26e890700c8c08fbe3fe18b6f361,manual,262,508,244,218,7c4556944bee6a4581931df9c4bc405847e137f9d4e265068ddabecb87d17fa6,False,True
沙拉貓貓,ROUND_2,3,39,9,KO,沙拉貓貓/ROUND_2/12_KO/39.webp,6523d8ea96648a5c5a356e6a49388e3689ad26e890700c8c08fbe3fe18b6f361,manual,505,520,263,246,39125e58a877e5c822cddcd8ddf7ec1257c574f823ea82738ca0915478821c53,False,True
沙拉貓貓,ROUND_2,4,41,1,開始蓄力,沙拉貓貓/ROUND_2/13_開始蓄力/41.webp,ba1a91fabf133be53fb38946c816a65b91a8fdd677e467cee0c7240293e937f7,detected_or_manifest,0,0,275,275,aebc1dbccf31b3b7827b7763a0d856db8e9d511baa23019715c96b1db2fe48b0,False,False
沙拉貓貓,ROUND_2,4,42,2,蓄力維持,沙拉貓貓/ROUND_2/14_蓄力維持/42.webp,ba1a91fabf133be53fb38946c816a65b91a8fdd677e467cee0c7240293e937f7,detected_or_manifest,264,0,249,252,af4dd96ba35ca15c70bfdaa90deddda147ce32c51f77dc32f1ee8f925feae3b2,False,False
沙拉貓貓,ROUND_2,4,43,3,最大蓄力,沙拉貓貓/ROUND_2/15_最大蓄力/43.webp,ba1a91fabf133be53fb38946c816a65b91a8fdd677e467cee0c7240293e937f7,manual,522,0,246,257,212e80f46e0f8afe4cc1f4e29465964788e398ea936b2bd489690950c0f4b232,False,True
沙拉貓貓,ROUND_2,4,44,4,放招準備,沙拉貓貓/ROUND_2/16_放招準備/44.webp,ba1a91fabf133be53fb38946c816a65b91a8fdd677e467cee0c7240293e937f7,detected_or_manifest,0,256,256,256,f8340fdbc5ce0e8f336e6c0e41d9e90282247c436d3f6c9e4dd4a59947dcefab,False,False
沙拉貓貓,ROUND_2,4,45,5,「拒吃震波」釋放,沙拉貓貓/ROUND_2/17_「拒吃震波」釋放/45.webp,ba1a91fabf133be53fb38946c816a65b91a8fdd677e467cee0c7240293e937f7,detected_or_manifest,260,268,281,244,ec8959d23f1bded7c2c9005de27f580e574d153b97ad6f4c51d4703b1ee2cd50,False,False
沙拉貓貓,ROUND_2,4,46,6,後座／恢復,沙拉貓貓/ROUND_2/18_後座_恢復/46.webp,ba1a91fabf133be53fb38946c816a65b91a8fdd677e467cee0c7240293e937f7,detected_or_manifest,544,264,224,239,8c185b0a65e3b5539b19897c4b2be5895d8720a86abb667ca50d50072b36e57f,False,False
沙拉貓貓,ROUND_2,5,51,1,蓄力壓力核心,沙拉貓貓/ROUND_2/19_蓄力壓力核心/51.webp,4fbd847bfe1bbe0f4a4d29b9c68cbb05cb6e0639b1a2b97ce1465056ddee8c36,manual,12,9,266,237,03ad0648492d4a76693ecffd4bf86fc7da9a50a2c6e52152c5520bd7aa3f55de,False,True
沙拉貓貓,ROUND_2,5,52,2,Lv1「不要」短震波,沙拉貓貓/ROUND_2/20_Lv1「不要」短震波/52.webp,4fbd847bfe1bbe0f4a4d29b9c68cbb05cb6e0639b1a2b97ce1465056ddee8c36,manual,226,0,265,234,6b19442d4c4ee540a644321bb6838a7edd2a6f98ace6aec9795d78e6fb9b7e78,False,True
沙拉貓貓,ROUND_2,5,53,3,Lv1 Pushback 命中特效,沙拉貓貓/ROUND_2/21_Lv1_Pushback_命中特效/53.webp,4fbd847bfe1bbe0f4a4d29b9c68cbb05cb6e0639b1a2b97ce1465056ddee8c36,manual,521,10,238,257,6baf243154267dde5e2382295c538a8ddcbd7017f788a33f6e460fed74076d5a,False,True
沙拉貓貓,ROUND_2,5,54,4,Lv2「我說不要」大型震波,沙拉貓貓/ROUND_2/22_Lv2「我說不要」大型震波/54.webp,4fbd847bfe1bbe0f4a4d29b9c68cbb05cb6e0639b1a2b97ce1465056ddee8c36,manual,0,247,239,241,eb61525a08e6afb53c161a01e1a1a593980070ec1a704b313fe1fd31e37c31b9,False,True
沙拉貓貓,ROUND_2,5,55,5,Lv2「我說不要」大型震波,沙拉貓貓/ROUND_2/22_Lv2「我說不要」大型震波/55.webp,4fbd847bfe1bbe0f4a4d29b9c68cbb05cb6e0639b1a2b97ce1465056ddee8c36,manual,285,232,209,264,3f1df9ac8a82c81577f85c384d6466bfb4c04ae737a47f4cdc9604d61bff48a8,False,True
沙拉貓貓,ROUND_2,5,56,6,Lv2 Soft Knockdown 命中特效,沙拉貓貓/ROUND_2/23_Lv2_Soft_Knockdown_命中特效/56.webp,4fbd847bfe1bbe0f4a4d29b9c68cbb05cb6e0639b1a2b97ce1465056ddee8c36,manual,508,256,257,227,9902d09da15932d15983d276ff992a0822044dc9bbc5f5c17b9d3bfd5b36d567,False,True
沙拉貓貓,ROUND_2,5,57,7,Lv3「我真的不吃！」巨大拒絕震波,沙拉貓貓/ROUND_2/24_Lv3「我真的不吃！」巨大拒絕震波/57.webp,4fbd847bfe1bbe0f4a4d29b9c68cbb05cb6e0639b1a2b97ce1465056ddee8c36,manual,1,482,266,286,da339c05816e87a7e2f322704c978341d3b555528c913800fa324ab34ba2e8ef,False,True
沙拉貓貓,ROUND_2,5,58,8,Lv3「我真的不吃！」巨大拒絕震波,沙拉貓貓/ROUND_2/24_Lv3「我真的不吃！」巨大拒絕震波/58.webp,4fbd847bfe1bbe0f4a4d29b9c68cbb05cb6e0639b1a2b97ce1465056ddee8c36,manual,258,494,250,257,c5f3042405e001646231fa80c3aab611398aec6006841c5228a8180ca0fdb3f8,False,True
沙拉貓貓,ROUND_2,5,59,9,Lv3 Neutral Reset／Corner Escape 爆發,沙拉貓貓/ROUND_2/25_Lv3_Neutral_Reset_Corner_Escape_爆發/59.webp,4fbd847bfe1bbe0f4a4d29b9c68cbb05cb6e0639b1a2b97ce1465056ddee8c36,manual,511,505,255,263,28f565b8ca3dce614187de4a31fc2fc7f6ec0b048d699bd5fc2bc909fc0c5556,False,True
沙拉貓貓,ROUND_2,6,61,1,Ultimate 發動,沙拉貓貓/ROUND_2/26_Ultimate_發動/61.webp,70e06628f1cceebee557bc1cbc99f69ed4a16ddc760a27269d9738453e33e257,manual,0,0,252,273,47d13eb9b342fb78357be3de877081ab1c22badc36566bb9b20fe16cf573df08,False,True
沙拉貓貓,ROUND_2,6,62,2,確認對手位置,沙拉貓貓/ROUND_2/27_確認對手位置/62.webp,70e06628f1cceebee557bc1cbc99f69ed4a16ddc760a27269d9738453e33e257,detected_or_manifest,254,0,258,263,3ebe16c9e4bf8d53566b920214c95cec7bbf4a3fac964f5f291b4387db13ef71,False,False
沙拉貓貓,ROUND_2,6,63,3,呼叫巨大沙拉盆,沙拉貓貓/ROUND_2/28_呼叫巨大沙拉盆/63.webp,70e06628f1cceebee557bc1cbc99f69ed4a16ddc760a27269d9738453e33e257,detected_or_manifest,512,0,256,256,f042360e4434d2c7e96837d3adacbffc23afb5e8d063529ae5424e580fc80b9e,False,False
沙拉貓貓,ROUND_2,6,64,4,Overhead 階段準備,沙拉貓貓/ROUND_2/29_Overhead_階段準備/64.webp,70e06628f1cceebee557bc1cbc99f69ed4a16ddc760a27269d9738453e33e257,manual,0,275,250,237,0d25c2aecd4587f153f685811c324406f371993f89a4c549e52c79f0a33033c5,False,True
沙拉貓貓,ROUND_2,6,65,5,Low Shockwave 階段後座,沙拉貓貓/ROUND_2/30_Low_Shockwave_階段後座/65.webp,70e06628f1cceebee557bc1cbc99f69ed4a16ddc760a27269d9738453e33e257,detected_or_manifest,256,256,256,256,be46bc055661567268c1807002ba7d49696b8ab36dd51aa6238d1ae64c8b1f8d,False,False
沙拉貓貓,ROUND_2,6,66,6,Ultimate 收招／退回中距離,沙拉貓貓/ROUND_2/31_Ultimate_收招_退回中距離/66.webp,70e06628f1cceebee557bc1cbc99f69ed4a16ddc760a27269d9738453e33e257,detected_or_manifest,512,256,256,256,e15d098cb942c02987998221c513ed873ab5d7484e302a05e966662f65021c34,False,False
沙拉貓貓,ROUND_2,7,71,1,巨大沙拉盆本體,沙拉貓貓/ROUND_2/32_巨大沙拉盆本體/71.webp,f2a656a1384db02913137f5a60875cd04f3bd5475060cb7249fc8202a0d4ba99,detected_or_manifest,1,0,258,235,93c69cf772104bab36320a3fc9fd3231ce438128ba107c2a708560b51ffd5943,False,False
沙拉貓貓,ROUND_2,7,72,2,高空落下,沙拉貓貓/ROUND_2/33_高空落下/72.webp,f2a656a1384db02913137f5a60875cd04f3bd5475060cb7249fc8202a0d4ba99,detected_or_manifest,264,0,263,226,5d58362aacb9e275e8bb177bf85a0b5b370b3b80d32cce2578e88b93579107ed,False,False
沙拉貓貓,ROUND_2,7,74,4,Overhead Active,沙拉貓貓/ROUND_2/35_Overhead_Active/74.webp,f2a656a1384db02913137f5a60875cd04f3bd5475060cb7249fc8202a0d4ba99,detected_or_manifest,0,225,248,287,317ff19ffcbd67887cd8b07dff54b3623a5330e15d0730f2a5dd44a61b546f93,False,False
沙拉貓貓,ROUND_2,7,75,5,撞擊地面,沙拉貓貓/ROUND_2/36_撞擊地面/75.webp,f2a656a1384db02913137f5a60875cd04f3bd5475060cb7249fc8202a0d4ba99,detected_or_manifest,253,220,263,292,0da39c2e45e51095ca42530014cc86e3eb30a5fbc824686238ad66428596c11a,False,False
沙拉貓貓,ROUND_2,8,81,1,沙拉盆下降風壓,沙拉貓貓/ROUND_2/38_沙拉盆下降風壓/81.webp,e0aaff7cfd01e8cb46b708bdc30512ff1514b926cc1fd4ae5147012734b88e17,detected_or_manifest,0,0,256,256,b9189c68ed719bb18effdf186b68efc63ca203da0b0132db8e7e9623f8601845,False,False
沙拉貓貓,ROUND_2,8,82,2,Overhead 命中特效,沙拉貓貓/ROUND_2/39_Overhead_命中特效/82.webp,e0aaff7cfd01e8cb46b708bdc30512ff1514b926cc1fd4ae5147012734b88e17,manual,285,0,227,365,0f66087c6e45cd5c2552691f98ceb329dd811dd44abfcc79567c343b8f10c97d,False,True
沙拉貓貓,ROUND_2,8,83,3,Overhead 沙拉飛散,沙拉貓貓/ROUND_2/40_Overhead_沙拉飛散/83.webp,e0aaff7cfd01e8cb46b708bdc30512ff1514b926cc1fd4ae5147012734b88e17,manual,510,0,249,305,b6efe6ad70aa1676cb1901eba447bfa95b87d6e4cdda636b14087f84e8f05878,False,True
沙拉貓貓,ROUND_2,8,84,4,地面撞擊核心,沙拉貓貓/ROUND_2/41_地面撞擊核心/84.webp,e0aaff7cfd01e8cb46b708bdc30512ff1514b926cc1fd4ae5147012734b88e17,manual,0,321,259,182,5e055e805637bb19ff8f69d21c8f1161d542c823d54bff96fc2432d290255ff4,False,True
沙拉貓貓,ROUND_2,8,85,5,第二段 LOW Shockwave 起始,沙拉貓貓/ROUND_2/42_第二段_LOW_Shockwave_起始/85.webp,e0aaff7cfd01e8cb46b708bdc30512ff1514b926cc1fd4ae5147012734b88e17,manual,255,336,241,169,349b585dd69f388b534cdf2b6360699ee9ae8c202a643a98088dc0c58360dfe0,False,True
沙拉貓貓,ROUND_2,8,86,6,LOW 大範圍震波,沙拉貓貓/ROUND_2/43_LOW_大範圍震波/86.webp,e0aaff7cfd01e8cb46b708bdc30512ff1514b926cc1fd4ae5147012734b88e17,manual,495,335,273,164,ff7d0eee6da4bd572c0d53db167ea39ce70fe9b0792c51399205b15c6f1d0556,False,True
沙拉貓貓,ROUND_2,8,87,7,Low 左側震波,沙拉貓貓/ROUND_2/44_Low_左側震波/87.webp,e0aaff7cfd01e8cb46b708bdc30512ff1514b926cc1fd4ae5147012734b88e17,manual,0,526,266,234,7220e80cb66e7ac1c30d81e969735674981df32d76892e2cf3e04effc1270e12,False,True
沙拉貓貓,ROUND_2,8,88,8,Low 右側震波,沙拉貓貓/ROUND_2/45_Low_右側震波/88.webp,e0aaff7cfd01e8cb46b708bdc30512ff1514b926cc1fd4ae5147012734b88e17,manual,252,485,255,264,eb1d83bba557386eee08db430278bfab0b5534b4d8b76d39e36b3d972b268a46,False,True
沙拉貓貓,ROUND_2,8,89,9,Neutral Reset 最終爆發,沙拉貓貓/ROUND_2/46_Neutral_Reset_最終爆發/89.webp,e0aaff7cfd01e8cb46b708bdc30512ff1514b926cc1fd4ae5147012734b88e17,manual,499,528,269,240,c064054b3549347a67451899382d4af0a265eb4489008b85c1fd056841778cbc,False,True
魔法胖橘貓,ROUND_1,1,11,1,待機,魔法胖橘貓/ROUND_1/01_待機/11.webp,ce916d5bbdc659449dacbe5dd4e379c66c1e70587555c583c71f8f8fe825c5fc,detected_or_manifest,0,0,256,256,95ea4f9bd84711da45c96101d6abe532fc2f49bde09ff163bc16ee29e29adca7,False,False
魔法胖橘貓,ROUND_1,1,13,3,待機,魔法胖橘貓/ROUND_1/01_待機/13.webp,ce916d5bbdc659449dacbe5dd4e379c66c1e70587555c583c71f8f8fe825c5fc,manual,487,10,281,248,98ae176e4fc4a7d790a3cc0a92efba64149c9bce5eda5de552eae34a21f5d57a,False,True
魔法胖橘貓,ROUND_1,1,14,4,前走,魔法胖橘貓/ROUND_1/02_前走/14.webp,ce916d5bbdc659449dacbe5dd4e379c66c1e70587555c583c71f8f8fe825c5fc,manual,0,264,256,250,cfa7de6d47cc18ca1ab5695b4df0e2fd46bd892ba3f93fb1e4a21e0579da50fa,False,True
魔法胖橘貓,ROUND_1,1,15,5,前走,魔法胖橘貓/ROUND_1/02_前走/15.webp,ce916d5bbdc659449dacbe5dd4e379c66c1e70587555c583c71f8f8fe825c5fc,manual,263,254,249,237,8467e82119fb1670cc394c5cb51bf563448c14484d31bf44b7851081a1536494,False,True
魔法胖橘貓,ROUND_1,1,16,6,前走,魔法胖橘貓/ROUND_1/02_前走/16.webp,ce916d5bbdc659449dacbe5dd4e379c66c1e70587555c583c71f8f8fe825c5fc,manual,515,267,253,245,4f24b33d18f655065f61e402d1b7843d9a7da9f0ae5a8676fd02e74c0478be84,False,True
魔法胖橘貓,ROUND_1,1,17,7,後走,魔法胖橘貓/ROUND_1/03_後走/17.webp,ce916d5bbdc659449dacbe5dd4e379c66c1e70587555c583c71f8f8fe825c5fc,manual,0,533,273,235,8555983c899c25a2e40981468e2cfaa14ac1a6927e8896765a010aadd10d4a6b,False,True
魔法胖橘貓,ROUND_1,1,18,8,後走,魔法胖橘貓/ROUND_1/03_後走/18.webp,ce916d5bbdc659449dacbe5dd4e379c66c1e70587555c583c71f8f8fe825c5fc,manual,276,485,225,283,09ea4cdda88d18167b8259a0e573b8e43596014555208fd3114dcfa9524bd4b8,False,True
魔法胖橘貓,ROUND_1,1,19,9,後走,魔法胖橘貓/ROUND_1/03_後走/19.webp,ce916d5bbdc659449dacbe5dd4e379c66c1e70587555c583c71f8f8fe825c5fc,manual,514,527,254,241,b2eabb78af9fc2edfb10d9960a73131957a09566ae81e911c53de6775266a472,False,True
魔法胖橘貓,ROUND_1,2,21,1,蹲下,魔法胖橘貓/ROUND_1/04_蹲下/21.webp,737640fe796232f3795e4840a11598cbd31630f6371d1da72bcc2ef2bcca9fbd,detected_or_manifest,0,1,245,255,41b3754d1a0915661a05d84c7607baa265074314baa9bffaa036ed287f1c07a3,False,False
魔法胖橘貓,ROUND_1,2,22,2,跳躍,魔法胖橘貓/ROUND_1/05_跳躍/22.webp,737640fe796232f3795e4840a11598cbd31630f6371d1da72bcc2ef2bcca9fbd,detected_or_manifest,246,0,279,242,b96d1093d7e6dda54c602f503bdf4264a6c1bb9c46d67adbb2be03cb04f4759e,False,False
魔法胖橘貓,ROUND_1,2,25,5,跳躍,魔法胖橘貓/ROUND_1/05_跳躍/25.webp,737640fe796232f3795e4840a11598cbd31630f6371d1da72bcc2ef2bcca9fbd,detected_or_manifest,256,256,256,256,7d881e2cd72d077e11d30aea3b32fb216af855a816e21002efdb63ae53a4c525,False,False
魔法胖橘貓,ROUND_1,2,26,6,落地,魔法胖橘貓/ROUND_1/06_落地/26.webp,737640fe796232f3795e4840a11598cbd31630f6371d1da72bcc2ef2bcca9fbd,detected_or_manifest,520,271,248,241,cd02cc179c705260051bd3aa3724771e3cee52fa6731c55cfcae53c5485c683f,False,False
魔法胖橘貓,ROUND_1,3,32,2,前衝,魔法胖橘貓/ROUND_1/07_前衝/32.webp,ae75d7752ac9f52fc67377d32c6af918e5d949c207e45ad146ad1d103d1a3cfd,manual,261,8,238,237,c07516de240f54cd8c82414dacd990b8f028d56e0f7bd659bae394010b64d596,False,True
魔法胖橘貓,ROUND_1,3,33,3,前衝,魔法胖橘貓/ROUND_1/07_前衝/33.webp,ae75d7752ac9f52fc67377d32c6af918e5d949c207e45ad146ad1d103d1a3cfd,detected_or_manifest,508,0,260,249,2b4d65e0ad713a94092758ac39073f1a6038614d0b50be0ce72c633c3a72525d,False,False
魔法胖橘貓,ROUND_1,3,34,4,後撤,魔法胖橘貓/ROUND_1/08_後撤/34.webp,ae75d7752ac9f52fc67377d32c6af918e5d949c207e45ad146ad1d103d1a3cfd,manual,0,260,277,235,339bfc371869a5e05b49d3e8163dfc62c3639d48683ac66aabf893df0d0e4f99,False,True
魔法胖橘貓,ROUND_1,3,35,5,後撤,魔法胖橘貓/ROUND_1/08_後撤/35.webp,ae75d7752ac9f52fc67377d32c6af918e5d949c207e45ad146ad1d103d1a3cfd,manual,276,252,248,242,c96e08cc739004654311572c07b22b98a0cce6a349d63c15c418ad7c2eed3466,False,True
魔法胖橘貓,ROUND_1,3,36,6,後撤,魔法胖橘貓/ROUND_1/08_後撤/36.webp,ae75d7752ac9f52fc67377d32c6af918e5d949c207e45ad146ad1d103d1a3cfd,manual,517,252,244,234,d4d489460b40e1f916967b28dc085d2aaceca96b9b8a9c0581a16a4143204efa,False,True
魔法胖橘貓,ROUND_1,4,42,2,輕攻「見習杖戳」,魔法胖橘貓/ROUND_1/09_輕攻「見習杖戳」/42.webp,51ec6301b415dfac499cd335176f0a45c4dd44ed37e43e8ffa4c806a028f57b2,manual,261,7,219,257,76901dc32e1c0c4c8c6e52ac15ab66112cd4066fd291955795d4f5d0c0323076,False,True
魔法胖橘貓,ROUND_1,4,43,3,輕攻「見習杖戳」,魔法胖橘貓/ROUND_1/09_輕攻「見習杖戳」/43.webp,51ec6301b415dfac499cd335176f0a45c4dd44ed37e43e8ffa4c806a028f57b2,manual,494,15,274,238,30a577ee1abbe75b17bdd086fc9ad5c74bf7d1123f98fde72c3e6bd4dbfdc4c3,False,True
魔法胖橘貓,ROUND_1,4,44,4,輕攻「見習杖戳」,魔法胖橘貓/ROUND_1/09_輕攻「見習杖戳」/44.webp,51ec6301b415dfac499cd335176f0a45c4dd44ed37e43e8ffa4c806a028f57b2,manual,0,261,288,215,039136c1e610b19390530f4316178ba35a43b5c76aa8c539eb7c68d3b7eca8e5,False,True
魔法胖橘貓,ROUND_1,4,45,5,輕攻「見習杖戳」,魔法胖橘貓/ROUND_1/09_輕攻「見習杖戳」/45.webp,51ec6301b415dfac499cd335176f0a45c4dd44ed37e43e8ffa4c806a028f57b2,manual,287,269,259,227,9d09c1efdefd36d3fe2153a43ef63dcbf55ef2b02ba0704ff61505d65729fc30,False,True
魔法胖橘貓,ROUND_1,4,46,6,輕攻「見習杖戳」,魔法胖橘貓/ROUND_1/09_輕攻「見習杖戳」/46.webp,51ec6301b415dfac499cd335176f0a45c4dd44ed37e43e8ffa4c806a028f57b2,manual,548,266,220,228,bb5598475ebf7b38cc3297b529fad4a0e9f1b8e3cc8bbe53e1982ffb11278ee0,False,True
魔法胖橘貓,ROUND_1,5,54,4,重攻「大法師橫掃」,魔法胖橘貓/ROUND_1/10_重攻「大法師橫掃」/54.webp,8e8644f10c222a44a5e35ea6c9b15831bf34358936fd211fe3e55449f41496e2,detected_or_manifest,0,256,256,256,25443e817986d2c0613f758c4ff853f976800e7ede6f631208424c7721bf518c,False,False
魔法胖橘貓,ROUND_1,5,55,5,重攻「大法師橫掃」,魔法胖橘貓/ROUND_1/10_重攻「大法師橫掃」/55.webp,8e8644f10c222a44a5e35ea6c9b15831bf34358936fd211fe3e55449f41496e2,detected_or_manifest,256,256,256,256,d7ad688b4f42801b7dfd5f6feb457f1bb3e55612e227b24e8a08de413e3ae9ca,False,False
魔法胖橘貓,ROUND_1,5,56,6,重攻「大法師橫掃」,魔法胖橘貓/ROUND_1/10_重攻「大法師橫掃」/56.webp,8e8644f10c222a44a5e35ea6c9b15831bf34358936fd211fe3e55449f41496e2,detected_or_manifest,535,256,233,229,9de7dbe9aff79dd71cdeb749857499faa7c626a1ef6035a5ca69300e9425e405,False,False
魔法胖橘貓,ROUND_1,6,61,1,下段「法杖畫圈」,魔法胖橘貓/ROUND_1/11_下段「法杖畫圈」/61.webp,f025a10e0edfa61c30f2641c5e07ca497f5d2667fec12f960b6a0477c6bdadda,detected_or_manifest,0,0,256,256,124b4d0e9b9d5f4376e45c81268d0439d40a2b6729ca09260ff06a719f9041c8,False,False
魔法胖橘貓,ROUND_1,6,62,2,下段「法杖畫圈」,魔法胖橘貓/ROUND_1/11_下段「法杖畫圈」/62.webp,f025a10e0edfa61c30f2641c5e07ca497f5d2667fec12f960b6a0477c6bdadda,detected_or_manifest,266,0,263,248,bcbfab1efd0c0bb694457f1b32ae82e8efbef3bbf51f2787544b26ebc520fa3e,False,False
魔法胖橘貓,ROUND_1,6,63,3,下段「法杖畫圈」,魔法胖橘貓/ROUND_1/11_下段「法杖畫圈」/63.webp,f025a10e0edfa61c30f2641c5e07ca497f5d2667fec12f960b6a0477c6bdadda,manual,532,7,211,261,4725e4254b76a61b3f255015163474348beaee800cee6996e2a4369998d7a24c,False,True
魔法胖橘貓,ROUND_1,6,64,4,下段「法杖畫圈」,魔法胖橘貓/ROUND_1/11_下段「法杖畫圈」/64.webp,f025a10e0edfa61c30f2641c5e07ca497f5d2667fec12f960b6a0477c6bdadda,manual,0,230,281,258,f6a4c53b58bb2710d8f6ee64537001d073bc4c04afb35264ed8a8edd3e034c57,False,True
魔法胖橘貓,ROUND_1,6,65,5,下段「法杖畫圈」,魔法胖橘貓/ROUND_1/11_下段「法杖畫圈」/65.webp,f025a10e0edfa61c30f2641c5e07ca497f5d2667fec12f960b6a0477c6bdadda,detected_or_manifest,256,256,256,256,8fb57c0eb8700179ceed2727b9a967b53e10c0fd8b34e56577c15e8f9e5c52c6,False,False
魔法胖橘貓,ROUND_1,6,66,6,下段「法杖畫圈」,魔法胖橘貓/ROUND_1/11_下段「法杖畫圈」/66.webp,f025a10e0edfa61c30f2641c5e07ca497f5d2667fec12f960b6a0477c6bdadda,detected_or_manifest,512,256,256,256,8d187254699bc1c3ecff862f5b3aa00825de201d0cf58a91e06588140b5debd6,False,False
魔法胖橘貓,ROUND_1,7,71,1,空中攻擊「帽子掉了！」,魔法胖橘貓/ROUND_1/12_空中攻擊「帽子掉了！」/71.webp,617ab674f93815a3719193dc88071489b4020ee8654c36e13e4732737ce9dc7f,detected_or_manifest,0,0,260,238,ad4e455cb8d6dbc71a2fb47d07630117ce58d705194539e33341dc67b139ad0e,False,False
魔法胖橘貓,ROUND_1,7,72,2,空中攻擊「帽子掉了！」,魔法胖橘貓/ROUND_1/12_空中攻擊「帽子掉了！」/72.webp,617ab674f93815a3719193dc88071489b4020ee8654c36e13e4732737ce9dc7f,detected_or_manifest,252,7,273,234,1dfe967391de8c4ae63c373ea909133d2c8d0bbdf403c4b9020195f84c9b51ca,False,False
魔法胖橘貓,ROUND_1,7,74,4,空中攻擊「帽子掉了！」,魔法胖橘貓/ROUND_1/12_空中攻擊「帽子掉了！」/74.webp,617ab674f93815a3719193dc88071489b4020ee8654c36e13e4732737ce9dc7f,detected_or_manifest,0,260,253,252,cfbb2db1c22e01df9a8ac99a1642c517873af421ed4d20e07e963cfeff612566,False,False
魔法胖橘貓,ROUND_1,7,75,5,空中攻擊「帽子掉了！」,魔法胖橘貓/ROUND_1/12_空中攻擊「帽子掉了！」/75.webp,617ab674f93815a3719193dc88071489b4020ee8654c36e13e4732737ce9dc7f,detected_or_manifest,265,237,248,275,98c615240664ce03a1be7fb1412fabc777ff62547673345864d087e0aa35f392,False,False
魔法胖橘貓,ROUND_1,7,76,6,空中攻擊「帽子掉了！」,魔法胖橘貓/ROUND_1/12_空中攻擊「帽子掉了！」/76.webp,617ab674f93815a3719193dc88071489b4020ee8654c36e13e4732737ce9dc7f,detected_or_manifest,519,272,249,240,ed34de48e0ba1646fbeca39314cf57367ba75c5128012f6f5a35ff23b17e3850,False,False
魔法胖橘貓,ROUND_1,8,81,1,站防,魔法胖橘貓/ROUND_1/13_站防/81.webp,a40791fb8aa59653ea0850547a5b21aa0c5819184d3ba42e4f5e873fec94c88e,replacement_grid,0,0,418,418,c01b00fec4c3524866ad4ffaf3dd1bc56b64281cb02b63b23f6c3e04d8452d53,True,False
魔法胖橘貓,ROUND_1,8,82,2,Standing Blockstun,魔法胖橘貓/ROUND_1/14_Standing_Blockstun/82.webp,a40791fb8aa59653ea0850547a5b21aa0c5819184d3ba42e4f5e873fec94c88e,manual,426,9,483,418,fe38ed3cac85e442b94b0fb44b898715faaf2c06494dc7a9f8b3b5665f586fb4,True,True
魔法胖橘貓,ROUND_1,8,83,3,Standing Guard Recovery,魔法胖橘貓/ROUND_1/15_Standing_Guard_Recovery/83.webp,a40791fb8aa59653ea0850547a5b21aa0c5819184d3ba42e4f5e873fec94c88e,manual,878,1,376,417,cfc3c45cbd1e795a8c4d77cc1895f1540ae682f9ca1168c0d58682f736fff5d2,True,True
魔法胖橘貓,ROUND_1,8,84,4,蹲防,魔法胖橘貓/ROUND_1/16_蹲防/84.webp,a40791fb8aa59653ea0850547a5b21aa0c5819184d3ba42e4f5e873fec94c88e,manual,2,418,439,395,0d9880ce794bdbf943528952a8cc08d7acf03bb4fd0c97fd38c9a5351acfce2b,True,True
魔法胖橘貓,ROUND_1,8,85,5,Crouching Blockstun,魔法胖橘貓/ROUND_1/17_Crouching_Blockstun/85.webp,a40791fb8aa59653ea0850547a5b21aa0c5819184d3ba42e4f5e873fec94c88e,manual,477,421,394,418,4440705f2e6048fd50519600112649db854b9a5564dd6ac61d151f350bda0d77,True,True
魔法胖橘貓,ROUND_1,8,86,6,Crouching Guard Recovery,魔法胖橘貓/ROUND_1/18_Crouching_Guard_Recovery/86.webp,a40791fb8aa59653ea0850547a5b21aa0c5819184d3ba42e4f5e873fec94c88e,manual,897,407,357,413,d62395937e1a7028b3566e6915bbaa942589fcd4fe53775cc13a2c3a1c10bd98,True,True
魔法胖橘貓,ROUND_1,8,87,7,High Hitstun,魔法胖橘貓/ROUND_1/19_High_Hitstun/87.webp,a40791fb8aa59653ea0850547a5b21aa0c5819184d3ba42e4f5e873fec94c88e,manual,0,805,418,449,ae08420743d282c2e8eeb03842dc0944297fe00b8d3452f1c001d7ea8e6f0f13,True,True
魔法胖橘貓,ROUND_1,8,88,8,Mid Hitstun,魔法胖橘貓/ROUND_1/20_Mid_Hitstun/88.webp,a40791fb8aa59653ea0850547a5b21aa0c5819184d3ba42e4f5e873fec94c88e,manual,418,836,418,418,e8e0203c298ff6836821062573e6d677049b8900900ddb88c33404147f7ce96a,True,True
魔法胖橘貓,ROUND_1,8,89,9,Low Hitstun,魔法胖橘貓/ROUND_1/21_Low_Hitstun/89.webp,a40791fb8aa59653ea0850547a5b21aa0c5819184d3ba42e4f5e873fec94c88e,manual,862,815,392,439,de6393bdaa85ad5c337364a8cc3ddc53fd4e81a9626c82a0a0d15f565ece51fe,True,True
魔法胖橘貓,ROUND_2,1,11,1,投技「杖子勾腳」,魔法胖橘貓/ROUND_2/01_投技「杖子勾腳」/11.webp,4267784f46e95606a5469516032d923e855952c5d704634fc6851fa7c65e9f1b,detected_or_manifest,0,0,239,276,e3cff26f5c8f07ec2ebf8bdd27c8ab960a5bbf2b8e624c11758a4a26c0e27392,False,False
魔法胖橘貓,ROUND_2,1,13,3,投技「杖子勾腳」,魔法胖橘貓/ROUND_2/01_投技「杖子勾腳」/13.webp,4267784f46e95606a5469516032d923e855952c5d704634fc6851fa7c65e9f1b,detected_or_manifest,503,32,265,269,a254eebd2a7c98426770c1bcd994c59f708d43c65aa509b714fa876d28018646,False,False
魔法胖橘貓,ROUND_2,2,21,1,Throw Reaction,魔法胖橘貓/ROUND_2/02_Throw_Reaction/21.webp,da396507eee6b0a5d448acd8b8452e270161a9b996f7bcadfc4acaa049b22730,detected_or_manifest,0,19,407,452,3b5fb59496e4ed86a2fe4284bec930790b785e4d48ab7beeb2e6469535b9b409,False,False
魔法胖橘貓,ROUND_2,2,22,2,Airborne Thrown,魔法胖橘貓/ROUND_2/03_Airborne_Thrown/22.webp,da396507eee6b0a5d448acd8b8452e270161a9b996f7bcadfc4acaa049b22730,manual,415,0,415,475,38ca87365a6677867e5f603b611366441b0c0a58d5cd4acd493e1d33c92c9a27,False,True
魔法胖橘貓,ROUND_2,2,23,3,Ground Impact,魔法胖橘貓/ROUND_2/04_Ground_Impact/23.webp,da396507eee6b0a5d448acd8b8452e270161a9b996f7bcadfc4acaa049b22730,manual,825,133,428,323,ee853e6a3f2aecd58a5d2b786ff66bfe1aacb861dc8efec70b0adbb1c50b5f82,False,True
魔法胖橘貓,ROUND_2,2,24,4,Knockdown Hold,魔法胖橘貓/ROUND_2/05_Knockdown_Hold/24.webp,da396507eee6b0a5d448acd8b8452e270161a9b996f7bcadfc4acaa049b22730,manual,0,505,419,307,0ac9ccc88a1b727d87c3a0bf3bc9645dc2a6844be26e56fa3d49da4a10670407,False,True
魔法胖橘貓,ROUND_2,2,25,5,Getup Brace,魔法胖橘貓/ROUND_2/06_Getup_Brace/25.webp,da396507eee6b0a5d448acd8b8452e270161a9b996f7bcadfc4acaa049b22730,manual,406,496,458,366,dd940f6e76eddf034aa130eb85c8670655bd613b94e40e60fbf18fbf42f6b745,False,True
魔法胖橘貓,ROUND_2,2,26,6,Heavy Rise,魔法胖橘貓/ROUND_2/07_Heavy_Rise/26.webp,da396507eee6b0a5d448acd8b8452e270161a9b996f7bcadfc4acaa049b22730,manual,864,456,390,403,c10498e89507978214309b918ae7ca4d0c52514d39a8fdfbd922fa03813efd05,False,True
魔法胖橘貓,ROUND_2,2,27,7,Getup Return,魔法胖橘貓/ROUND_2/08_Getup_Return/27.webp,da396507eee6b0a5d448acd8b8452e270161a9b996f7bcadfc4acaa049b22730,manual,0,808,397,430,cd4dec0ed232bfbbd38b38f143d78c706211b00202f095490851193a652f9878,False,True
魔法胖橘貓,ROUND_2,2,28,8,KO Collapse,魔法胖橘貓/ROUND_2/09_KO_Collapse/28.webp,da396507eee6b0a5d448acd8b8452e270161a9b996f7bcadfc4acaa049b22730,detected_or_manifest,418,836,418,418,0948d1227a4d5d78583cc0ae4211c68d806e40ed56a7bc2609a561fbe0f2644c,False,False
魔法胖橘貓,ROUND_2,2,29,9,KO Hold,魔法胖橘貓/ROUND_2/10_KO_Hold/29.webp,da396507eee6b0a5d448acd8b8452e270161a9b996f7bcadfc4acaa049b22730,detected_or_manifest,836,836,418,418,aaf359a955b7f12af308aa6d9869ca7525a6ea7aec0843c958244de1ea585b9e,False,False
魔法胖橘貓,ROUND_2,3,33,3,Ground Placement,魔法胖橘貓/ROUND_2/13_Ground_Placement/33.webp,a6b112a3b94a1b3daa77c1d29f6b2aeec2d94cd27214191e96e83d8043aded29,detected_or_manifest,512,0,256,256,f671645283110714b7a177421e44f7e0981f3124cf517c7e71cab3826e6bcf85,False,False
魔法胖橘貓,ROUND_2,3,34,4,Channel Hold,魔法胖橘貓/ROUND_2/14_Channel_Hold/34.webp,a6b112a3b94a1b3daa77c1d29f6b2aeec2d94cd27214191e96e83d8043aded29,manual,10,288,268,224,10b02fd8a6b5328eb242eaaec6b60a83bc9b9b0ccb774d83b9bbf46aedbdc11d,False,True
魔法胖橘貓,ROUND_2,3,35,5,Placement Confirmation,魔法胖橘貓/ROUND_2/15_Placement_Confirmation/35.webp,a6b112a3b94a1b3daa77c1d29f6b2aeec2d94cd27214191e96e83d8043aded29,manual,280,266,274,207,a6b1f3ef35e0969a6a81164e8d786a03e54284b97fabe1b60c87582255768fed,False,True
魔法胖橘貓,ROUND_2,3,36,6,Recovery,魔法胖橘貓/ROUND_2/16_Recovery/36.webp,a6b112a3b94a1b3daa77c1d29f6b2aeec2d94cd27214191e96e83d8043aded29,manual,562,243,206,260,59e99535e398abb70d8eb6bf9e2dc051293c80b6d3d47bd34776fe71b1ff23d3,False,True
魔法胖橘貓,ROUND_2,4,41,1,Dormant／Arming,魔法胖橘貓/ROUND_2/17_Dormant_Arming/41.webp,9beb6a792fef487d044bbd4c40a728b34a597a5f10ec75b386ff99a3691b97e9,manual,0,0,237,258,f1859af7bdd6280a0b1a36159f59db4e8b4c89247fbfd4aa670cc618bd57ab39,False,True
魔法胖橘貓,ROUND_2,4,42,2,Armed,魔法胖橘貓/ROUND_2/18_Armed/42.webp,9beb6a792fef487d044bbd4c40a728b34a597a5f10ec75b386ff99a3691b97e9,manual,261,25,237,222,f9c414e919b76bedb1b43321312c1e952f0245c3d64c34abcc2d00d6f83be99f,False,True
魔法胖橘貓,ROUND_2,4,43,3,Trigger／Burst,魔法胖橘貓/ROUND_2/19_Trigger_Burst/43.webp,9beb6a792fef487d044bbd4c40a728b34a597a5f10ec75b386ff99a3691b97e9,manual,496,0,272,259,d626109e75c9552446be65ae308b8cdfd68700e2b16a474156ff9c9dd91100b4,False,True
魔法胖橘貓,ROUND_2,4,44,4,Dormant／Arming,魔法胖橘貓/ROUND_2/20_Dormant_Arming/44.webp,9beb6a792fef487d044bbd4c40a728b34a597a5f10ec75b386ff99a3691b97e9,manual,1,240,260,247,4b7685415ee061e1e4ccbe7cf2bacac7a5e44a0575932a62427b34b85aa81622,False,True
魔法胖橘貓,ROUND_2,4,45,5,Armed＋Entry Warning,魔法胖橘貓/ROUND_2/21_Armed+Entry_Warning/45.webp,9beb6a792fef487d044bbd4c40a728b34a597a5f10ec75b386ff99a3691b97e9,manual,256,251,251,246,3f8f2827430ed8316aeb00777ece4c7b4b7a7b6e7e98dc105c97aa89650078b6,False,True
魔法胖橘貓,ROUND_2,4,46,6,Delayed Burst,魔法胖橘貓/ROUND_2/22_Delayed_Burst/46.webp,9beb6a792fef487d044bbd4c40a728b34a597a5f10ec75b386ff99a3691b97e9,manual,514,258,252,258,7b7fe54d948ca79b654e4fc62863c766f207b3eb1c40ae18d1c03dd35f19b75c,False,True
魔法胖橘貓,ROUND_2,4,47,7,Large Armed Base,魔法胖橘貓/ROUND_2/23_Large_Armed_Base/47.webp,9beb6a792fef487d044bbd4c40a728b34a597a5f10ec75b386ff99a3691b97e9,manual,3,487,250,281,cce7af561f7f0b67f65429db52cb4779bcb59bb3b5ec32c5769af84f1a05563b,False,True
魔法胖橘貓,ROUND_2,4,48,8,Large Trigger Warning,魔法胖橘貓/ROUND_2/24_Large_Trigger_Warning/48.webp,9beb6a792fef487d044bbd4c40a728b34a597a5f10ec75b386ff99a3691b97e9,manual,257,504,264,241,17e57b62fc776322fa2e8ca60a03d6853aa4ff18ca6765ed7d23d9cd697da581,False,True
魔法胖橘貓,ROUND_2,4,49,9,Complete Burst,魔法胖橘貓/ROUND_2/25_Complete_Burst/49.webp,9beb6a792fef487d044bbd4c40a728b34a597a5f10ec75b386ff99a3691b97e9,manual,521,507,242,239,068b3583f939369c6922cce0467783215b4b11b92985c9f43a7254275f906ef5,False,True
魔法胖橘貓,ROUND_2,5,51,1,Ultimate Startup,魔法胖橘貓/ROUND_2/26_Ultimate_Startup/51.webp,dca3272c9714fc37f25f0f2193c3db7da1a03d405fe2baadc1bfb23562f2bee4,manual,20,158,513,409,100139ad53b4cb986ba522e0b345815e49e9e6fa4bd24adc9580d86d8c112dcc,False,True
魔法胖橘貓,ROUND_2,5,52,2,Staff Raise,魔法胖橘貓/ROUND_2/27_Staff_Raise/52.webp,dca3272c9714fc37f25f0f2193c3db7da1a03d405fe2baadc1bfb23562f2bee4,manual,539,0,474,580,bd76a0af9a6b9a5221422ae39e2cd8fe7e9771276676abb1fadc3b3d7eb959e7,False,True
魔法胖橘貓,ROUND_2,5,53,3,Invocation Peak,魔法胖橘貓/ROUND_2/28_Invocation_Peak/53.webp,dca3272c9714fc37f25f0f2193c3db7da1a03d405fe2baadc1bfb23562f2bee4,manual,1026,0,508,583,cfc678d9c300a0ef4db299a38e0d52bfcbf0dc28a74ee7d6f3bc87da922e7978,False,True
魔法胖橘貓,ROUND_2,5,54,4,Summon Command,魔法胖橘貓/ROUND_2/29_Summon_Command/54.webp,dca3272c9714fc37f25f0f2193c3db7da1a03d405fe2baadc1bfb23562f2bee4,manual,0,580,600,425,64dd02f8e7b0f8bf5545bcea3eaa9f6a2c73faddc0361ce218685c990da3ee3a,False,True
魔法胖橘貓,ROUND_2,5,55,5,Early Recovery,魔法胖橘貓/ROUND_2/30_Early_Recovery/55.webp,dca3272c9714fc37f25f0f2193c3db7da1a03d405fe2baadc1bfb23562f2bee4,manual,603,591,474,433,77ea9de68f5f5bf0a49e6284f925b6fb98b20a52eea27339f41fae34b9df7a9e,False,True
魔法胖橘貓,ROUND_2,5,56,6,Gameplay Return,魔法胖橘貓/ROUND_2/31_Gameplay_Return/56.webp,dca3272c9714fc37f25f0f2193c3db7da1a03d405fe2baadc1bfb23562f2bee4,manual,1089,573,447,451,2e7ba14ca9ee64486506f22ca489a2b64988d5457790df02267cd5b9b77264a7,False,True
魔法胖橘貓,ROUND_2,6,61,1,Tentacle Warning Faint,魔法胖橘貓/ROUND_2/32_Tentacle_Warning_Faint/61.webp,3a1fd7d3cc18da324658d8557e35abe5d6cfd2813ad756738bfc7cdbfccecc1e,manual,0,195,506,327,2d7d281adaa7728b4eda61ff548bedad8653d2da5045fb92a201e351c76298d0,False,True
魔法胖橘貓,ROUND_2,6,62,2,Warning Active,魔法胖橘貓/ROUND_2/33_Warning_Active/62.webp,3a1fd7d3cc18da324658d8557e35abe5d6cfd2813ad756738bfc7cdbfccecc1e,manual,498,78,535,441,16b2837ad471d64b599768a989e78362a731a0c39fdffee0a89a41fc7cd65c82,False,True
魔法胖橘貓,ROUND_2,6,63,3,Warning Imminent,魔法胖橘貓/ROUND_2/34_Warning_Imminent/63.webp,3a1fd7d3cc18da324658d8557e35abe5d6cfd2813ad756738bfc7cdbfccecc1e,manual,1033,29,497,491,e176b8da5471492b10a5ec0f00c8004d322730f2c48c44b37e7e30e167b361f5,False,True
魔法胖橘貓,ROUND_2,6,64,4,Safe Zone Appearance,魔法胖橘貓/ROUND_2/35_Safe_Zone_Appearance/64.webp,3a1fd7d3cc18da324658d8557e35abe5d6cfd2813ad756738bfc7cdbfccecc1e,manual,0,537,519,487,0d6eb440efc14a9ede98cdce00b3a0a93f688467311906d54b9936f05aba7aea,False,True
魔法胖橘貓,ROUND_2,6,65,5,Safe Zone Active,魔法胖橘貓/ROUND_2/36_Safe_Zone_Active/65.webp,3a1fd7d3cc18da324658d8557e35abe5d6cfd2813ad756738bfc7cdbfccecc1e,manual,485,529,565,493,7adbf7b2c5c7769c63ec234c66af685c0c7bd45224827224592a0db9376874fa,False,True
魔法胖橘貓,ROUND_2,6,66,6,Safe Zone Dissipation,魔法胖橘貓/ROUND_2/37_Safe_Zone_Dissipation/66.webp,3a1fd7d3cc18da324658d8557e35abe5d6cfd2813ad756738bfc7cdbfccecc1e,manual,1024,566,512,458,bac11b2ed48fe0927cdc541ee60210d56ffc43d5335760a4b6650cc743153c59,False,True
魔法胖橘貓,ROUND_2,7,71,1,Emergence Tip,魔法胖橘貓/ROUND_2/38_Emergence_Tip/71.webp,5a81c3f5def37507db464dd68aa6a8be7cd54a0c0a09fb734fa1c79655f6c644,manual,3,118,531,450,64801aa1822f2aab68144692dac1db73a786fad27dfbf42b5e1d883b96961a79,False,True
魔法胖橘貓,ROUND_2,7,72,2,Rapid Rise,魔法胖橘貓/ROUND_2/39_Rapid_Rise/72.webp,5a81c3f5def37507db464dd68aa6a8be7cd54a0c0a09fb734fa1c79655f6c644,manual,535,75,433,495,a69f61fc3e5bbf267ac84a29379aaa8e840622e7b14413cfd48e9ceba224d606,False,True
魔法胖橘貓,ROUND_2,7,73,3,Full Eruption Active,魔法胖橘貓/ROUND_2/40_Full_Eruption_Active/73.webp,5a81c3f5def37507db464dd68aa6a8be7cd54a0c0a09fb734fa1c79655f6c644,manual,1017,9,509,566,13df8762f0b8e2c706a743e1595426d7ad5e6f478fca14063a69815727eceeae,False,True
魔法胖橘貓,ROUND_2,7,74,4,Whip／Peak Active,魔法胖橘貓/ROUND_2/41_Whip_Peak_Active/74.webp,5a81c3f5def37507db464dd68aa6a8be7cd54a0c0a09fb734fa1c79655f6c644,manual,0,556,595,468,90610be0cd19f2f111039f35f2b5ccf085a6e33a9b325bce04b38948b12453fa,False,True
魔法胖橘貓,ROUND_2,7,75,5,Retraction,魔法胖橘貓/ROUND_2/42_Retraction/75.webp,5a81c3f5def37507db464dd68aa6a8be7cd54a0c0a09fb734fa1c79655f6c644,manual,603,570,429,445,795324483b6e6fb530bd51156bb80a494c59faabb63988dbecaae6308b46f626,False,True
魔法胖橘貓,ROUND_2,7,76,6,Portal Residue,魔法胖橘貓/ROUND_2/43_Portal_Residue/76.webp,5a81c3f5def37507db464dd68aa6a8be7cd54a0c0a09fb734fa1c79655f6c644,manual,1010,590,526,434,8acd2ef669a7ab346e77e7a1653ff957361a887cff35f450f78af2ea2b14aea7,False,True
我的刀盾,ROUND_1,1,11,1,待機,我的刀盾/ROUND_1/01_待機/11.webp,f99b931297a3ea6055e6d75af5469aece5cae80af56492e002a444ac824c3402,detected_or_manifest,0,0,267,259,530e50bd1884d51213010e40b2c33e70181c9f4a4fa73b82da422573fb3b2825,False,False
我的刀盾,ROUND_1,1,17,7,蹲下,我的刀盾/ROUND_1/04_蹲下/17.webp,f99b931297a3ea6055e6d75af5469aece5cae80af56492e002a444ac824c3402,manual,0,532,284,236,5b4cb2b79bac1dac87437d01162af745ad85bc69d525ee9e64d273bc50ecbd9d,False,True
我的刀盾,ROUND_1,1,18,8,跳躍,我的刀盾/ROUND_1/05_跳躍/18.webp,f99b931297a3ea6055e6d75af5469aece5cae80af56492e002a444ac824c3402,detected_or_manifest,256,512,256,256,a7167c46749edca5164115e51fa10f7b35d2eacc51a29a362faabc2e99fb4eaa,False,False
我的刀盾,ROUND_1,1,19,9,落地,我的刀盾/ROUND_1/06_落地/19.webp,f99b931297a3ea6055e6d75af5469aece5cae80af56492e002a444ac824c3402,manual,532,527,236,224,03e21bf04acd53b787e34959713f35185bcbd0cf2fb40947e1fb52c2fabf6bda,False,True
我的刀盾,ROUND_1,3,31,1,輕攻「鈍刀試砍」,我的刀盾/ROUND_1/09_輕攻「鈍刀試砍」/31.webp,240b43e6e05571c6ebd0a1235dd1a9a82a47d37a13d829750299f3c4d42eefaf,manual,0,8,266,267,6715b179ac281273801161f1388bd94b8293568d5b7cfd7fed4c07e95173a08f,False,True
我的刀盾,ROUND_1,3,32,2,輕攻「鈍刀試砍」,我的刀盾/ROUND_1/09_輕攻「鈍刀試砍」/32.webp,240b43e6e05571c6ebd0a1235dd1a9a82a47d37a13d829750299f3c4d42eefaf,manual,269,19,229,234,89ed7b001d97b5dd9d6cc75ac27a33b5fe30e9d93ea29aec76f4cc5b5f941c60,False,True
我的刀盾,ROUND_1,3,33,3,輕攻「鈍刀試砍」,我的刀盾/ROUND_1/09_輕攻「鈍刀試砍」/33.webp,240b43e6e05571c6ebd0a1235dd1a9a82a47d37a13d829750299f3c4d42eefaf,manual,512,0,255,256,0b3bcf5daecb2bba7a0d6073d64d43fe49c7fc21b0b49375b91f8708b3dfbdb3,False,True
我的刀盾,ROUND_1,3,34,4,輕攻「鈍刀試砍」,我的刀盾/ROUND_1/09_輕攻「鈍刀試砍」/34.webp,240b43e6e05571c6ebd0a1235dd1a9a82a47d37a13d829750299f3c4d42eefaf,manual,0,268,300,224,bc9258e07aa017971db88ac123bfeadf5ecf99f4a01d22df29071da81c8e7b3d,False,True
我的刀盾,ROUND_1,3,35,5,輕攻「鈍刀試砍」,我的刀盾/ROUND_1/09_輕攻「鈍刀試砍」/35.webp,240b43e6e05571c6ebd0a1235dd1a9a82a47d37a13d829750299f3c4d42eefaf,manual,301,253,235,226,dc6198586b544794d9f1be7ba20d1342649eacb202b1fd2a8ca2e3c63abf0f62,False,True
我的刀盾,ROUND_1,3,36,6,輕攻「鈍刀試砍」,我的刀盾/ROUND_1/09_輕攻「鈍刀試砍」/36.webp,240b43e6e05571c6ebd0a1235dd1a9a82a47d37a13d829750299f3c4d42eefaf,manual,527,256,235,246,b07cec80ef5f31652a8bd76a34c032fbe4b2cb79aa430829503217d94f3723f9,False,True
我的刀盾,ROUND_1,4,42,2,重攻「盾開路」＝盾擊→大鈍刀斬,我的刀盾/ROUND_1/10_重攻「盾開路」＝盾擊to大鈍刀斬/42.webp,f335bdc684aa649d3079991a36b1ef25461ecfff028a7edf901548229d59326b,manual,261,27,259,230,c6df9e932c354710e38b2903067cddd8742f40ff936c8dafc435e6b361e1c2fb,False,True
我的刀盾,ROUND_1,4,43,3,重攻「盾開路」＝盾擊→大鈍刀斬,我的刀盾/ROUND_1/10_重攻「盾開路」＝盾擊to大鈍刀斬/43.webp,f335bdc684aa649d3079991a36b1ef25461ecfff028a7edf901548229d59326b,manual,528,19,240,261,f5ece6b3c40529e1c70f2f7dcde3a5472cc3c7c1b23ba31767cea5f4b050e060,False,True
我的刀盾,ROUND_1,4,44,4,重攻「盾開路」＝盾擊→大鈍刀斬,我的刀盾/ROUND_1/10_重攻「盾開路」＝盾擊to大鈍刀斬/44.webp,f335bdc684aa649d3079991a36b1ef25461ecfff028a7edf901548229d59326b,manual,0,277,243,239,b7ba03687839a108f035fb4d6c632b875e5965f51a95207e43cec12a49390a35,False,True
我的刀盾,ROUND_1,4,45,5,重攻「盾開路」＝盾擊→大鈍刀斬,我的刀盾/ROUND_1/10_重攻「盾開路」＝盾擊to大鈍刀斬/45.webp,f335bdc684aa649d3079991a36b1ef25461ecfff028a7edf901548229d59326b,manual,260,269,232,267,a73b6913d5694e5c96c9f9b0415b3fc3b1b0c1e927d39b868dff525c5d6774f6,False,True
我的刀盾,ROUND_1,4,46,6,重攻「盾開路」＝盾擊→大鈍刀斬,我的刀盾/ROUND_1/10_重攻「盾開路」＝盾擊to大鈍刀斬/46.webp,f335bdc684aa649d3079991a36b1ef25461ecfff028a7edf901548229d59326b,manual,502,265,266,244,44bb1f829b57429cabe0050e31e97e7e38b1d00aa41a60792d2643b7d8d9ee32,False,True
我的刀盾,ROUND_1,4,47,7,重攻「盾開路」＝盾擊→大鈍刀斬,我的刀盾/ROUND_1/10_重攻「盾開路」＝盾擊to大鈍刀斬/47.webp,f335bdc684aa649d3079991a36b1ef25461ecfff028a7edf901548229d59326b,manual,0,516,270,205,712658fbc5af0f218ec388d458f4ecb706c690703cc84db8843e76f720dc8bfa,False,True
我的刀盾,ROUND_1,4,48,8,重攻「盾開路」＝盾擊→大鈍刀斬,我的刀盾/ROUND_1/10_重攻「盾開路」＝盾擊to大鈍刀斬/48.webp,f335bdc684aa649d3079991a36b1ef25461ecfff028a7edf901548229d59326b,manual,270,513,272,216,87c5be0e7e43353e9d0ee733c2e9ebf19db269bde47656a60cd7f808c2f2e9d5,False,True
我的刀盾,ROUND_1,4,49,9,重攻「盾開路」＝盾擊→大鈍刀斬,我的刀盾/ROUND_1/10_重攻「盾開路」＝盾擊to大鈍刀斬/49.webp,f335bdc684aa649d3079991a36b1ef25461ecfff028a7edf901548229d59326b,manual,537,525,216,226,617c90dd921b0afb3420860240f5005b32bbc3d612eb7ae27b5858a57900ec36,False,True
我的刀盾,ROUND_1,5,51,1,下段「盾底掃腿」,我的刀盾/ROUND_1/11_下段「盾底掃腿」/51.webp,7d8fe9b22839d8e6ea278f24a51ab7c859a5cbeb0d1927e01dc172e5d5bad255,detected_or_manifest,0,0,256,256,7f4c5ae0ff1b477ac8fd553f603f54fcca50c9902848c00adda1e5249d606579,False,False
我的刀盾,ROUND_1,5,52,2,下段「盾底掃腿」,我的刀盾/ROUND_1/11_下段「盾底掃腿」/52.webp,7d8fe9b22839d8e6ea278f24a51ab7c859a5cbeb0d1927e01dc172e5d5bad255,detected_or_manifest,256,0,256,256,10df874eca110ba502370424b33379ca42d04c016cfb06b4b3612b80bf456056,False,False
我的刀盾,ROUND_1,5,53,3,下段「盾底掃腿」,我的刀盾/ROUND_1/11_下段「盾底掃腿」/53.webp,7d8fe9b22839d8e6ea278f24a51ab7c859a5cbeb0d1927e01dc172e5d5bad255,detected_or_manifest,512,0,256,256,745b3afe4b8ec8bde8299c4f4504b6cedea702160bf9d80f568bb84cc9167db2,False,False
我的刀盾,ROUND_1,5,54,4,下段「盾底掃腿」,我的刀盾/ROUND_1/11_下段「盾底掃腿」/54.webp,7d8fe9b22839d8e6ea278f24a51ab7c859a5cbeb0d1927e01dc172e5d5bad255,detected_or_manifest,0,256,256,256,b776f038cff84692728c1eb2eb6b75cbce7ee83e45e63f5e6ac3865700534f66,False,False
我的刀盾,ROUND_1,5,55,5,下段「盾底掃腿」,我的刀盾/ROUND_1/11_下段「盾底掃腿」/55.webp,7d8fe9b22839d8e6ea278f24a51ab7c859a5cbeb0d1927e01dc172e5d5bad255,detected_or_manifest,256,256,256,256,6a5cf39cfd969e2c6e49f1e5a93da29b36976d89a6fb1fd0eeeede20475d7cd8,False,False
我的刀盾,ROUND_1,5,56,6,下段「盾底掃腿」,我的刀盾/ROUND_1/11_下段「盾底掃腿」/56.webp,7d8fe9b22839d8e6ea278f24a51ab7c859a5cbeb0d1927e01dc172e5d5bad255,detected_or_manifest,530,219,238,280,4eb312438831af8f24fb4d78f19b5c2a64092962739aa1fe1484d6f3af8b693e,False,False
我的刀盾,ROUND_1,6,61,1,空中攻擊「盾牌墜擊」,我的刀盾/ROUND_1/12_空中攻擊「盾牌墜擊」/61.webp,44421a2e5bb60da04a3434eed3379e22bf20355e43ddc731398b4dbbf9a1145e,manual,14,0,242,228,e767dcae27b0b00b62453af423c0f0c61e7e3e09f68f17686549b9ab25c31d77,False,True
我的刀盾,ROUND_1,6,62,2,空中攻擊「盾牌墜擊」,我的刀盾/ROUND_1/12_空中攻擊「盾牌墜擊」/62.webp,44421a2e5bb60da04a3434eed3379e22bf20355e43ddc731398b4dbbf9a1145e,detected_or_manifest,263,0,268,241,d0de5e44e924467b257d60f9fea63856f7b97fad389e83c0e2cf2d409c296e98,False,False
我的刀盾,ROUND_1,6,63,3,空中攻擊「盾牌墜擊」,我的刀盾/ROUND_1/12_空中攻擊「盾牌墜擊」/63.webp,44421a2e5bb60da04a3434eed3379e22bf20355e43ddc731398b4dbbf9a1145e,detected_or_manifest,512,0,256,256,700df34cb81cfefb89ce5721b651934c8f538f00bd8151e67c42a98eb5a63268,False,False
我的刀盾,ROUND_1,6,64,4,空中攻擊「盾牌墜擊」,我的刀盾/ROUND_1/12_空中攻擊「盾牌墜擊」/64.webp,44421a2e5bb60da04a3434eed3379e22bf20355e43ddc731398b4dbbf9a1145e,detected_or_manifest,0,214,285,298,453ca2adee7bb32f9425edffb61322ff2c7efe0090528545680bec6934639305,False,False
我的刀盾,ROUND_1,6,65,5,空中攻擊「盾牌墜擊」,我的刀盾/ROUND_1/12_空中攻擊「盾牌墜擊」/65.webp,44421a2e5bb60da04a3434eed3379e22bf20355e43ddc731398b4dbbf9a1145e,detected_or_manifest,293,252,240,260,bf82bec075dd5b5c522f69caa4486adee1ec0557f41ef59f52f883b807dccb26,False,False
我的刀盾,ROUND_1,6,66,6,空中攻擊「盾牌墜擊」,我的刀盾/ROUND_1/12_空中攻擊「盾牌墜擊」/66.webp,44421a2e5bb60da04a3434eed3379e22bf20355e43ddc731398b4dbbf9a1145e,manual,535,251,213,242,7b62d0d3adacd9723ada7819aad67cb42d601eba3535985c7d13b648aa25eae6,False,True
我的刀盾,ROUND_1,7,71,1,站防「不動如盾」,我的刀盾/ROUND_1/13_站防「不動如盾」/71.webp,b7c7f62673350c6f8b7b4147fb28ec6012c5f871c5a3eebfe60a0ca6fbfb3ebb,manual,0,19,248,270,f44b26d29ca2b0c8b0f25811fc225c001eab34c69fae837c0cde1ffbaea22b71,False,True
我的刀盾,ROUND_1,7,72,2,蹲防,我的刀盾/ROUND_1/14_蹲防/72.webp,b7c7f62673350c6f8b7b4147fb28ec6012c5f871c5a3eebfe60a0ca6fbfb3ebb,manual,255,48,256,261,6a295b0da0cf17abb4254a7f48f63bc60aaab221ea6184e5eb01b038495b13bc,False,True
我的刀盾,ROUND_1,7,73,3,各類防禦硬直,我的刀盾/ROUND_1/15_各類防禦硬直/73.webp,b7c7f62673350c6f8b7b4147fb28ec6012c5f871c5a3eebfe60a0ca6fbfb3ebb,manual,498,19,266,251,3db5103b0c2146591055851d033cfb9191c7a029820e7c16e189536ceb192cc6,False,True
我的刀盾,ROUND_1,7,74,4,各類防禦硬直,我的刀盾/ROUND_1/15_各類防禦硬直/74.webp,b7c7f62673350c6f8b7b4147fb28ec6012c5f871c5a3eebfe60a0ca6fbfb3ebb,manual,0,268,246,218,97e833a446b38e76c125f14be26c178b33c1a19168c0e5c6493dfdde2eda0f5a,False,True
我的刀盾,ROUND_1,7,75,5,各類防禦硬直,我的刀盾/ROUND_1/15_各類防禦硬直/75.webp,b7c7f62673350c6f8b7b4147fb28ec6012c5f871c5a3eebfe60a0ca6fbfb3ebb,manual,265,285,243,202,c4e0fdc0a7e6d8c9a65152d3e52ec820b21297b66c6a2e16d7d59b705c97543e,False,True
我的刀盾,ROUND_1,7,76,6,各類防禦硬直,我的刀盾/ROUND_1/15_各類防禦硬直/76.webp,b7c7f62673350c6f8b7b4147fb28ec6012c5f871c5a3eebfe60a0ca6fbfb3ebb,manual,522,259,242,233,84f76c6d36d4b75889fe26c5b21d88d9a2235898a133cead4b67fd89c516ea02,False,True
我的刀盾,ROUND_1,7,77,7,各類受擊,我的刀盾/ROUND_1/16_各類受擊/77.webp,b7c7f62673350c6f8b7b4147fb28ec6012c5f871c5a3eebfe60a0ca6fbfb3ebb,manual,17,489,241,259,3bfe71ef86969964881ccfb081754d9fee539cb366ecb816f8050a49555aedef,False,True
我的刀盾,ROUND_1,7,78,8,各類受擊,我的刀盾/ROUND_1/16_各類受擊/78.webp,b7c7f62673350c6f8b7b4147fb28ec6012c5f871c5a3eebfe60a0ca6fbfb3ebb,manual,274,490,239,249,6a14bb4ed44b3c2e9dc31c99bdc46a715af3880810d44f4819fdec83c50e7154,False,True
我的刀盾,ROUND_1,7,79,9,各類受擊,我的刀盾/ROUND_1/16_各類受擊/79.webp,b7c7f62673350c6f8b7b4147fb28ec6012c5f871c5a3eebfe60a0ca6fbfb3ebb,manual,529,494,239,232,6e00d5143e5c68a4394b55f7c466c96fdc0fbfdbf1dcfd0018bd2adb3d8657f0,False,True
我的刀盾,ROUND_1,8,81,1,投技「盾牌請你出去」,我的刀盾/ROUND_1/17_投技「盾牌請你出去」/81.webp,6f924d3bf88936030cbc4f1b235c680f60f04c1ca711f2788cf2b5ca349385c0,manual,0,59,251,296,578ac410c8248c392bc39b7f5a5934a155c9e56ef1e1ab7313ffeb5ff0c490cf,False,True
我的刀盾,ROUND_1,8,82,2,投技「盾牌請你出去」,我的刀盾/ROUND_1/17_投技「盾牌請你出去」/82.webp,6f924d3bf88936030cbc4f1b235c680f60f04c1ca711f2788cf2b5ca349385c0,detected_or_manifest,256,0,256,384,74a46790711afbcee6b728c2e0fd0826e709f243a0e3732e8ad54f7174613b2e,False,False
我的刀盾,ROUND_1,8,83,3,投技「盾牌請你出去」,我的刀盾/ROUND_1/17_投技「盾牌請你出去」/83.webp,6f924d3bf88936030cbc4f1b235c680f60f04c1ca711f2788cf2b5ca349385c0,detected_or_manifest,512,0,256,384,f5ae5d1f5138de617f7341c2216e86d5ef04cfb33ce557a4e69f0afb1cd9c59d,False,False
我的刀盾,ROUND_1,8,84,4,投技「盾牌請你出去」,我的刀盾/ROUND_1/17_投技「盾牌請你出去」/84.webp,6f924d3bf88936030cbc4f1b235c680f60f04c1ca711f2788cf2b5ca349385c0,manual,0,394,271,238,8a301c1b77692b574a1888ef210a73fbf47523c66277a62e162316f4e6e9ec6a,False,True
我的刀盾,ROUND_1,8,85,5,投技「盾牌請你出去」,我的刀盾/ROUND_1/17_投技「盾牌請你出去」/85.webp,6f924d3bf88936030cbc4f1b235c680f60f04c1ca711f2788cf2b5ca349385c0,manual,255,372,301,280,8eda04977ca413a81691b79920eab7f525ca83ba19c513a99660394c1393bb7a,False,True
我的刀盾,ROUND_1,8,86,6,投技「盾牌請你出去」,我的刀盾/ROUND_1/17_投技「盾牌請你出去」/86.webp,6f924d3bf88936030cbc4f1b235c680f60f04c1ca711f2788cf2b5ca349385c0,manual,560,405,208,216,1276207a5fab1426732910a53c12890105692fffb1405b6726a9a014946c7671,False,True
我的刀盾,ROUND_2,1,11,1,被摔／翻滾／倒地／起身／KO,我的刀盾/ROUND_2/01_被摔_翻滾_倒地_起身_KO/11.webp,807854f62808bd87db1d3e97f924e22b1f7ba5fc3582bfb32af56996ff2fdd5c,manual,28,10,231,283,fc1c946d3b7306d54b3c711e0efe13869fa05819f67c512df49871f7d6371fdd,False,True
我的刀盾,ROUND_2,1,12,2,被摔／翻滾／倒地／起身／KO,我的刀盾/ROUND_2/01_被摔_翻滾_倒地_起身_KO/12.webp,807854f62808bd87db1d3e97f924e22b1f7ba5fc3582bfb32af56996ff2fdd5c,manual,261,27,247,236,e87a3ce91f9bea20e5b72fbedce8466493c18c490e51e84466cb3577b87b0ab6,False,True
我的刀盾,ROUND_2,1,13,3,被摔／翻滾／倒地／起身／KO,我的刀盾/ROUND_2/01_被摔_翻滾_倒地_起身_KO/13.webp,807854f62808bd87db1d3e97f924e22b1f7ba5fc3582bfb32af56996ff2fdd5c,manual,501,77,267,226,251e266218f570535828e2382e4dd7ef8f17cd9fba016984b84e92339c121d40,False,True
我的刀盾,ROUND_2,1,14,4,被摔／翻滾／倒地／起身／KO,我的刀盾/ROUND_2/01_被摔_翻滾_倒地_起身_KO/14.webp,807854f62808bd87db1d3e97f924e22b1f7ba5fc3582bfb32af56996ff2fdd5c,manual,0,304,268,208,d0d653a16d9dd44f1e40e2ee5d1b17f9234b43eec7a8732ca5afa62a1202cefb,False,True
我的刀盾,ROUND_2,1,15,5,被摔／翻滾／倒地／起身／KO,我的刀盾/ROUND_2/01_被摔_翻滾_倒地_起身_KO/15.webp,807854f62808bd87db1d3e97f924e22b1f7ba5fc3582bfb32af56996ff2fdd5c,manual,277,277,214,208,b4d54c1a6db6fef1ab597922813733a937123904b2ae9505c204696d8ba64a32,False,True
我的刀盾,ROUND_2,1,16,6,被摔／翻滾／倒地／起身／KO,我的刀盾/ROUND_2/01_被摔_翻滾_倒地_起身_KO/16.webp,807854f62808bd87db1d3e97f924e22b1f7ba5fc3582bfb32af56996ff2fdd5c,manual,495,317,273,195,e28d0ff239a740a4c6b312ee7488cf457ec434bea4e4f06ef8d1ca60017ca520,False,True
我的刀盾,ROUND_2,2,21,1,「鈍刀蓄斬」蓄力,我的刀盾/ROUND_2/02_「鈍刀蓄斬」蓄力/21.webp,501b6b2d385ff1a78de81d720c4f2ac325a1e920785fb2ea8ed3588f4116841e,detected_or_manifest,0,0,256,256,80a97c51c42ed028326fe790b911c33d3bcb4614471bbcdb20d5572aa8c511ca,False,False
我的刀盾,ROUND_2,2,22,2,「鈍刀蓄斬」蓄力,我的刀盾/ROUND_2/02_「鈍刀蓄斬」蓄力/22.webp,501b6b2d385ff1a78de81d720c4f2ac325a1e920785fb2ea8ed3588f4116841e,manual,242,0,269,293,ba3a1afeb57eaa878feaec17aa6645d7cf27e356067ac3efad26b7f92b698838,False,True
我的刀盾,ROUND_2,2,23,3,「鈍刀蓄斬」蓄力,我的刀盾/ROUND_2/02_「鈍刀蓄斬」蓄力/23.webp,501b6b2d385ff1a78de81d720c4f2ac325a1e920785fb2ea8ed3588f4116841e,manual,520,0,248,260,65b83b20f6d2a8fba2d85d61aec43f1c548ddaf4659cebd93feb98f0c33d17d2,False,True
我的刀盾,ROUND_2,2,24,4,Lv1「鈍斬」,我的刀盾/ROUND_2/03_Lv1「鈍斬」/24.webp,501b6b2d385ff1a78de81d720c4f2ac325a1e920785fb2ea8ed3588f4116841e,manual,0,276,277,256,383f9d3bbcf574d403cb6be245f96d9cd684ebfaab52dd9f6bbe8179890b6a7f,False,True
我的刀盾,ROUND_2,2,25,5,Lv1「鈍斬」,我的刀盾/ROUND_2/03_Lv1「鈍斬」/25.webp,501b6b2d385ff1a78de81d720c4f2ac325a1e920785fb2ea8ed3588f4116841e,manual,269,321,211,167,f654542ced3a229ee440af006d39e25110bda6e739fded031ef8b5272b703d75,False,True
我的刀盾,ROUND_2,2,26,6,Lv2「重鈍斬」,我的刀盾/ROUND_2/04_Lv2「重鈍斬」/26.webp,501b6b2d385ff1a78de81d720c4f2ac325a1e920785fb2ea8ed3588f4116841e,manual,509,271,259,232,4764183c206200744a68a81177871c09699968777208c52b5b93daee34ca6641,False,True
我的刀盾,ROUND_2,2,27,7,Lv2「重鈍斬」,我的刀盾/ROUND_2/04_Lv2「重鈍斬」/27.webp,501b6b2d385ff1a78de81d720c4f2ac325a1e920785fb2ea8ed3588f4116841e,manual,250,503,280,258,7de716357d7b09a01e87def21fa3d90ada1f81442d99dc60e613de1532ca4538,False,True
我的刀盾,ROUND_2,2,28,8,Lv3「超級鈍刀蓄斬」,我的刀盾/ROUND_2/05_Lv3「超級鈍刀蓄斬」/28.webp,501b6b2d385ff1a78de81d720c4f2ac325a1e920785fb2ea8ed3588f4116841e,manual,0,551,252,217,3a31b049832f8afbdeb8ccc2272a7d1d73d90cdbe2b22038811de59f1e945d3e,False,True
我的刀盾,ROUND_2,2,29,9,Lv3「超級鈍刀蓄斬」,我的刀盾/ROUND_2/05_Lv3「超級鈍刀蓄斬」/29.webp,501b6b2d385ff1a78de81d720c4f2ac325a1e920785fb2ea8ed3588f4116841e,manual,523,511,239,257,083f43b8a5700cffebc841cbc43387c2ad2d21a6753419c9fe58b3cd685cf864,False,True
我的刀盾,ROUND_2,3,31,1,Lv1～Lv3 鈍刀斬 VFX,我的刀盾/ROUND_2/06_Lv1～Lv3_鈍刀斬_VFX/31.webp,bd5fea8fc79cde33b38de44e21e64763d04906c1915682c2c34894f7196bc1a7,manual,1,14,236,230,b22ca0b5e2cd97e3a7e8da4fea27fd035a83d5d5849a312ad18647693502a3ab,False,True
我的刀盾,ROUND_2,3,33,3,Lv1～Lv3 鈍刀斬 VFX,我的刀盾/ROUND_2/06_Lv1～Lv3_鈍刀斬_VFX/33.webp,bd5fea8fc79cde33b38de44e21e64763d04906c1915682c2c34894f7196bc1a7,manual,519,10,239,256,c15010eb76d0af59cffbb3afb912a28697fcddbf1cbab54b443f187aa8006645,False,True
我的刀盾,ROUND_2,3,34,4,Lv1～Lv3 鈍刀斬 VFX,我的刀盾/ROUND_2/06_Lv1～Lv3_鈍刀斬_VFX/34.webp,bd5fea8fc79cde33b38de44e21e64763d04906c1915682c2c34894f7196bc1a7,manual,0,261,282,231,71f3241d70580a6d5362672cc679c5d5145f27ff2b3c706e7ef1aac69e566ee8,False,True
我的刀盾,ROUND_2,3,35,5,Lv1～Lv3 鈍刀斬 VFX,我的刀盾/ROUND_2/06_Lv1～Lv3_鈍刀斬_VFX/35.webp,bd5fea8fc79cde33b38de44e21e64763d04906c1915682c2c34894f7196bc1a7,manual,266,279,238,215,f0830cf772d1330f6ed665d2977649fb40b6eb2375c683ddd9c9ddde9b183cfb,False,True
我的刀盾,ROUND_2,3,36,6,Lv1～Lv3 鈍刀斬 VFX,我的刀盾/ROUND_2/06_Lv1～Lv3_鈍刀斬_VFX/36.webp,bd5fea8fc79cde33b38de44e21e64763d04906c1915682c2c34894f7196bc1a7,manual,515,259,242,250,064803b4fe930e056bdefe645fe8627c7698b68fbd86c87e043e3e19de48677c,False,True
我的刀盾,ROUND_2,3,37,7,Lv1～Lv3 鈍刀斬 VFX,我的刀盾/ROUND_2/06_Lv1～Lv3_鈍刀斬_VFX/37.webp,bd5fea8fc79cde33b38de44e21e64763d04906c1915682c2c34894f7196bc1a7,manual,0,495,249,273,984aff3d01925331c80f96af316cdfc4e7d55d94ec00c18fe557d90d070c891e,False,True
我的刀盾,ROUND_2,3,38,8,Lv1～Lv3 鈍刀斬 VFX,我的刀盾/ROUND_2/06_Lv1～Lv3_鈍刀斬_VFX/38.webp,bd5fea8fc79cde33b38de44e21e64763d04906c1915682c2c34894f7196bc1a7,manual,240,473,283,281,13ccf7c5c0eb5bf395fb529fe3403e74894541d3d400ec2f3d023f5d2e7bb931,False,True
我的刀盾,ROUND_2,3,39,9,Lv1～Lv3 鈍刀斬 VFX,我的刀盾/ROUND_2/06_Lv1～Lv3_鈍刀斬_VFX/39.webp,bd5fea8fc79cde33b38de44e21e64763d04906c1915682c2c34894f7196bc1a7,manual,532,513,236,214,77a832bec3701c7f7273dbc0e80a292dcc60433acf8aed616d7eebc40c8c90b7,False,True
我的刀盾,ROUND_2,4,41,1,Ultimate「汪爆氣流斬」,我的刀盾/ROUND_2/07_Ultimate「汪爆氣流斬」/41.webp,459b6dcd640717309baccdc0f65e9a0b3afc1fd87ab2b36705417dd4c61921f4,detected_or_manifest,0,15,243,252,37180fea6c0f05a33214a711af965a2960af66a2722fe9e0cd73152949e4f3de,False,False
我的刀盾,ROUND_2,4,42,2,Ultimate「汪爆氣流斬」,我的刀盾/ROUND_2/07_Ultimate「汪爆氣流斬」/42.webp,459b6dcd640717309baccdc0f65e9a0b3afc1fd87ab2b36705417dd4c61921f4,manual,249,19,268,228,ae7f6166dc6cc71b19486a428280ac730cd5291af7ad299225cc83845d944aee,False,True
我的刀盾,ROUND_2,4,43,3,Ultimate「汪爆氣流斬」,我的刀盾/ROUND_2/07_Ultimate「汪爆氣流斬」/43.webp,459b6dcd640717309baccdc0f65e9a0b3afc1fd87ab2b36705417dd4c61921f4,manual,509,12,259,245,83c71342a02f3c1a9beea8d96d2310615f423f7812fd66ec6c49f63dc27c8779,False,True
我的刀盾,ROUND_2,4,44,4,Ultimate「汪爆氣流斬」,我的刀盾/ROUND_2/07_Ultimate「汪爆氣流斬」/44.webp,459b6dcd640717309baccdc0f65e9a0b3afc1fd87ab2b36705417dd4c61921f4,manual,0,273,248,229,cf4ecb4e567e295b6daf872e266f0124015fd9d9a83b2c7a6528bf429ad46eeb,False,True
我的刀盾,ROUND_2,4,45,5,Ultimate「汪爆氣流斬」,我的刀盾/ROUND_2/07_Ultimate「汪爆氣流斬」/45.webp,459b6dcd640717309baccdc0f65e9a0b3afc1fd87ab2b36705417dd4c61921f4,manual,264,250,250,253,23f3b32d03ac569922cc4d83fe42523232de6f488954d07296acc7523b22b1af,False,True
我的刀盾,ROUND_2,4,46,6,Ultimate「汪爆氣流斬」,我的刀盾/ROUND_2/07_Ultimate「汪爆氣流斬」/46.webp,459b6dcd640717309baccdc0f65e9a0b3afc1fd87ab2b36705417dd4c61921f4,manual,516,260,240,280,6d1488592847067d523f876f4762106709aef4aee85e394a00bbe5afc896db34,False,True
我的刀盾,ROUND_2,4,47,7,Ultimate「汪爆氣流斬」,我的刀盾/ROUND_2/07_Ultimate「汪爆氣流斬」/47.webp,459b6dcd640717309baccdc0f65e9a0b3afc1fd87ab2b36705417dd4c61921f4,manual,0,517,269,241,1f06d0557283cf88c117de16e8fef074c32c1f4a134fd254d8786003af83b9a2,False,True
我的刀盾,ROUND_2,4,48,8,Ultimate「汪爆氣流斬」,我的刀盾/ROUND_2/07_Ultimate「汪爆氣流斬」/48.webp,459b6dcd640717309baccdc0f65e9a0b3afc1fd87ab2b36705417dd4c61921f4,manual,272,486,237,279,ebdbbbc0632965db8c1a6b36dfc796a1a3b3045cf1dc2fcfac7053af35289078,False,True
我的刀盾,ROUND_2,4,49,9,Ultimate「汪爆氣流斬」,我的刀盾/ROUND_2/07_Ultimate「汪爆氣流斬」/49.webp,459b6dcd640717309baccdc0f65e9a0b3afc1fd87ab2b36705417dd4c61921f4,manual,505,539,258,229,8773064f9f82212213d03d32d3f9c929851d75ce9a361951b1f139121911836b,False,True
我的刀盾,ROUND_2,5,51,1,雙刀待機,我的刀盾/ROUND_2/08_雙刀待機/51.webp,4416a05b14c45e28c0efe6d6fb57748785e27a63e3250a1059de683b54c53a1a,detected_or_manifest,0,0,256,256,bbb2c33309ad6c841022495fda1c4f52ab68decbfb4330a791c1042b29d2d876,False,False
我的刀盾,ROUND_2,5,52,2,雙刀待機,我的刀盾/ROUND_2/08_雙刀待機/52.webp,4416a05b14c45e28c0efe6d6fb57748785e27a63e3250a1059de683b54c53a1a,detected_or_manifest,268,0,263,250,565c5093c9197a6e9ad17d2deea1776e125d6a12e39f12903783b2e0809a62e2,False,False
我的刀盾,ROUND_2,5,53,3,雙刀前走,我的刀盾/ROUND_2/09_雙刀前走/53.webp,4416a05b14c45e28c0efe6d6fb57748785e27a63e3250a1059de683b54c53a1a,detected_or_manifest,541,0,227,247,3e5b93a12c3dbafe11cdc6f637d23859e1705ef0fa3ad14573649937d5dcd840,False,False
我的刀盾,ROUND_2,5,54,4,雙刀前走,我的刀盾/ROUND_2/09_雙刀前走/54.webp,4416a05b14c45e28c0efe6d6fb57748785e27a63e3250a1059de683b54c53a1a,manual,0,244,291,293,e210fb4332a0d49dbd450c426ddf7aed40bcb63f6af37781df9c891f63b3986e,False,True
我的刀盾,ROUND_2,5,55,5,雙刀後走,我的刀盾/ROUND_2/10_雙刀後走/55.webp,4416a05b14c45e28c0efe6d6fb57748785e27a63e3250a1059de683b54c53a1a,manual,302,247,211,232,7c7942bfb5772e60878234fd2a8c5ab09256b51ef0ca0e4482c0f1e52804d3f0,False,True
我的刀盾,ROUND_2,5,57,7,雙刀蹲下,我的刀盾/ROUND_2/11_雙刀蹲下/57.webp,4416a05b14c45e28c0efe6d6fb57748785e27a63e3250a1059de683b54c53a1a,manual,0,551,271,217,01409e30fab964a34d33797a9698f544cb19c176e1380904eca5ab57866e3527,False,True
我的刀盾,ROUND_2,5,58,8,雙刀跳躍,我的刀盾/ROUND_2/12_雙刀跳躍/58.webp,4416a05b14c45e28c0efe6d6fb57748785e27a63e3250a1059de683b54c53a1a,manual,254,478,266,290,6966ce4c5967b5a326f104ed714ecf742dde364081b3c521d073da2230716f7e,False,True
我的刀盾,ROUND_2,6,61,1,雙刀前衝,我的刀盾/ROUND_2/14_雙刀前衝/61.webp,2335f8ed2d52250c80af4e1b2ba499b1196fb58e343fe7901eb120290f97778a,manual,9,46,254,163,cc77a3644276236bcc612fc81313ca39890d81da4476f065717f73139511f045,False,True
我的刀盾,ROUND_2,6,62,2,雙刀前衝,我的刀盾/ROUND_2/14_雙刀前衝/62.webp,2335f8ed2d52250c80af4e1b2ba499b1196fb58e343fe7901eb120290f97778a,manual,261,0,274,205,b1753004e73114dda763fdfd687c95c2b7e210c86d05a6075f02933ed60978c7,False,True
我的刀盾,ROUND_2,6,63,3,雙刀前衝,我的刀盾/ROUND_2/14_雙刀前衝/63.webp,2335f8ed2d52250c80af4e1b2ba499b1196fb58e343fe7901eb120290f97778a,detected_or_manifest,544,2,224,247,e736f0e7909ca3be238d3b25420eaa4dd8686b372a5d08446547ac95c9155263,False,False
我的刀盾,ROUND_2,6,64,4,雙刀後撤,我的刀盾/ROUND_2/15_雙刀後撤/64.webp,2335f8ed2d52250c80af4e1b2ba499b1196fb58e343fe7901eb120290f97778a,detected_or_manifest,0,209,233,283,e4a4770aff42921f1e5228cd31ba9c60d21f2a8de2265832c0444e58de0208c7,False,False
我的刀盾,ROUND_2,6,65,5,雙刀後撤,我的刀盾/ROUND_2/15_雙刀後撤/65.webp,2335f8ed2d52250c80af4e1b2ba499b1196fb58e343fe7901eb120290f97778a,detected_or_manifest,256,256,256,256,46deeb5e61aa60ae4739e2e93bdf888d10977f166b37b6f521d058994619936c,False,False
我的刀盾,ROUND_2,6,66,6,雙刀後撤,我的刀盾/ROUND_2/15_雙刀後撤/66.webp,2335f8ed2d52250c80af4e1b2ba499b1196fb58e343fe7901eb120290f97778a,manual,528,234,240,270,1675aedf78e138c0db0ab87f762f64b7aff00f24afde190a77255d73a56befe0,False,True
我的刀盾,ROUND_2,7,73,3,雙刀輕攻,我的刀盾/ROUND_2/16_雙刀輕攻/73.webp,ef9972865b5e682232658ecf4aa6e6645ca0f54e772e58a9bfc2ccacc8aff7a1,detected_or_manifest,504,8,264,241,0f3e360fb139248eba9c514b5f5c1898625b291715882c8a212728eb3b9d4f7a,False,False
我的刀盾,ROUND_2,7,74,4,雙刀輕攻,我的刀盾/ROUND_2/16_雙刀輕攻/74.webp,ef9972865b5e682232658ecf4aa6e6645ca0f54e772e58a9bfc2ccacc8aff7a1,detected_or_manifest,2,254,266,258,1318b8617c05687ac4fd0c8803121f50e6b771b1652eeb3974c2a2695a374b65,False,False
我的刀盾,ROUND_2,7,75,5,雙刀輕攻,我的刀盾/ROUND_2/16_雙刀輕攻/75.webp,ef9972865b5e682232658ecf4aa6e6645ca0f54e772e58a9bfc2ccacc8aff7a1,detected_or_manifest,272,255,237,257,1672a3cdc8e165b350d9f29eeb3f24cfd4ae21f454ea3d9bb25706b6db11b680,False,False
我的刀盾,ROUND_2,7,76,6,雙刀輕攻,我的刀盾/ROUND_2/16_雙刀輕攻/76.webp,ef9972865b5e682232658ecf4aa6e6645ca0f54e772e58a9bfc2ccacc8aff7a1,manual,517,249,220,245,89fc43102d7dc45efc81faf616000114b7210fbeba87d6aea47d97fd88591be5,False,True
我的刀盾,ROUND_2,8,82,2,雙刀重攻,我的刀盾/ROUND_2/17_雙刀重攻/82.webp,a585beb50ce995fdb604588f5b86364e87f055472311d3c075d8b3dec4324b5d,detected_or_manifest,245,0,245,249,d6d3675dbb2cdeabd4091284b22507476d07b28c82e812d894e5714d897d3ec6,False,False
我的刀盾,ROUND_2,8,83,3,雙刀重攻,我的刀盾/ROUND_2/17_雙刀重攻/83.webp,a585beb50ce995fdb604588f5b86364e87f055472311d3c075d8b3dec4324b5d,detected_or_manifest,495,0,273,257,8a01235740d3ba5c82d006a80c18dcaa54f10482e46c1f7697a630e8c103745c,False,False
我的刀盾,ROUND_2,8,84,4,雙刀重攻,我的刀盾/ROUND_2/17_雙刀重攻/84.webp,a585beb50ce995fdb604588f5b86364e87f055472311d3c075d8b3dec4324b5d,detected_or_manifest,0,239,267,273,4059f4e748629330717973b27070b1fc46ea4976156e1c8075a3f34be4fcc4bd,False,False
我的刀盾,ROUND_2,9,91,1,雙刀下段「雙刃剪腳」,我的刀盾/ROUND_2/18_雙刀下段「雙刃剪腳」/91.webp,d17ba56fda3cdcbb982976cbf76abf474062269180acd357cfbbea4363f6d342,manual,17,0,501,521,cd4c6d80c7e02c193c4d1c6d14ec011cee106b5d4ab9536f67a221cdb0dc1fa4,False,True
我的刀盾,ROUND_2,9,92,2,雙刀下段「雙刃剪腳」,我的刀盾/ROUND_2/18_雙刀下段「雙刃剪腳」/92.webp,d17ba56fda3cdcbb982976cbf76abf474062269180acd357cfbbea4363f6d342,manual,517,101,551,441,9654be27b31c958d8b614967f0d646dab1e967c222a4f81496bd5eb4fb6e22af,False,True
我的刀盾,ROUND_2,9,93,3,雙刀下段「雙刃剪腳」,我的刀盾/ROUND_2/18_雙刀下段「雙刃剪腳」/93.webp,d17ba56fda3cdcbb982976cbf76abf474062269180acd357cfbbea4363f6d342,detected_or_manifest,1046,178,488,369,7ecf95b857fcbeab84e4f2147d44c311f4e18bb0ead4d60081c539495db06672,False,False
我的刀盾,ROUND_2,9,94,4,雙刀下段「雙刃剪腳」,我的刀盾/ROUND_2/18_雙刀下段「雙刃剪腳」/94.webp,d17ba56fda3cdcbb982976cbf76abf474062269180acd357cfbbea4363f6d342,manual,17,599,513,393,cbb1347e70ddcf8e2c1b9fa832edcc6a3e701329b4ccc3f8525b1ec5edb9072a,False,True
我的刀盾,ROUND_2,9,95,5,雙刀下段「雙刃剪腳」,我的刀盾/ROUND_2/18_雙刀下段「雙刃剪腳」/95.webp,d17ba56fda3cdcbb982976cbf76abf474062269180acd357cfbbea4363f6d342,manual,533,557,561,428,a10dea10167fc92ca5c4cd689de0fa53159e13150292fbe6be5ce42a9d17b91b,False,True
我的刀盾,ROUND_2,9,96,6,雙刀下段「雙刃剪腳」,我的刀盾/ROUND_2/18_雙刀下段「雙刃剪腳」/96.webp,d17ba56fda3cdcbb982976cbf76abf474062269180acd357cfbbea4363f6d342,manual,1103,600,433,424,78eec469c22277ea6ae2902421a48f6f9c73125b383400a2c77332d1c955fe97,False,True
我的刀盾,ROUND_2,10,101,1,雙刀空中攻擊「交叉落月斬」,我的刀盾/ROUND_2/19_雙刀空中攻擊「交叉落月斬」/101.webp,8fa72d4b449ad4cd1019714d2dd03afe349cddf01487f8ec69c3712fa10cdf4e,manual,47,10,447,470,a4047ef6d4eaaea0ad66ec7adba29126af987c611fc45531f987dc3ba43ee51e,False,True
我的刀盾,ROUND_2,10,102,2,雙刀空中攻擊「交叉落月斬」,我的刀盾/ROUND_2/19_雙刀空中攻擊「交叉落月斬」/102.webp,8fa72d4b449ad4cd1019714d2dd03afe349cddf01487f8ec69c3712fa10cdf4e,detected_or_manifest,512,0,512,512,b7a44ae92690f89706ad31bf2599547cdd91785d2f419b7f3eb2c159980d041a,False,False
我的刀盾,ROUND_2,10,103,3,雙刀空中攻擊「交叉落月斬」,我的刀盾/ROUND_2/19_雙刀空中攻擊「交叉落月斬」/103.webp,8fa72d4b449ad4cd1019714d2dd03afe349cddf01487f8ec69c3712fa10cdf4e,manual,1082,16,440,481,5394f251213e690ac3c8269c78b1953fac7d9b2e2ec64002add990d57107e399,False,True
我的刀盾,ROUND_2,10,104,4,雙刀空中攻擊「交叉落月斬」,我的刀盾/ROUND_2/19_雙刀空中攻擊「交叉落月斬」/104.webp,8fa72d4b449ad4cd1019714d2dd03afe349cddf01487f8ec69c3712fa10cdf4e,detected_or_manifest,0,488,552,487,743aaf0025a7aabdd54a32ff6f54ec7b706f54f447d4768bc07736a9e67ec63e,False,False
我的刀盾,ROUND_2,10,105,5,雙刀空中攻擊「交叉落月斬」,我的刀盾/ROUND_2/19_雙刀空中攻擊「交叉落月斬」/105.webp,8fa72d4b449ad4cd1019714d2dd03afe349cddf01487f8ec69c3712fa10cdf4e,manual,559,509,519,495,42b1603cfcd808e3fe2066bed22fe51113913d6fafc7c11bbd937217ddfdc7b4,False,True
我的刀盾,ROUND_2,10,106,6,雙刀空中攻擊「交叉落月斬」,我的刀盾/ROUND_2/19_雙刀空中攻擊「交叉落月斬」/106.webp,8fa72d4b449ad4cd1019714d2dd03afe349cddf01487f8ec69c3712fa10cdf4e,manual,1076,492,460,468,e7b0cfb1083e67cf95feece64470c0ec1815476e96a38ea98a7bf63b38ccbe5c,False,True
粉藍星星,ROUND_1,1,11,1,待機,粉藍星星/ROUND_1/01_待機/11.webp,2ffba637305ae8e80b1ca0c62846204b69a8deca7d5ee39ba06e20c80b8e00b8,manual,0,14,260,229,1d7a9b97f5752f22de4a68ea70ff03a3e2e933630cdb25816de2767c106c8b86,False,True
粉藍星星,ROUND_1,1,12,2,待機,粉藍星星/ROUND_1/01_待機/12.webp,2ffba637305ae8e80b1ca0c62846204b69a8deca7d5ee39ba06e20c80b8e00b8,detected_or_manifest,264,0,258,245,30d1d6d360e54aaf8c15841ede3fdafd6acdb1f6eba1a906b9596fd85641cefe,False,False
粉藍星星,ROUND_1,1,13,3,待機,粉藍星星/ROUND_1/01_待機/13.webp,2ffba637305ae8e80b1ca0c62846204b69a8deca7d5ee39ba06e20c80b8e00b8,detected_or_manifest,531,0,237,251,d952d9222aa5d22df7e774b4f8d64338b4f79c143fc94c43da6901457730e314,False,False
粉藍星星,ROUND_1,1,16,6,前走,粉藍星星/ROUND_1/02_前走/16.webp,2ffba637305ae8e80b1ca0c62846204b69a8deca7d5ee39ba06e20c80b8e00b8,detected_or_manifest,533,260,235,242,52b2751b1deb313f1fb95edb8a31dcbfd445cdd68ab756690e911263560d529b,False,False
粉藍星星,ROUND_1,1,18,8,後走,粉藍星星/ROUND_1/03_後走/18.webp,2ffba637305ae8e80b1ca0c62846204b69a8deca7d5ee39ba06e20c80b8e00b8,detected_or_manifest,256,512,256,256,57cf5bd52104995a800e0e91b4f16314ea5e3575485f36aa693af784471ba6c7,False,False
粉藍星星,ROUND_1,1,19,9,後走,粉藍星星/ROUND_1/03_後走/19.webp,2ffba637305ae8e80b1ca0c62846204b69a8deca7d5ee39ba06e20c80b8e00b8,manual,532,512,236,256,cdd69adb27f64ae4763649e0df9a6737d70effb8f6dbcec94f67a516460ea063,False,True
粉藍星星,ROUND_1,2,24,4,跳躍,粉藍星星/ROUND_1/05_跳躍/24.webp,cdeb672b3d3a6208e4709fe3f6311569c8006766f61c0e36630f1c9fdc4909c6,manual,12,274,254,236,f6fab7eaeadecc0c770976da664cf3473cb0468164a9b59eaa476ed829151acc,False,True
粉藍星星,ROUND_1,2,27,7,前衝,粉藍星星/ROUND_1/07_前衝/27.webp,cdeb672b3d3a6208e4709fe3f6311569c8006766f61c0e36630f1c9fdc4909c6,manual,0,511,302,257,a42117bd9c81a23b953d5cb18c3f113ac052c16e3017f703d20fe4893349414b,False,True
粉藍星星,ROUND_1,3,34,4,蹲防,粉藍星星/ROUND_1/11_蹲防/34.webp,8c3be3759262c025aff8dbd86b9c48928ab10982d07852aacb1f036672fa9b7c,detected_or_manifest,2,285,283,222,fc272c41ee899a01be9af31be230f9f5d03f0e3f96ccd829bc2d7dff2bfb3981,False,False
粉藍星星,ROUND_1,3,35,5,蹲防硬直,粉藍星星/ROUND_1/12_蹲防硬直/35.webp,8c3be3759262c025aff8dbd86b9c48928ab10982d07852aacb1f036672fa9b7c,detected_or_manifest,268,279,245,214,2631c881a2c1dfef6f71511db7cf8e8577d187de7e1d69f8a1c36a8af995b81f,False,False
粉藍星星,ROUND_1,3,36,6,蹲防硬直,粉藍星星/ROUND_1/12_蹲防硬直/36.webp,8c3be3759262c025aff8dbd86b9c48928ab10982d07852aacb1f036672fa9b7c,detected_or_manifest,522,304,246,213,5b81dad855021df179918a77fcb4962b3eac72a44edec4b7bc9429d9d918908d,False,False
粉藍星星,ROUND_1,3,37,7,輕／中／重受擊,粉藍星星/ROUND_1/13_輕_中_重受擊/37.webp,8c3be3759262c025aff8dbd86b9c48928ab10982d07852aacb1f036672fa9b7c,detected_or_manifest,4,489,261,279,6d311195452b14fbfb540153a6b46628da09d57ee08b578a3e472db312171a82,False,False
粉藍星星,ROUND_1,3,38,8,輕／中／重受擊,粉藍星星/ROUND_1/13_輕_中_重受擊/38.webp,8c3be3759262c025aff8dbd86b9c48928ab10982d07852aacb1f036672fa9b7c,detected_or_manifest,272,505,253,263,96df5e62aa6f32983c46c819463528aa2d8724b811df1c60be940705b413ea42,False,False
粉藍星星,ROUND_1,3,39,9,輕／中／重受擊,粉藍星星/ROUND_1/13_輕_中_重受擊/39.webp,8c3be3759262c025aff8dbd86b9c48928ab10982d07852aacb1f036672fa9b7c,detected_or_manifest,533,498,235,270,f48041c7108f9fcdf5a672d45c9530b6e3a0a68225c4dd88e5b3ac2a4f643ab1,False,False
粉藍星星,ROUND_1,4,41,1,輕攻「甜心拍拍」,粉藍星星/ROUND_1/14_輕攻「甜心拍拍」/41.webp,58e13a7425316b9fdce6ca5e9f3faabadc81e45cee97243e15b2a9d811b1cf5a,detected_or_manifest,1,0,256,244,d6b47aeab96a163b9f0c06f3d70a0bc9e90dbfe9f91f57478fe3c46d7e653c62,False,False
粉藍星星,ROUND_1,4,42,2,輕攻「甜心拍拍」,粉藍星星/ROUND_1/14_輕攻「甜心拍拍」/42.webp,58e13a7425316b9fdce6ca5e9f3faabadc81e45cee97243e15b2a9d811b1cf5a,detected_or_manifest,256,0,256,256,ae869d89f4553e8a318387eeb57c3e72eb08a4c8a936f3f68a0f73288a4a7555,False,False
粉藍星星,ROUND_1,4,43,3,輕攻「甜心拍拍」,粉藍星星/ROUND_1/14_輕攻「甜心拍拍」/43.webp,58e13a7425316b9fdce6ca5e9f3faabadc81e45cee97243e15b2a9d811b1cf5a,manual,520,0,248,226,a770e67078f31eefe8483fd02055ae0a9c024ac8cdd17b005229251f3ac802a2,False,True
粉藍星星,ROUND_1,4,44,4,輕攻「甜心拍拍」,粉藍星星/ROUND_1/14_輕攻「甜心拍拍」/44.webp,58e13a7425316b9fdce6ca5e9f3faabadc81e45cee97243e15b2a9d811b1cf5a,detected_or_manifest,0,256,256,256,c491498e95b39fccc81f6ec7a00c102a16d2734d3cd52778e23f38d5749c04b6,False,False
粉藍星星,ROUND_1,4,45,5,輕攻「甜心拍拍」,粉藍星星/ROUND_1/14_輕攻「甜心拍拍」/45.webp,58e13a7425316b9fdce6ca5e9f3faabadc81e45cee97243e15b2a9d811b1cf5a,detected_or_manifest,256,256,256,256,4e9a30cbc3a85c3c3845020c72ce79c0a065f71542639ba6ae799e3c26f8d6f1,False,False
粉藍星星,ROUND_1,4,46,6,輕攻「甜心拍拍」,粉藍星星/ROUND_1/14_輕攻「甜心拍拍」/46.webp,58e13a7425316b9fdce6ca5e9f3faabadc81e45cee97243e15b2a9d811b1cf5a,detected_or_manifest,512,256,256,256,3fe3e485744482178ac80ec5ec59dbe01da790393a28ddca52b83d5849080d07,False,False
粉藍星星,ROUND_1,5,52,2,重攻「星星頭槌」,粉藍星星/ROUND_1/15_重攻「星星頭槌」/52.webp,09f88fc807a4a460668796906e3f8f5e154b52ae07c88af2981c8978c061051c,detected_or_manifest,256,0,256,256,c0b3b6d90440e22ce734d9890a6ec119e9f5ea9a770c7762895d394ca5ef448f,False,False
粉藍星星,ROUND_1,5,54,4,重攻「星星頭槌」,粉藍星星/ROUND_1/15_重攻「星星頭槌」/54.webp,09f88fc807a4a460668796906e3f8f5e154b52ae07c88af2981c8978c061051c,detected_or_manifest,0,270,283,222,75954b958b30a2d7d6b5144450e24379c36c54c49ff20aa800c6ded4afb18ba2,False,False
粉藍星星,ROUND_1,5,55,5,重攻「星星頭槌」,粉藍星星/ROUND_1/15_重攻「星星頭槌」/55.webp,09f88fc807a4a460668796906e3f8f5e154b52ae07c88af2981c8978c061051c,detected_or_manifest,256,256,256,256,28697aff1654ea1e071e2a5b1c6feb5c7901081aa2344c8ad6c71780999b9c4e,False,False
粉藍星星,ROUND_1,5,56,6,重攻「星星頭槌」,粉藍星星/ROUND_1/15_重攻「星星頭槌」/56.webp,09f88fc807a4a460668796906e3f8f5e154b52ae07c88af2981c8978c061051c,detected_or_manifest,512,256,256,256,3f3c8aea709c909b105a52f363e8e7a1afe3f613feba9950ce93d021d1c61703,False,False
粉藍星星,ROUND_1,6,62,2,下段「星角鏟地」,粉藍星星/ROUND_1/16_下段「星角鏟地」/62.webp,5e4cdd4882166f1b9cae313bf7da7e9a5f3485a943173ac8ab97e68c27d6656c,manual,273,77,234,172,e02fc90481c1476a4e792f28832a62c076a1f28fa82d79d959e3c5db53920d99,False,True
粉藍星星,ROUND_1,6,63,3,下段「星角鏟地」,粉藍星星/ROUND_1/16_下段「星角鏟地」/63.webp,5e4cdd4882166f1b9cae313bf7da7e9a5f3485a943173ac8ab97e68c27d6656c,manual,493,84,266,166,84a62f6d2e1bb636a7485a6013de34877ef98fedf8af79da12d7a122c2846ca8,False,True
粉藍星星,ROUND_1,6,64,4,下段「星角鏟地」,粉藍星星/ROUND_1/16_下段「星角鏟地」/64.webp,5e4cdd4882166f1b9cae313bf7da7e9a5f3485a943173ac8ab97e68c27d6656c,detected_or_manifest,0,256,256,256,a77d2676159c49bfb37c10303f7b2a72aecae4e9af239e0f7ef4128b54ba2111,False,False
粉藍星星,ROUND_1,6,65,5,下段「星角鏟地」,粉藍星星/ROUND_1/16_下段「星角鏟地」/65.webp,5e4cdd4882166f1b9cae313bf7da7e9a5f3485a943173ac8ab97e68c27d6656c,manual,315,274,187,181,ff1d7f06769a27f72a44384fd3908cfe7790de1a5f16830cb4ad0eeb06ad53c7,False,True
粉藍星星,ROUND_1,9,92,2,「尖叫爆震」蓄力,粉藍星星/ROUND_1/23_「尖叫爆震」蓄力/92.webp,f5eb656965a321922fb4866ea25e5a5a3b6df2edbbdc2bf1aeb303a68498424e,detected_or_manifest,249,0,263,249,bc93c14a93a6f1cfaa1e6ebf2e5c49d0252e53224a51d00483715e882787226c,False,False
粉藍星星,ROUND_1,9,95,5,「尖叫爆震」釋放／後座／收招,粉藍星星/ROUND_1/24_「尖叫爆震」釋放_後座_收招/95.webp,f5eb656965a321922fb4866ea25e5a5a3b6df2edbbdc2bf1aeb303a68498424e,detected_or_manifest,241,257,293,255,467c203db12b3a1c52d06aef2712121944ed71079678259f7331c2cf15868683,False,False
粉藍星星,ROUND_1,10,101,1,Lv1～Lv3 蓄力 VFX,粉藍星星/ROUND_1/25_Lv1～Lv3_蓄力_VFX/101.webp,42f4822a37df32127fe073d21a26a660e70ff417af9ba3727f849f116adf3f5e,manual,66,50,167,170,20186046befea2f494519f22346370d253bebc218333a7a818520aeeabb4fe91,False,True
粉藍星星,ROUND_1,10,102,2,Lv1～Lv3 蓄力 VFX,粉藍星星/ROUND_1/25_Lv1～Lv3_蓄力_VFX/102.webp,42f4822a37df32127fe073d21a26a660e70ff417af9ba3727f849f116adf3f5e,manual,275,19,203,211,f21546d89459998f69f318211a0d7c2cf4b21957da0086a1d36c5feafc73e5fa,False,True
粉藍星星,ROUND_1,10,103,3,Lv1～Lv3 蓄力 VFX,粉藍星星/ROUND_1/25_Lv1～Lv3_蓄力_VFX/103.webp,42f4822a37df32127fe073d21a26a660e70ff417af9ba3727f849f116adf3f5e,manual,510,5,258,261,fe0511ec0da1b59d47dfc00c176c8771a0b6afd8b92c5b6bb69fba7dc5668244,False,True
粉藍星星,ROUND_1,10,104,4,Lv1「短尖叫」VFX,粉藍星星/ROUND_1/26_Lv1「短尖叫」VFX/104.webp,42f4822a37df32127fe073d21a26a660e70ff417af9ba3727f849f116adf3f5e,manual,52,285,155,172,64f19eb9c1d89085c222590630a172900c61476f1c86fb643b394639699b81fa,False,True
粉藍星星,ROUND_1,10,105,5,Lv2「爆震」VFX,粉藍星星/ROUND_1/27_Lv2「爆震」VFX/105.webp,42f4822a37df32127fe073d21a26a660e70ff417af9ba3727f849f116adf3f5e,manual,240,267,257,218,ce84c26c47cba38bf80f384c2e2f475f49e5a0a3e0c248ce1bad18959f72718c,False,True
粉藍星星,ROUND_1,10,106,6,Lv3「超音量尖叫」VFX,粉藍星星/ROUND_1/28_Lv3「超音量尖叫」VFX/106.webp,42f4822a37df32127fe073d21a26a660e70ff417af9ba3727f849f116adf3f5e,manual,520,259,248,255,7c20f15153a80020572edbcd78b98b2c512cbc9a12c1a5d623e1458dee60dc36,False,True
粉藍星星,ROUND_1,10,107,7,「尖叫星落」聲波 VFX,粉藍星星/ROUND_1/29_「尖叫星落」聲波_VFX/107.webp,42f4822a37df32127fe073d21a26a660e70ff417af9ba3727f849f116adf3f5e,manual,6,512,254,236,b88a4a02bb93197c5543d903474d7cde1eecf1a7ffc0be6eb17ffed4782eb7a1,False,True
粉藍星星,ROUND_1,10,108,8,聲波命中／Pushback VFX,粉藍星星/ROUND_1/30_聲波命中_Pushback_VFX/108.webp,42f4822a37df32127fe073d21a26a660e70ff417af9ba3727f849f116adf3f5e,manual,274,507,234,235,5c9c5a26bb5a681fae6faa9862e6abf07785d6856aff695ccfceacfa35844e09,False,True
粉藍星星,ROUND_1,10,109,9,聲波命中／Pushback VFX,粉藍星星/ROUND_1/30_聲波命中_Pushback_VFX/109.webp,42f4822a37df32127fe073d21a26a660e70ff417af9ba3727f849f116adf3f5e,manual,511,512,248,256,187442d3b4077452006729d7bb5197bf7607effe5b4e8cb84cee29c1581ac12d,False,True
粉藍星星,ROUND_2,1,11,1,Ultimate「派甜心假面...露出」變身,粉藍星星/ROUND_2/01_Ultimate「派甜心假面...露出」變身/11.webp,7ea4608ff3320e9700cd06e6f6de82ebae2ca3465b18ca7229c47608c7192133,detected_or_manifest,0,0,256,256,c3aab22ab2d748ac506fa30676c6d7095e9b12c0aab7c55bd3d4c5b0487cc03e,False,False
粉藍星星,ROUND_2,1,12,2,Ultimate「派甜心假面...露出」變身,粉藍星星/ROUND_2/01_Ultimate「派甜心假面...露出」變身/12.webp,7ea4608ff3320e9700cd06e6f6de82ebae2ca3465b18ca7229c47608c7192133,detected_or_manifest,256,0,256,256,83ef42f0f9dee527693ca4a9bceb42297645c2b549b4820386635b744c7aa38a,False,False
粉藍星星,ROUND_2,1,13,3,Ultimate「派甜心假面...露出」變身,粉藍星星/ROUND_2/01_Ultimate「派甜心假面...露出」變身/13.webp,7ea4608ff3320e9700cd06e6f6de82ebae2ca3465b18ca7229c47608c7192133,detected_or_manifest,512,0,256,256,e1ca8ebdbcba80a1b23d73ab068c1bfd8fb24e3c5bad61db2020a1f9c515b8e5,False,False
粉藍星星,ROUND_2,1,14,4,Ultimate「派甜心假面...露出」變身,粉藍星星/ROUND_2/01_Ultimate「派甜心假面...露出」變身/14.webp,7ea4608ff3320e9700cd06e6f6de82ebae2ca3465b18ca7229c47608c7192133,manual,0,234,259,258,6453afd82990bc3293b67290c6984c4ed9001078cf76bbc334deed2ed4e02ed9,False,True
粉藍星星,ROUND_2,1,15,5,Ultimate「派甜心假面...露出」變身,粉藍星星/ROUND_2/01_Ultimate「派甜心假面...露出」變身/15.webp,7ea4608ff3320e9700cd06e6f6de82ebae2ca3465b18ca7229c47608c7192133,detected_or_manifest,256,256,256,256,9a958f7a6ac9280f029239bb587872641f84a7fa5d45c17a0954bfb5407fbc11,False,False
粉藍星星,ROUND_2,1,16,6,Ultimate「派甜心假面...露出」變身,粉藍星星/ROUND_2/01_Ultimate「派甜心假面...露出」變身/16.webp,7ea4608ff3320e9700cd06e6f6de82ebae2ca3465b18ca7229c47608c7192133,manual,508,254,260,233,8e97bb0134d0989391a07dafe54f875fb04810d8c4b2d8964369e87e198e27a5,False,True
粉藍星星,ROUND_2,1,17,7,Ultimate「派甜心假面...露出」變身,粉藍星星/ROUND_2/01_Ultimate「派甜心假面...露出」變身/17.webp,7ea4608ff3320e9700cd06e6f6de82ebae2ca3465b18ca7229c47608c7192133,manual,0,492,256,276,a472c8a079de729b0ae471697d82482ccdaaf12a25b5d2439c6089543de6160a,False,True
粉藍星星,ROUND_2,1,18,8,Ultimate「派甜心假面...露出」變身,粉藍星星/ROUND_2/01_Ultimate「派甜心假面...露出」變身/18.webp,7ea4608ff3320e9700cd06e6f6de82ebae2ca3465b18ca7229c47608c7192133,manual,266,492,246,276,50152fc2b3cfdd20b1d1d38689c29c6db90c0dd4a238d35a936963857a831ef2,False,True
粉藍星星,ROUND_2,1,19,9,Ultimate「派甜心假面...露出」變身,粉藍星星/ROUND_2/01_Ultimate「派甜心假面...露出」變身/19.webp,7ea4608ff3320e9700cd06e6f6de82ebae2ca3465b18ca7229c47608c7192133,manual,500,480,267,288,af67f3174dfa5d9319963856c6ed260c467ce61dc4326396a77eb23739800e8c,False,True
粉藍星星,ROUND_2,2,21,1,TRUE FACE 待機,粉藍星星/ROUND_2/02_TRUE_FACE_待機/21.webp,b1d72ee7705373a3037a63bdb2c17ff9eaf3a862144508084db521b84a686c40,manual,26,8,222,270,c16070db822bff62ff104e8a63887554e393b3be55fba655630b5003daf5381c,False,True
粉藍星星,ROUND_2,2,22,2,TRUE FACE 待機,粉藍星星/ROUND_2/02_TRUE_FACE_待機/22.webp,b1d72ee7705373a3037a63bdb2c17ff9eaf3a862144508084db521b84a686c40,detected_or_manifest,246,6,275,289,5ea5ee03d21367359539bbe48a72d7499bbeaf3e99be8eaa2f2c34c715b8c053,False,False
粉藍星星,ROUND_2,2,23,3,前走,粉藍星星/ROUND_2/03_前走/23.webp,b1d72ee7705373a3037a63bdb2c17ff9eaf3a862144508084db521b84a686c40,manual,521,13,240,279,4d5c4a6637501fa35a4771d57eec7dbe29a7ae92e66756f584a0eb7174b0ad5c,False,True
粉藍星星,ROUND_2,2,24,4,前走,粉藍星星/ROUND_2/03_前走/24.webp,b1d72ee7705373a3037a63bdb2c17ff9eaf3a862144508084db521b84a686c40,manual,21,276,210,239,4dda55d520326da65ed653582437875b180934e96c565f29244e2385d3d4f1e9,False,True
粉藍星星,ROUND_2,2,25,5,強化前衝,粉藍星星/ROUND_2/04_強化前衝/25.webp,b1d72ee7705373a3037a63bdb2c17ff9eaf3a862144508084db521b84a686c40,manual,236,295,292,227,771bcfc4ec3f66afbf6578778c012c7cc4dcb9b24c1e98b7005b0b5dbdea31d7,False,True
粉藍星星,ROUND_2,2,26,6,Dash Cancel,粉藍星星/ROUND_2/05_Dash_Cancel/26.webp,b1d72ee7705373a3037a63bdb2c17ff9eaf3a862144508084db521b84a686c40,manual,537,292,213,215,1aa3f191403b6ab507f8267190f0e9d9d2bc997c1c5376f8fbe596f69d1fbf96,False,True
粉藍星星,ROUND_2,2,27,7,後走,粉藍星星/ROUND_2/06_後走/27.webp,b1d72ee7705373a3037a63bdb2c17ff9eaf3a862144508084db521b84a686c40,manual,26,507,241,246,a5c6627c5eec552f65b9528524650cafe207946a5698559119d2d974d0f2a7b8,False,True
粉藍星星,ROUND_2,2,28,8,蹲下,粉藍星星/ROUND_2/07_蹲下/28.webp,b1d72ee7705373a3037a63bdb2c17ff9eaf3a862144508084db521b84a686c40,manual,256,512,256,256,9a56066894e28feba3d170dbcfd2e102d064af69550df279cecc707d61dc0542,False,True
粉藍星星,ROUND_2,2,29,9,跳躍,粉藍星星/ROUND_2/08_跳躍/29.webp,b1d72ee7705373a3037a63bdb2c17ff9eaf3a862144508084db521b84a686c40,manual,540,498,228,237,7000ec9ab46af08d915a96018d4dede26d0821651f8abee17536b343288b8b3d,False,True
粉藍星星,ROUND_2,3,31,1,站防,粉藍星星/ROUND_2/09_站防/31.webp,09a4f65b7bbd504c90b75e5c1e802352e71b114704064a8a63f839347d01cc6d,manual,0,0,250,323,625ce465a2d3aa965ee8b55fe2e03d69e3f541c15f7aba009c799b11eea87917,False,True
粉藍星星,ROUND_2,3,32,2,站防硬直,粉藍星星/ROUND_2/10_站防硬直/32.webp,09a4f65b7bbd504c90b75e5c1e802352e71b114704064a8a63f839347d01cc6d,manual,275,5,254,282,ce87db22bd1deed545113708befc2a49f88f1ae30ce9ab558e16e6d7c8f95293,False,True
粉藍星星,ROUND_2,3,34,4,蹲防硬直,粉藍星星/ROUND_2/12_蹲防硬直/34.webp,09a4f65b7bbd504c90b75e5c1e802352e71b114704064a8a63f839347d01cc6d,manual,0,314,260,276,46e884dd05634a355e3762392e1f9e147dc05e122797bf43d4be2b1083532abc,False,True
粉藍星星,ROUND_2,3,35,5,受擊／被摔／倒地／起身／KO,粉藍星星/ROUND_2/13_受擊_被摔_倒地_起身_KO/35.webp,09a4f65b7bbd504c90b75e5c1e802352e71b114704064a8a63f839347d01cc6d,detected_or_manifest,236,287,282,255,93410503e615295b41e1db3e60e9484354bd36d22126256125b4bcdccc70ea0b,False,False
粉藍星星,ROUND_2,4,41,1,輕攻「瘋狂連抓」,粉藍星星/ROUND_2/14_輕攻「瘋狂連抓」/41.webp,2d3ec74c675d560b6c710134ab04fea4daf4fe7d0126179865f1523c09913abc,manual,6,10,251,231,12007dc95a44a677067f8f08963ce71152149d38de3dc505a945275b68bf3b4f,False,True
粉藍星星,ROUND_2,4,42,2,輕攻「瘋狂連抓」,粉藍星星/ROUND_2/14_輕攻「瘋狂連抓」/42.webp,2d3ec74c675d560b6c710134ab04fea4daf4fe7d0126179865f1523c09913abc,manual,256,8,259,236,5ec1fa34f06e275eaee84c6ed21ae18cb7c8e10715844902a5475db94bbb7400,False,True
粉藍星星,ROUND_2,4,43,3,輕攻「瘋狂連抓」,粉藍星星/ROUND_2/14_輕攻「瘋狂連抓」/43.webp,2d3ec74c675d560b6c710134ab04fea4daf4fe7d0126179865f1523c09913abc,manual,514,0,245,244,d102996a4d7dab924cb840d1f03d0c01f329233c1cf334b27e8062afbdbd177c,False,True
粉藍星星,ROUND_2,4,44,4,輕攻「瘋狂連抓」,粉藍星星/ROUND_2/14_輕攻「瘋狂連抓」/44.webp,2d3ec74c675d560b6c710134ab04fea4daf4fe7d0126179865f1523c09913abc,manual,7,255,258,241,4a2286df78fd53d3bc1320fd9d2adae69cbec5c41b766682602e9cae07605717,False,True
粉藍星星,ROUND_2,4,45,5,輕攻「瘋狂連抓」,粉藍星星/ROUND_2/14_輕攻「瘋狂連抓」/45.webp,2d3ec74c675d560b6c710134ab04fea4daf4fe7d0126179865f1523c09913abc,manual,261,260,267,234,cbe30af42ccd6e61f3dd12512bdb42ec1ce3ff09ece7696d8e3709410bfdb8c4,False,True
粉藍星星,ROUND_2,4,46,6,輕攻「瘋狂連抓」,粉藍星星/ROUND_2/14_輕攻「瘋狂連抓」/46.webp,2d3ec74c675d560b6c710134ab04fea4daf4fe7d0126179865f1523c09913abc,detected_or_manifest,512,256,256,256,3197859e8bcc0bfe3fb0e97d7f4ce704152780a16ad0638743d6ea4988c041a3,False,False
粉藍星星,ROUND_2,5,51,1,重攻「捕食」,粉藍星星/ROUND_2/15_重攻「捕食」/51.webp,58fccafed6969a809b0cd85a9accecb9d0c7c11b59669372ec8aa72693858bfd,replacement_grid,0,0,512,512,59f4ad94d22c21e099bcb7c80f52c246c21de18c6654b1862c0e7ec1d96b5266,True,False
粉藍星星,ROUND_2,5,52,2,重攻「捕食」,粉藍星星/ROUND_2/15_重攻「捕食」/52.webp,58fccafed6969a809b0cd85a9accecb9d0c7c11b59669372ec8aa72693858bfd,replacement_grid,512,0,512,512,1e900145f1c3f985a9a5b17cce8f87152b6f7fb8a1c0c800470b04df193d0153,True,False
粉藍星星,ROUND_2,5,53,3,重攻「捕食」,粉藍星星/ROUND_2/15_重攻「捕食」/53.webp,58fccafed6969a809b0cd85a9accecb9d0c7c11b59669372ec8aa72693858bfd,replacement_grid,1024,0,512,512,6f798ae3fa8c57f3fa8cc463e524e1b269308f7f27aa5aaa952cc1be637b77b6,True,False
粉藍星星,ROUND_2,5,54,4,重攻「捕食」,粉藍星星/ROUND_2/15_重攻「捕食」/54.webp,58fccafed6969a809b0cd85a9accecb9d0c7c11b59669372ec8aa72693858bfd,replacement_grid,0,512,512,512,98466d972c84acdf572c44b3e7749615756cbaecd780aff9c9a3b8836576bd22,True,False
粉藍星星,ROUND_2,5,55,5,重攻「捕食」,粉藍星星/ROUND_2/15_重攻「捕食」/55.webp,58fccafed6969a809b0cd85a9accecb9d0c7c11b59669372ec8aa72693858bfd,replacement_grid,512,512,512,512,c52ce872acfa64c9d5d8a3a9a6721cbbbc75269d87c428a34ba4725bcdcb3d25,True,False
粉藍星星,ROUND_2,5,56,6,重攻「捕食」,粉藍星星/ROUND_2/15_重攻「捕食」/56.webp,58fccafed6969a809b0cd85a9accecb9d0c7c11b59669372ec8aa72693858bfd,replacement_grid,1024,512,512,512,b6f95f8a4c07b1e8b8fc9a2b16fe9734d7b4110b0b1ce12190085d9b4f7c283e,True,False
粉藍星星,ROUND_2,6,61,1,下段「匍匐咬腳」,粉藍星星/ROUND_2/16_下段「匍匐咬腳」/61.webp,e6966cc2c8d374818e6e3b6583ef2da92b400f72a2639c68cc339c5feba45ecc,manual,9,24,249,249,f26cdc9e71e0fee36528b6320184efda397bc9840753bcb055875bd107928219,False,True
粉藍星星,ROUND_2,6,62,2,下段「匍匐咬腳」,粉藍星星/ROUND_2/16_下段「匍匐咬腳」/62.webp,e6966cc2c8d374818e6e3b6583ef2da92b400f72a2639c68cc339c5feba45ecc,manual,253,41,250,235,0e5312901e530e6c93deb2e7ce9599cd6cf19215f7efd2bcde855c195173af28,False,True
粉藍星星,ROUND_2,6,63,3,下段「匍匐咬腳」,粉藍星星/ROUND_2/16_下段「匍匐咬腳」/63.webp,e6966cc2c8d374818e6e3b6583ef2da92b400f72a2639c68cc339c5feba45ecc,manual,512,39,256,202,f831dc654129efac59b16232f8e33980bea669aa3a46ace8a94ab0b45e848fe7,False,True
粉藍星星,ROUND_2,6,64,4,下段「匍匐咬腳」,粉藍星星/ROUND_2/16_下段「匍匐咬腳」/64.webp,e6966cc2c8d374818e6e3b6583ef2da92b400f72a2639c68cc339c5feba45ecc,manual,0,273,253,191,f466bcf2258894db1a95233da79a63a20a3286d7750900321c565bf0f3c9d4e9,False,True
粉藍星星,ROUND_2,6,65,5,下段「匍匐咬腳」,粉藍星星/ROUND_2/16_下段「匍匐咬腳」/65.webp,e6966cc2c8d374818e6e3b6583ef2da92b400f72a2639c68cc339c5feba45ecc,manual,254,258,258,227,c7bd62ff9a7429db433de15be25bf0e657f3a50f0772b83e0139ed45af7cf311,False,True
粉藍星星,ROUND_2,6,66,6,空中攻擊「捕食墜落」,粉藍星星/ROUND_2/17_空中攻擊「捕食墜落」/66.webp,e6966cc2c8d374818e6e3b6583ef2da92b400f72a2639c68cc339c5feba45ecc,manual,514,249,252,217,16122b1e15b1eca8d5f78f5746e59af77b27de7341d243d8eb0821e46c2f0fb0,False,True
粉藍星星,ROUND_2,6,67,7,空中攻擊「捕食墜落」,粉藍星星/ROUND_2/17_空中攻擊「捕食墜落」/67.webp,e6966cc2c8d374818e6e3b6583ef2da92b400f72a2639c68cc339c5feba45ecc,manual,0,466,296,265,3c56743b1302e6673339bd989e97dfc9d3faba64ea1e61c6e3d167307f5b252c,False,True
粉藍星星,ROUND_2,6,68,8,空中攻擊「捕食墜落」,粉藍星星/ROUND_2/17_空中攻擊「捕食墜落」/68.webp,e6966cc2c8d374818e6e3b6583ef2da92b400f72a2639c68cc339c5feba45ecc,manual,296,485,213,225,e6cbb5f2d6fc85eea7d245e2db77c20ef28c2cf93c6a516d3d8e1269cd8e503a,False,True
粉藍星星,ROUND_2,6,69,9,空中攻擊「捕食墜落」,粉藍星星/ROUND_2/17_空中攻擊「捕食墜落」/69.webp,e6966cc2c8d374818e6e3b6583ef2da92b400f72a2639c68cc339c5feba45ecc,manual,510,511,258,241,b3c4fe910d8f4eff8adaae5c6e7dd5cb9d07523ba6b5613001daed29ec83e68f,False,True
粉藍星星,ROUND_2,7,71,1,TRUE FACE 投技,粉藍星星/ROUND_2/18_TRUE_FACE_投技/71.webp,2310b871befd4309f216f085659f20335c0e1870e2f02d25d8db096d919f5a89,manual,0,15,290,236,9bc7c2309f87864f801ce59c438f70368f5a8937838554074322707fd2e2a44f,False,True
粉藍星星,ROUND_2,7,72,2,TRUE FACE 投技,粉藍星星/ROUND_2/18_TRUE_FACE_投技/72.webp,2310b871befd4309f216f085659f20335c0e1870e2f02d25d8db096d919f5a89,manual,296,11,218,243,d394a3ed4ff686eea333ee43381d6807a65c0e0d643d33edc99059a207727e8d,False,True
粉藍星星,ROUND_2,7,73,3,TRUE FACE 投技,粉藍星星/ROUND_2/18_TRUE_FACE_投技/73.webp,2310b871befd4309f216f085659f20335c0e1870e2f02d25d8db096d919f5a89,manual,512,0,256,256,436dd54595490ede75d517250eda08eb72f64709fdd4815ee8ab3ce33b0c84e4,False,True
粉藍星星,ROUND_2,7,74,4,TRUE FACE 投技,粉藍星星/ROUND_2/18_TRUE_FACE_投技/74.webp,2310b871befd4309f216f085659f20335c0e1870e2f02d25d8db096d919f5a89,manual,0,278,286,213,184a7a6e17f8fb51945b9a228efa9b8fc7442930a51f683a376d78d3b9f11516,False,True
粉藍星星,ROUND_2,7,75,5,TRUE FACE 投技,粉藍星星/ROUND_2/18_TRUE_FACE_投技/75.webp,2310b871befd4309f216f085659f20335c0e1870e2f02d25d8db096d919f5a89,manual,272,266,241,226,89bcfccbb183e81c7b7f04d39516142615ea113ca3fdd3ed4b48f818c65fae4b,False,True
粉藍星星,ROUND_2,7,76,6,TRUE FACE 投技,粉藍星星/ROUND_2/18_TRUE_FACE_投技/76.webp,2310b871befd4309f216f085659f20335c0e1870e2f02d25d8db096d919f5a89,manual,512,269,256,217,501ac8b7a21662498710fd10dc7a23c54b78915cd1dafe2cc54cfe0a85bf9fae,False,True
粉藍星星,ROUND_2,8,81,1,「貼臉尖叫」蓄力,粉藍星星/ROUND_2/19_「貼臉尖叫」蓄力/81.webp,c9b8240ef26704f7de6d05a8fe0f07b6efd5b1eb2a97f96c469629d3a995ed77,manual,0,0,230,256,b077649e92afa9ff0c2bff3eb8acbd8698fde6571b42816065ed546214e31eaf,False,True
粉藍星星,ROUND_2,8,82,2,「貼臉尖叫」蓄力,粉藍星星/ROUND_2/19_「貼臉尖叫」蓄力/82.webp,c9b8240ef26704f7de6d05a8fe0f07b6efd5b1eb2a97f96c469629d3a995ed77,detected_or_manifest,239,0,264,256,c51fd0992e5fb51faa098f9fee6b566a71ecc91d544c03345d05e7ada8d0c574,False,False
粉藍星星,ROUND_2,8,83,3,「貼臉尖叫」蓄力,粉藍星星/ROUND_2/19_「貼臉尖叫」蓄力/83.webp,c9b8240ef26704f7de6d05a8fe0f07b6efd5b1eb2a97f96c469629d3a995ed77,detected_or_manifest,481,0,287,262,de3705d7bda5d06a9add21c4c450c117911c566d4ba4a1f936687d959f534def,False,False
粉藍星星,ROUND_2,8,84,4,「貼臉尖叫」釋放／收招,粉藍星星/ROUND_2/20_「貼臉尖叫」釋放_收招/84.webp,c9b8240ef26704f7de6d05a8fe0f07b6efd5b1eb2a97f96c469629d3a995ed77,manual,4,258,268,254,529e2de42968e6645740b33e848f2b46c053d588b4f590b808e7858968e0c66c,False,True
粉藍星星,ROUND_2,8,85,5,「貼臉尖叫」釋放／收招,粉藍星星/ROUND_2/20_「貼臉尖叫」釋放_收招/85.webp,c9b8240ef26704f7de6d05a8fe0f07b6efd5b1eb2a97f96c469629d3a995ed77,manual,273,258,241,245,6fae4f3c6f75450c40e63710c579209ebeb1d32aa58717d14e9a3085bb38901e,False,True
粉藍星星,ROUND_2,8,86,6,「貼臉尖叫」釋放／收招,粉藍星星/ROUND_2/20_「貼臉尖叫」釋放_收招/86.webp,c9b8240ef26704f7de6d05a8fe0f07b6efd5b1eb2a97f96c469629d3a995ed77,manual,511,268,257,234,e7c676cbf74e5168660a5b940532c1e3cee18216ec4406bf4398c9e71270605c,False,True
粉藍星星,ROUND_2,9,91,1,變身 VFX,粉藍星星/ROUND_2/21_變身_VFX/91.webp,0f0d141fbff9cc678e98e1ec4419ca015c2cca46ea3846c7055f5350ec8c03e6,manual,0,0,246,247,e82fadb92a20d8ee854c1e7584f50a6f94dd040123bff80b5ebc6cbf7b1389ac,False,True
粉藍星星,ROUND_2,9,92,2,變身 VFX,粉藍星星/ROUND_2/21_變身_VFX/92.webp,0f0d141fbff9cc678e98e1ec4419ca015c2cca46ea3846c7055f5350ec8c03e6,manual,261,0,249,258,38a94267ea8beed1c4476179e8e550c93ff3e447ac7245b89b3c0344ce60ece8,False,True
粉藍星星,ROUND_2,9,93,3,變身 VFX,粉藍星星/ROUND_2/21_變身_VFX/93.webp,0f0d141fbff9cc678e98e1ec4419ca015c2cca46ea3846c7055f5350ec8c03e6,manual,524,0,243,256,affab720f5f051e2c886e5d0042921393367c451180a0f7c7d9cecbaaa8ebab3,False,True
粉藍星星,ROUND_2,9,94,4,Lv1 貼臉聲波,粉藍星星/ROUND_2/22_Lv1_貼臉聲波/94.webp,0f0d141fbff9cc678e98e1ec4419ca015c2cca46ea3846c7055f5350ec8c03e6,manual,0,262,221,210,279c5633e5ef8bde926deca34fc602ad58b737f720f4185250ba78a354da7a35,False,True
粉藍星星,ROUND_2,9,95,5,Lv2 貼臉聲波,粉藍星星/ROUND_2/23_Lv2_貼臉聲波/95.webp,0f0d141fbff9cc678e98e1ec4419ca015c2cca46ea3846c7055f5350ec8c03e6,manual,258,260,248,240,b98f3fd1b74b94f4455cf0f13e747d7db1e209e2da88792a9d5778674f052233,False,True
粉藍星星,ROUND_2,9,96,6,Lv3 恐怖尖叫,粉藍星星/ROUND_2/24_Lv3_恐怖尖叫/96.webp,0f0d141fbff9cc678e98e1ec4419ca015c2cca46ea3846c7055f5350ec8c03e6,manual,506,244,255,269,bb668945aa48138429911589e4d1193e46c493c61a08de1100fff653e7f6a4ff,False,True
粉藍星星,ROUND_2,9,97,7,Finisher／地面震波／覺醒 VFX,粉藍星星/ROUND_2/25_Finisher_地面震波_覺醒_VFX/97.webp,0f0d141fbff9cc678e98e1ec4419ca015c2cca46ea3846c7055f5350ec8c03e6,manual,0,486,256,282,75b9b3eb54983fa794bbeee579b8037e7456c3b507d1794771799955cb7cfab1,False,True
粉藍星星,ROUND_2,9,98,8,Finisher／地面震波／覺醒 VFX,粉藍星星/ROUND_2/25_Finisher_地面震波_覺醒_VFX/98.webp,0f0d141fbff9cc678e98e1ec4419ca015c2cca46ea3846c7055f5350ec8c03e6,manual,253,495,254,267,c212c7a269b06ee4351a926ecd26d759c231e4644ce0385a7db28393e2d1dc0e,False,True
粉藍星星,ROUND_2,9,99,9,Finisher／地面震波／覺醒 VFX,粉藍星星/ROUND_2/25_Finisher_地面震波_覺醒_VFX/99.webp,0f0d141fbff9cc678e98e1ec4419ca015c2cca46ea3846c7055f5350ec8c03e6,manual,516,499,237,269,5201faade10036a6d67bf237d4c4231d5f48fa241c8d1154cfe6894940b6b25e,False,True
粉藍星星,ROUND_2,10,101,1,TRUE FACE 最終 Finisher,粉藍星星/ROUND_2/26_TRUE_FACE_最終_Finisher/101.webp,d8ab8000ad08214219d1e429b0bbf783602fea19434df1512a1c4b7410666884,detected_or_manifest,0,0,271,293,d52dc9aeeea8165afd52943895a213bd53a1b793359d150c2d327a7670f492b1,False,False
粉藍星星,ROUND_2,10,102,2,TRUE FACE 最終 Finisher,粉藍星星/ROUND_2/26_TRUE_FACE_最終_Finisher/102.webp,d8ab8000ad08214219d1e429b0bbf783602fea19434df1512a1c4b7410666884,manual,256,27,261,270,e63b7e08cf045ebb5b7a25b1167eb09a6dd13a49349c5e091143576b90c46e89,False,True
粉藍星星,ROUND_2,10,103,3,TRUE FACE 最終 Finisher,粉藍星星/ROUND_2/26_TRUE_FACE_最終_Finisher/103.webp,d8ab8000ad08214219d1e429b0bbf783602fea19434df1512a1c4b7410666884,manual,519,11,249,266,bf98c8545280f04c3f993ddd8f2bf58298830776e946e5416f697e645aa8e2e7,False,True
粉藍星星,ROUND_2,10,104,4,TRUE FACE 最終 Finisher,粉藍星星/ROUND_2/26_TRUE_FACE_最終_Finisher/104.webp,d8ab8000ad08214219d1e429b0bbf783602fea19434df1512a1c4b7410666884,manual,0,293,258,213,b8df0f339d6c3a648982b00cff4037fe55d15c983f8cbc099e0e665d699a9d67,False,True
粉藍星星,ROUND_2,10,105,5,TRUE FACE 最終 Finisher,粉藍星星/ROUND_2/26_TRUE_FACE_最終_Finisher/105.webp,d8ab8000ad08214219d1e429b0bbf783602fea19434df1512a1c4b7410666884,manual,250,303,287,224,938ef536431223b4c98fd8559b1d2c1eed8c9dbf19f2e9f4d1b3d3801abbacf4,False,True
粉藍星星,ROUND_2,10,106,6,TRUE FACE 力竭,粉藍星星/ROUND_2/27_TRUE_FACE_力竭/106.webp,d8ab8000ad08214219d1e429b0bbf783602fea19434df1512a1c4b7410666884,detected_or_manifest,512,256,256,256,26a07336e511b4f1c0dab647aec29e94f35cb235f42c153b7618c8c27d11f079,False,False
粉藍星星,ROUND_2,10,107,7,「假面崩潰」逆變身,粉藍星星/ROUND_2/28_「假面崩潰」逆變身/107.webp,d8ab8000ad08214219d1e429b0bbf783602fea19434df1512a1c4b7410666884,manual,10,508,242,247,d8c6c0b705badabd0c033dc4dbc1be816e55dc0606031659e77d5cfb515a9317,False,True
粉藍星星,ROUND_2,10,108,8,「假面崩潰」逆變身,粉藍星星/ROUND_2/28_「假面崩潰」逆變身/108.webp,d8ab8000ad08214219d1e429b0bbf783602fea19434df1512a1c4b7410666884,detected_or_manifest,256,512,256,256,c77660f312d99e8c24d6e5df3382d398a0e2d670dc99d1cacfbc28361c34aeec,False,False
粉藍星星,ROUND_2,10,109,9,回到普通粉藍星星,粉藍星星/ROUND_2/29_回到普通粉藍星星/109.webp,d8ab8000ad08214219d1e429b0bbf783602fea19434df1512a1c4b7410666884,detected_or_manifest,512,512,256,256,b4199bc00eef4595c1dc023b9ae0b7a4670b53c7a114b6f88890fa7858846228,False,False
蘸醬胡渣狗,ROUND_1,1,13,3,待機／看碗／聞飯,蘸醬胡渣狗/ROUND_1/01_待機_看碗_聞飯/13.webp,aaa91ac02976394added7d3c875c59f17d2ae6af834e62589fe6a2e33a2279d9,detected_or_manifest,506,9,244,237,600a897e5b9dca0661de5e1532a0af0536852dd5afd51a513524597058860b11,False,False
蘸醬胡渣狗,ROUND_1,2,25,5,跳躍,蘸醬胡渣狗/ROUND_1/05_跳躍/25.webp,8e119646254e98a361cf012e09ff072bf83d45b23d24bbcfc6adabc5c9668cc3,detected_or_manifest,276,270,248,223,be7583c15b6896d9b37b1038658df90dc3e790f1f5a2d6e9da8fd999c3f99893,False,False
蘸醬胡渣狗,ROUND_1,4,44,4,重攻「破碗敲頭」,蘸醬胡渣狗/ROUND_1/08_重攻「破碗敲頭」/44.webp,76e45cdc49ce4f9a3c7664287cc78e2361b2e0fb45616ac7afed0b03cd90d303,detected_or_manifest,12,239,255,273,7e7c9e718cc9e406ac8aee574264f91b503e7f8499118c3fd1d4f8c033db49b9,False,False
蘸醬胡渣狗,ROUND_1,4,45,5,重攻「破碗敲頭」,蘸醬胡渣狗/ROUND_1/08_重攻「破碗敲頭」/45.webp,76e45cdc49ce4f9a3c7664287cc78e2361b2e0fb45616ac7afed0b03cd90d303,detected_or_manifest,268,248,253,264,23eb67dace50ee4e7e0785fa08dd75884eda7eda21fc4e738a973439ce9484e2,False,False
蘸醬胡渣狗,ROUND_1,6,61,1,空中攻擊「搶飯飛撲」,蘸醬胡渣狗/ROUND_1/10_空中攻擊「搶飯飛撲」/61.webp,2538173e1e26effed4403704b88ba92f8b9ed1909200097a1d8cae9a6d302999,detected_or_manifest,0,0,256,256,d945d7fbd4a43b03fc96bcf7cd740d554c654ac8e6aa9b5c6b9b1ea0e49dd83b,False,False
蘸醬胡渣狗,ROUND_1,6,62,2,空中攻擊「搶飯飛撲」,蘸醬胡渣狗/ROUND_1/10_空中攻擊「搶飯飛撲」/62.webp,2538173e1e26effed4403704b88ba92f8b9ed1909200097a1d8cae9a6d302999,detected_or_manifest,256,0,256,256,4639d2e02aeb15f015e722d05cc57974b79913c9760e6d2b92c5f51310a72d65,False,False
蘸醬胡渣狗,ROUND_1,6,63,3,空中攻擊「搶飯飛撲」,蘸醬胡渣狗/ROUND_1/10_空中攻擊「搶飯飛撲」/63.webp,2538173e1e26effed4403704b88ba92f8b9ed1909200097a1d8cae9a6d302999,detected_or_manifest,512,0,256,256,51965eaa1b410fc0f2e77ac2359e529fcb6f5a6e08c2485d6a9f623476109378,False,False
蘸醬胡渣狗,ROUND_1,6,64,4,空中攻擊「搶飯飛撲」,蘸醬胡渣狗/ROUND_1/10_空中攻擊「搶飯飛撲」/64.webp,2538173e1e26effed4403704b88ba92f8b9ed1909200097a1d8cae9a6d302999,manual,0,238,271,216,884b32c07dd7f3bdea3552a52d8e74ca8273cfa836288fa1c5ead82593bac56e,False,True
蘸醬胡渣狗,ROUND_1,6,65,5,空中攻擊「搶飯飛撲」,蘸醬胡渣狗/ROUND_1/10_空中攻擊「搶飯飛撲」/65.webp,2538173e1e26effed4403704b88ba92f8b9ed1909200097a1d8cae9a6d302999,detected_or_manifest,266,261,283,188,3ab6e8ead04c7c2aea69fa7378c0187f24d750dab964848099a69119fb0aad42,False,False
蘸醬胡渣狗,ROUND_1,6,66,6,空中攻擊「搶飯飛撲」,蘸醬胡渣狗/ROUND_1/10_空中攻擊「搶飯飛撲」/66.webp,2538173e1e26effed4403704b88ba92f8b9ed1909200097a1d8cae9a6d302999,manual,553,256,215,249,bea35bd682fc9f623b12c87461f5c52f28d35751f91693bf3cc7ed357ff06b23,False,True
蘸醬胡渣狗,ROUND_1,7,71,1,站防「破碗遮臉」,蘸醬胡渣狗/ROUND_1/11_站防「破碗遮臉」/71.webp,e7051adf7e2fc697b26e3abdca503a017d3359d416a5729ebe798f8e2c6aa6fd,manual,4,0,253,269,b5635e0aeb03455c2d5816fb6f6d7f4ac5ab27652f469fb5762f39474bdcdea5,False,True
蘸醬胡渣狗,ROUND_1,7,72,2,站防 Impact,蘸醬胡渣狗/ROUND_1/12_站防_Impact/72.webp,e7051adf7e2fc697b26e3abdca503a017d3359d416a5729ebe798f8e2c6aa6fd,detected_or_manifest,263,0,256,269,ba54580273c91d52b85c879a9778a48edbfcbdfacc5a7d480e7c01f4b8f77c2d,False,False
蘸醬胡渣狗,ROUND_1,7,73,3,站防硬直,蘸醬胡渣狗/ROUND_1/13_站防硬直/73.webp,e7051adf7e2fc697b26e3abdca503a017d3359d416a5729ebe798f8e2c6aa6fd,detected_or_manifest,524,0,244,276,e85095c130f3a61b5bcdcb3b7e61609713094ddd487f68f501c85f059a5f0549,False,False
蘸醬胡渣狗,ROUND_1,7,74,4,蹲防,蘸醬胡渣狗/ROUND_1/14_蹲防/74.webp,e7051adf7e2fc697b26e3abdca503a017d3359d416a5729ebe798f8e2c6aa6fd,manual,9,268,245,244,bc71e60bfe1f38cf3bd986eb9778bd94ad280c20846b9dd23954592fbf5fb90d,False,True
蘸醬胡渣狗,ROUND_1,7,75,5,蹲防 Impact,蘸醬胡渣狗/ROUND_1/15_蹲防_Impact/75.webp,e7051adf7e2fc697b26e3abdca503a017d3359d416a5729ebe798f8e2c6aa6fd,detected_or_manifest,256,256,256,256,bd5fb603cf8a1213e07d412a685ce77a2887e890ccb2eefaa71e06558c8d87f9,False,False
蘸醬胡渣狗,ROUND_1,7,76,6,蹲防硬直,蘸醬胡渣狗/ROUND_1/16_蹲防硬直/76.webp,e7051adf7e2fc697b26e3abdca503a017d3359d416a5729ebe798f8e2c6aa6fd,detected_or_manifest,512,256,256,256,afe51280d73e06d4675bac829e6c8a476dd0699ac220e940af5f882f979dbc49,False,False
蘸醬胡渣狗,ROUND_1,8,81,1,上段受擊,蘸醬胡渣狗/ROUND_1/17_上段受擊/81.webp,8f91f9d9aa9a3df3fdf889a4f599e6b558890d0cce5a11e78034d29b7a3a5dea,detected_or_manifest,0,0,256,256,f3096d304ab13085638bd031aab7c220ad7d0ade197fbb6a6f19709c28e086b8,False,False
蘸醬胡渣狗,ROUND_1,8,82,2,臉部受擊,蘸醬胡渣狗/ROUND_1/18_臉部受擊/82.webp,8f91f9d9aa9a3df3fdf889a4f599e6b558890d0cce5a11e78034d29b7a3a5dea,detected_or_manifest,256,0,256,256,9cb35fd3fa6ccc008798b2c09c1b3dc01010cf48a7e07af294dbaef0f9ff20bc,False,False
蘸醬胡渣狗,ROUND_1,8,85,5,Heavy Hit Reel,蘸醬胡渣狗/ROUND_1/21_Heavy_Hit_Reel/85.webp,8f91f9d9aa9a3df3fdf889a4f599e6b558890d0cce5a11e78034d29b7a3a5dea,detected_or_manifest,259,238,269,270,883cea7489209f9aec21b14756ac1e8bfc2880435dcf1fd438a46dc42db5aca6,False,False
蘸醬胡渣狗,ROUND_1,8,86,6,受擊恢復,蘸醬胡渣狗/ROUND_1/22_受擊恢復/86.webp,8f91f9d9aa9a3df3fdf889a4f599e6b558890d0cce5a11e78034d29b7a3a5dea,detected_or_manifest,531,248,237,264,7652ea6f287ded219e9687d89242316f612bdf4c82b1211c05290cd6fd7f621f,False,False
蘸醬胡渣狗,ROUND_1,9,91,1,空破碗 Master,蘸醬胡渣狗/ROUND_1/23_空破碗_Master/91.webp,6e7e1d2327f9bcb24ce21c42f317bf1c5f94b6dab751f365c718aeb1f8c68e7a,detected_or_manifest,0,8,261,248,3395467bae3c97df7e27ba21e6416e8150bc0b1f0ce587143c9294da5e8aee81,False,False
蘸醬胡渣狗,ROUND_1,9,96,6,破碗震動／局部醬汁灑出模組,蘸醬胡渣狗/ROUND_1/28_破碗震動_局部醬汁灑出模組/96.webp,6e7e1d2327f9bcb24ce21c42f317bf1c5f94b6dab751f365c718aeb1f8c68e7a,detected_or_manifest,524,265,244,244,a18953832a71c06e8dcbe87ad37150272c4aa87f4d8d4f17470c2d39a2cee548,False,False
蘸醬胡渣狗,ROUND_2,1,12,2,前衝,蘸醬胡渣狗/ROUND_2/01_前衝/12.webp,e77d81395d4aec3be85031dcb16a857da451b7cb3507e3f29553a591a84fad01,manual,251,0,273,248,27c87e0472a7a2bb2bd9e1d4ce3d3f5f70e16adb6478f70e5c94915b44a37319,False,True
蘸醬胡渣狗,ROUND_2,1,15,5,後撤,蘸醬胡渣狗/ROUND_2/02_後撤/15.webp,e77d81395d4aec3be85031dcb16a857da451b7cb3507e3f29553a591a84fad01,detected_or_manifest,233,256,277,245,7d9fd151c119f3597c2e2b3e329e12e2a7cae07f6bc61193ca4ea469f89e7811,False,False
蘸醬胡渣狗,ROUND_2,1,16,6,後撤,蘸醬胡渣狗/ROUND_2/02_後撤/16.webp,e77d81395d4aec3be85031dcb16a857da451b7cb3507e3f29553a591a84fad01,detected_or_manifest,512,256,256,256,135790753498151ce124702d0fa2e947de9442fcbe0579e338fcdf08af32cb98,False,False
蘸醬胡渣狗,ROUND_2,2,21,1,投技「有飯一起滾」,蘸醬胡渣狗/ROUND_2/03_投技「有飯一起滾」/21.webp,8bc578f7dacc1bb98161bab324c75820c23e58529c46a2b8b708324d574860ec,detected_or_manifest,0,19,289,220,dab3b6ee5a86b532fad4878d964dc52d3c9fc8097dcd1fd2a56bee2cfe51b09d,False,False
蘸醬胡渣狗,ROUND_2,2,22,2,投技「有飯一起滾」,蘸醬胡渣狗/ROUND_2/03_投技「有飯一起滾」/22.webp,8bc578f7dacc1bb98161bab324c75820c23e58529c46a2b8b708324d574860ec,detected_or_manifest,295,0,234,248,59a255b9038b37007925fb2fa2254daab8bffd5baa83b05bb9497013d4cf0975,False,False
蘸醬胡渣狗,ROUND_2,2,26,6,投技「有飯一起滾」,蘸醬胡渣狗/ROUND_2/03_投技「有飯一起滾」/26.webp,8bc578f7dacc1bb98161bab324c75820c23e58529c46a2b8b708324d574860ec,detected_or_manifest,498,256,270,228,3f90652e39e764b2922095701a04f74a5048148c52c6fc4cd4f6c9999c568ccd,False,False
蘸醬胡渣狗,ROUND_2,3,31,1,強擊後仰,蘸醬胡渣狗/ROUND_2/04_強擊後仰/31.webp,48999b8ef8d28bcef9f7e57ef1c382b2c6f0f64e1dae73c0b340c18f5c70fbcc,detected_or_manifest,0,0,273,261,e370f9acf9e618046ed3ac375e14a6b6f7c84d654c19426e07fb0128513bdd4f,False,False
蘸醬胡渣狗,ROUND_2,3,34,4,Knockdown Impact,蘸醬胡渣狗/ROUND_2/07_Knockdown_Impact/34.webp,48999b8ef8d28bcef9f7e57ef1c382b2c6f0f64e1dae73c0b340c18f5c70fbcc,detected_or_manifest,0,272,267,241,f90a33358721ef96b0bd0b33f399d346d0bfd020e5351d57c414debc4b238e8e,False,False
蘸醬胡渣狗,ROUND_2,3,35,5,Knockdown Hold,蘸醬胡渣狗/ROUND_2/08_Knockdown_Hold/35.webp,48999b8ef8d28bcef9f7e57ef1c382b2c6f0f64e1dae73c0b340c18f5c70fbcc,detected_or_manifest,256,256,256,256,129c7a2a54bd8dab4870f615418f558703ddd0796550a74b633624e012ebf8a6,False,False
蘸醬胡渣狗,ROUND_2,3,36,6,Soft Knockdown Recovery,蘸醬胡渣狗/ROUND_2/09_Soft_Knockdown_Recovery/36.webp,48999b8ef8d28bcef9f7e57ef1c382b2c6f0f64e1dae73c0b340c18f5c70fbcc,detected_or_manifest,523,284,232,201,b0c166a59dd6f0d65055d5f1e13000dfc0be4947d880eafa5c814e97aaff3225,False,False
蘸醬胡渣狗,ROUND_2,3,38,8,起身後段,蘸醬胡渣狗/ROUND_2/11_起身後段/38.webp,48999b8ef8d28bcef9f7e57ef1c382b2c6f0f64e1dae73c0b340c18f5c70fbcc,detected_or_manifest,278,492,215,275,4cda8f03c4755056a77c5b19f6e57ae139c0ff77213a8e837bb66cc21ded7279,False,False
蘸醬胡渣狗,ROUND_2,4,43,3,Maximum Charge,蘸醬胡渣狗/ROUND_2/15_Maximum_Charge/43.webp,e576922881c0889ad25bf772ac84cfda1bc43349ab95e034bf3249b16ab4eb86,detected_or_manifest,493,13,255,235,c01668c020efc72338504bb0c1103037618c3b0297c85da344ab7d269ddb3b31,False,False
蘸醬胡渣狗,ROUND_2,4,45,5,黏醬飛射,蘸醬胡渣狗/ROUND_2/17_黏醬飛射/45.webp,e576922881c0889ad25bf772ac84cfda1bc43349ab95e034bf3249b16ab4eb86,detected_or_manifest,255,257,285,243,4bfd13ce97c53bb1c592f921ba38ad8ca31af1ceeca779f58d4f219fe20bef2c,False,False
蘸醬胡渣狗,ROUND_2,4,46,6,後座／Recovery,蘸醬胡渣狗/ROUND_2/18_後座_Recovery/46.webp,e576922881c0889ad25bf772ac84cfda1bc43349ab95e034bf3249b16ab4eb86,detected_or_manifest,543,248,221,264,dde659f4001523b36f10638768048280bd0f3536130099e4b8817f7e5ef636d5,False,False
蘸醬胡渣狗,ROUND_2,5,51,1,Lv1「剩醬一甩」,蘸醬胡渣狗/ROUND_2/19_Lv1「剩醬一甩」/51.webp,8cc55bd44c478596bb0abd174e337450957d372bdb1ec0029d62c1b1948353c0,manual,293,224,240,228,5fce5552a6cdc07e05feca8608516ef218eebce733ed8a05d277ed959b8870b2,False,True
蘸醬胡渣狗,ROUND_2,5,52,2,Lv1「剩醬一甩」,蘸醬胡渣狗/ROUND_2/19_Lv1「剩醬一甩」/52.webp,8cc55bd44c478596bb0abd174e337450957d372bdb1ec0029d62c1b1948353c0,manual,255,41,291,186,ebadbf52b61557ea2aba7d6a511ae4d724bf30b487c9a97ba78a29bb68538a21,False,True
蘸醬胡渣狗,ROUND_2,5,53,3,Lv1「剩醬一甩」,蘸醬胡渣狗/ROUND_2/19_Lv1「剩醬一甩」/53.webp,8cc55bd44c478596bb0abd174e337450957d372bdb1ec0029d62c1b1948353c0,manual,516,11,241,235,9e7e8e8ea7303a3f663e49bf42ca488282e2894025aa9485bfec2de3ee957747,False,True
蘸醬胡渣狗,ROUND_2,5,54,4,Lv2「整碗潑出去」,蘸醬胡渣狗/ROUND_2/20_Lv2「整碗潑出去」/54.webp,8cc55bd44c478596bb0abd174e337450957d372bdb1ec0029d62c1b1948353c0,manual,10,232,276,173,059096a6d2671dbf96c503a6821bc0037680b2693c4b3245e589c1360d59aec1,False,True
蘸醬胡渣狗,ROUND_2,5,55,5,Lv2「整碗潑出去」,蘸醬胡渣狗/ROUND_2/20_Lv2「整碗潑出去」/55.webp,8cc55bd44c478596bb0abd174e337450957d372bdb1ec0029d62c1b1948353c0,manual,0,30,319,278,fd366a2a7a64e427bbd0e993f2123b8a3e89f50e420607e298282701184714c8,False,True
蘸醬胡渣狗,ROUND_2,5,56,6,Lv2「整碗潑出去」,蘸醬胡渣狗/ROUND_2/20_Lv2「整碗潑出去」/56.webp,8cc55bd44c478596bb0abd174e337450957d372bdb1ec0029d62c1b1948353c0,manual,545,238,213,216,bd4b9e3479a6b182753f1970211613ec3f77555b147201110eb3c70bd638dd7e,False,True
蘸醬胡渣狗,ROUND_2,5,57,7,Lv3「陳年老醬」,蘸醬胡渣狗/ROUND_2/21_Lv3「陳年老醬」/57.webp,8cc55bd44c478596bb0abd174e337450957d372bdb1ec0029d62c1b1948353c0,manual,0,451,302,230,412af49ceefa94c4da583040e5054a4b65a264a05523a3df7d580c9c69ff722d,False,True
蘸醬胡渣狗,ROUND_2,5,58,8,Lv3「陳年老醬」,蘸醬胡渣狗/ROUND_2/21_Lv3「陳年老醬」/58.webp,8cc55bd44c478596bb0abd174e337450957d372bdb1ec0029d62c1b1948353c0,manual,300,449,255,273,a46cdc53a01e4276a65c3995aad72a3164493dd1702d3cd21c89eaccc890b9c8,False,True
蘸醬胡渣狗,ROUND_2,5,59,9,Lv3「陳年老醬」,蘸醬胡渣狗/ROUND_2/21_Lv3「陳年老醬」/59.webp,8cc55bd44c478596bb0abd174e337450957d372bdb1ec0029d62c1b1948353c0,manual,548,447,219,321,271e69e4cbdfe6594982f3296dd82ac44fd8227f525524697ead1089b090bda0,False,True
蘸醬胡渣狗,ROUND_2,6,62,2,Blink Rush 起跑準備,蘸醬胡渣狗/ROUND_2/23_Blink_Rush_起跑準備/62.webp,964e4f4e92eee8d7a3afa277b34cac6b2415b12a787a0d9c71b73df323d5e293,detected_or_manifest,256,0,256,256,b3c030d6bf147c307e29fbc553225f349a17f92c7fcc559f794c0fe5c8ae85b0,False,False
蘸醬胡渣狗,ROUND_2,6,63,3,Rush Pass 1,蘸醬胡渣狗/ROUND_2/24_Rush_Pass_1/63.webp,964e4f4e92eee8d7a3afa277b34cac6b2415b12a787a0d9c71b73df323d5e293,detected_or_manifest,512,0,256,256,5c689c13f9949618feabe6e2f4c1d13d59a94191069df9290fda6e37968690d3,False,False
蘸醬胡渣狗,ROUND_2,6,64,4,Rush Pass 2,蘸醬胡渣狗/ROUND_2/25_Rush_Pass_2/64.webp,964e4f4e92eee8d7a3afa277b34cac6b2415b12a787a0d9c71b73df323d5e293,detected_or_manifest,0,254,258,228,5f36aa31103f21cb7462465f5189897aa9b9bfd144c5dd85b2bf2f01e1408fc3,False,False
蘸醬胡渣狗,ROUND_2,6,65,5,Rush Pass 3,蘸醬胡渣狗/ROUND_2/26_Rush_Pass_3/65.webp,964e4f4e92eee8d7a3afa277b34cac6b2415b12a787a0d9c71b73df323d5e293,detected_or_manifest,256,256,256,256,e204f63cff16417241abf07072b572f8abbe5134cc74566f84227ea9f2acfad1,False,False
蘸醬胡渣狗,ROUND_2,6,66,6,Rush Pass 4,蘸醬胡渣狗/ROUND_2/27_Rush_Pass_4/66.webp,964e4f4e92eee8d7a3afa277b34cac6b2415b12a787a0d9c71b73df323d5e293,detected_or_manifest,512,256,256,256,879efb73a308fadabffbf44ea29e6dc127f1b412c9ba8ac67e22773137db1791,False,False
蘸醬胡渣狗,ROUND_2,6,67,7,第四次衝刺後煞停,蘸醬胡渣狗/ROUND_2/28_第四次衝刺後煞停/67.webp,964e4f4e92eee8d7a3afa277b34cac6b2415b12a787a0d9c71b73df323d5e293,detected_or_manifest,0,492,253,247,7aeac50f9718d37a081f0d87bd2c6404259d51e43a93eb7834f0493c2ad1007d,False,False
蘸醬胡渣狗,ROUND_2,6,68,8,SAUCE EXPLOSION 蓄爆,蘸醬胡渣狗/ROUND_2/29_SAUCE_EXPLOSION_蓄爆/68.webp,964e4f4e92eee8d7a3afa277b34cac6b2415b12a787a0d9c71b73df323d5e293,detected_or_manifest,256,512,256,256,75ab37be957b4138a5e3bfdc2060d6380b0058c91ebda89c01468d161a0c44af,False,False
蘸醬胡渣狗,ROUND_2,6,69,9,爆炸後座／Ultimate Recovery,蘸醬胡渣狗/ROUND_2/30_爆炸後座_Ultimate_Recovery/69.webp,964e4f4e92eee8d7a3afa277b34cac6b2415b12a787a0d9c71b73df323d5e293,detected_or_manifest,512,512,256,256,21e88d5afb775e620ced2a7ee599628c1c5db96a119f718b71a3a931d93100d3,False,False
蘸醬胡渣狗,ROUND_2,7,71,1,短醬汁路徑預告,蘸醬胡渣狗/ROUND_2/31_短醬汁路徑預告/71.webp,849d80ecd707d51e1d69988ab21418c8ab89ee34cec55ff669a3023553d7ce22,manual,20,51,226,205,113f5c023994c43b529321fbd4eb0ebbacb1f2d9f9e90a64c4939fd07ef21cf2,False,True
蘸醬胡渣狗,ROUND_2,7,72,2,中距離 Rush Warning,蘸醬胡渣狗/ROUND_2/32_中距離_Rush_Warning/72.webp,849d80ecd707d51e1d69988ab21418c8ab89ee34cec55ff669a3023553d7ce22,manual,252,67,258,189,68851e7ba64f0192656b242fe9d0da926292aa0863de3a70edc34cd9bf4a7c15,False,True
蘸醬胡渣狗,ROUND_2,7,73,3,Blink Entry Puff,蘸醬胡渣狗/ROUND_2/33_Blink_Entry_Puff/73.webp,849d80ecd707d51e1d69988ab21418c8ab89ee34cec55ff669a3023553d7ce22,manual,502,48,257,208,859b8456ad439c910a849d33a51107be89bcff02893934a7312cfae1d411e0bc,False,True
蘸醬胡渣狗,ROUND_2,7,74,4,Rush Pass 1 水平軌跡,蘸醬胡渣狗/ROUND_2/34_Rush_Pass_1_水平軌跡/74.webp,849d80ecd707d51e1d69988ab21418c8ab89ee34cec55ff669a3023553d7ce22,detected_or_manifest,0,256,256,256,1d047a01a765e54ebb76a38b33d8b769dda9c0286b97aa70f09ea5098a305ee1,False,False
蘸醬胡渣狗,ROUND_2,7,75,5,後續較高位置 Rush 軌跡,蘸醬胡渣狗/ROUND_2/35_後續較高位置_Rush_軌跡/75.webp,849d80ecd707d51e1d69988ab21418c8ab89ee34cec55ff669a3023553d7ce22,manual,259,256,255,246,d45fd19c207f92ea541a7ef4f3872e5e03f0563ebc9ec2c23a6c56166742a362,False,True
蘸醬胡渣狗,ROUND_2,7,76,6,Pass 3 空中／弧形軌跡,蘸醬胡渣狗/ROUND_2/36_Pass_3_空中_弧形軌跡/76.webp,849d80ecd707d51e1d69988ab21418c8ab89ee34cec55ff669a3023553d7ce22,detected_or_manifest,512,256,256,256,8f0e18f86453beeed87d4b3c40c91f8c62c6cc41acb446c83d24dccc4bf57286,False,False
蘸醬胡渣狗,ROUND_2,7,77,7,Pass 4 最密集 Rush 軌跡,蘸醬胡渣狗/ROUND_2/37_Pass_4_最密集_Rush_軌跡/77.webp,849d80ecd707d51e1d69988ab21418c8ab89ee34cec55ff669a3023553d7ce22,manual,0,492,295,263,3acd09619227a34466aca5162182ec58fac9102522c4f016d71d346662c966bd,False,True
蘸醬胡渣狗,ROUND_2,7,78,8,Blink Exit Residue,蘸醬胡渣狗/ROUND_2/38_Blink_Exit_Residue/78.webp,849d80ecd707d51e1d69988ab21418c8ab89ee34cec55ff669a3023553d7ce22,detected_or_manifest,256,512,256,256,aacb90b1dbe313f43c14cb3cc4b4eb5b4b303566f8d012e4177a965f0e800eb1,False,False
蘸醬胡渣狗,ROUND_2,7,79,9,四段衝刺後殘留醬汁視覺,蘸醬胡渣狗/ROUND_2/39_四段衝刺後殘留醬汁視覺/79.webp,849d80ecd707d51e1d69988ab21418c8ab89ee34cec55ff669a3023553d7ce22,manual,485,492,277,258,4f0f6b1c54ffa1c951db98a4e8fa3b7af7ee3f419acf64c440324b97c201b6e6,False,True
蘸醬胡渣狗,ROUND_2,8,81,1,普通爆炸核心,蘸醬胡渣狗/ROUND_2/40_普通爆炸核心/81.webp,6dcd4d42814f7cb963f83d0530194f7416760937702df43af6ebd9f8c7f5ca6a,manual,1,0,253,234,9f8757f216f9dc445f1c0f0327a47344b8c7ac13a011bd951957f5724c6ba013,False,True
蘸醬胡渣狗,ROUND_2,8,82,2,普通外圈醬汁飛濺,蘸醬胡渣狗/ROUND_2/41_普通外圈醬汁飛濺/82.webp,6dcd4d42814f7cb963f83d0530194f7416760937702df43af6ebd9f8c7f5ca6a,manual,269,6,245,226,21f8208037878856027290331341d3da769d57014df1c499e1eecde408088b52,False,True
蘸醬胡渣狗,ROUND_2,8,83,3,普通爆炸消散,蘸醬胡渣狗/ROUND_2/42_普通爆炸消散/83.webp,6dcd4d42814f7cb963f83d0530194f7416760937702df43af6ebd9f8c7f5ca6a,manual,523,33,234,197,76e6e681da22b24c0f41dfff90d0ba27ebb115f5d8a2a7e2d33832a952b5a198,False,True
蘸醬胡渣狗,ROUND_2,8,84,4,Cashout 強化爆炸核心,蘸醬胡渣狗/ROUND_2/43_Cashout_強化爆炸核心/84.webp,6dcd4d42814f7cb963f83d0530194f7416760937702df43af6ebd9f8c7f5ca6a,manual,0,239,247,258,2f12e5df9bf83da2bbf58a5c3cf985b3248f339959d297a81f74370a91e55c49,False,True
蘸醬胡渣狗,ROUND_2,8,85,5,大型放射狀醬汁爆發,蘸醬胡渣狗/ROUND_2/44_大型放射狀醬汁爆發/85.webp,6dcd4d42814f7cb963f83d0530194f7416760937702df43af6ebd9f8c7f5ca6a,manual,250,229,269,280,8d0e298781541e78c7586b319bef0457841f063929fb6b60a2ce55acee50488a,False,True
蘸醬胡渣狗,ROUND_2,8,86,6,強化 Knockdown 衝擊,蘸醬胡渣狗/ROUND_2/45_強化_Knockdown_衝擊/86.webp,6dcd4d42814f7cb963f83d0530194f7416760937702df43af6ebd9f8c7f5ca6a,manual,516,238,252,261,804b3c2d50d2379e0057e1b6dbf1236f47c0c3a8ac9dd0705f9c1861067c24c0,False,True
蘸醬胡渣狗,ROUND_2,8,87,7,Sticky Consumption Implosion,蘸醬胡渣狗/ROUND_2/46_Sticky_Consumption_Implosion/87.webp,6dcd4d42814f7cb963f83d0530194f7416760937702df43af6ebd9f8c7f5ca6a,manual,0,495,236,250,f89d430e123d6c012c771035a6b129fa876b58108edf717445c33475bb3d3bd3,False,True
蘸醬胡渣狗,ROUND_2,8,88,8,Cashout Detonation Transition,蘸醬胡渣狗/ROUND_2/47_Cashout_Detonation_Transition/88.webp,6dcd4d42814f7cb963f83d0530194f7416760937702df43af6ebd9f8c7f5ca6a,manual,265,513,227,213,1c2bcbd3956b2abae482027f16e807245a824763ab495a9650112864e68e0c8d,False,True
蘸醬胡渣狗,ROUND_2,8,89,9,最終 Sauce Disaster Residue,蘸醬胡渣狗/ROUND_2/48_最終_Sauce_Disaster_Residue/89.webp,6dcd4d42814f7cb963f83d0530194f7416760937702df43af6ebd9f8c7f5ca6a,manual,493,506,274,255,3f4ac3470ba1b41ddb453ee0ff0f928748c558b584d8d870c2774a6e450490bf,False,True
驚嚇小貓,ROUND_1,1,11,1,Panic Idle／緊張待機,驚嚇小貓/ROUND_1/01_Panic_Idle_緊張待機/11.webp,c9be24a813566a2397224adc9c5ae157c7e8722c8e3e00a62ac59a9f5ad74d12,detected_or_manifest,0,13,270,229,c420420a35670f1f6101b538e80abbbc80a60bec5cb81edd1cfef15e4eb2d02b,False,False
驚嚇小貓,ROUND_1,1,12,2,Panic Idle／緊張待機,驚嚇小貓/ROUND_1/01_Panic_Idle_緊張待機/12.webp,c9be24a813566a2397224adc9c5ae157c7e8722c8e3e00a62ac59a9f5ad74d12,manual,274,8,248,240,41059085c67e6d0a4a8890f155308c5698abe4b1f2ddc05263030a4e980d2770,False,True
驚嚇小貓,ROUND_1,1,13,3,Panic Idle／緊張待機,驚嚇小貓/ROUND_1/01_Panic_Idle_緊張待機/13.webp,c9be24a813566a2397224adc9c5ae157c7e8722c8e3e00a62ac59a9f5ad74d12,detected_or_manifest,534,0,234,258,be6fa2ac3c41ee390d472809ceb7ec1c5dfc9cc350aaed6903b473ecf1b7cf02,False,False
驚嚇小貓,ROUND_1,1,14,4,Panic Idle／緊張待機,驚嚇小貓/ROUND_1/01_Panic_Idle_緊張待機/14.webp,c9be24a813566a2397224adc9c5ae157c7e8722c8e3e00a62ac59a9f5ad74d12,manual,21,249,230,255,721ab9fe7befd22611df39c41e85618a2024a8a051012989a936176273f76bba,False,True
驚嚇小貓,ROUND_1,1,15,5,Panic Idle／緊張待機,驚嚇小貓/ROUND_1/01_Panic_Idle_緊張待機/15.webp,c9be24a813566a2397224adc9c5ae157c7e8722c8e3e00a62ac59a9f5ad74d12,detected_or_manifest,256,256,256,256,99afbc9dbf7b75be751d16d6ee35a05149cc7352815191e84a27523818ba3deb,False,False
驚嚇小貓,ROUND_1,1,16,6,Panic Idle／緊張待機,驚嚇小貓/ROUND_1/01_Panic_Idle_緊張待機/16.webp,c9be24a813566a2397224adc9c5ae157c7e8722c8e3e00a62ac59a9f5ad74d12,detected_or_manifest,512,256,256,256,94deda22930b2ffb8e309c22283707369b08f9ea5f7fc7ed1826d408327af5c4,False,False
驚嚇小貓,ROUND_1,2,21,1,前走,驚嚇小貓/ROUND_1/02_前走/21.webp,3db6cd3e96fc040804bdd9e091d44fbf59d30fe0fefcb2be21bde4510e125ddd,manual,0,0,276,239,5dc8d0b684a0b882bcf984e975358ca2a43797f598bb9875d586ac7ba9d80c6a,False,True
驚嚇小貓,ROUND_1,2,22,2,前走,驚嚇小貓/ROUND_1/02_前走/22.webp,3db6cd3e96fc040804bdd9e091d44fbf59d30fe0fefcb2be21bde4510e125ddd,detected_or_manifest,282,0,246,250,efe4386392f1464c19af4095e944d3f14e56209017ec0974f2deec78d2320c90,False,False
驚嚇小貓,ROUND_1,2,23,3,前走,驚嚇小貓/ROUND_1/02_前走/23.webp,3db6cd3e96fc040804bdd9e091d44fbf59d30fe0fefcb2be21bde4510e125ddd,detected_or_manifest,512,0,256,256,951483d06aa038d3b749dbd51d043f56ed13c73be9b5279fef16e3bfb741ba35,False,False
驚嚇小貓,ROUND_1,2,24,4,後走,驚嚇小貓/ROUND_1/03_後走/24.webp,3db6cd3e96fc040804bdd9e091d44fbf59d30fe0fefcb2be21bde4510e125ddd,detected_or_manifest,0,248,265,264,968200c5e1ab93fc6e3af75881b2bf36ec67cfde226bd6fed6940f8c4ec69c28,False,False
驚嚇小貓,ROUND_1,2,25,5,後走,驚嚇小貓/ROUND_1/03_後走/25.webp,3db6cd3e96fc040804bdd9e091d44fbf59d30fe0fefcb2be21bde4510e125ddd,detected_or_manifest,272,252,251,251,62f6ef9d39d8b794278193bf5bcb7e3ccccc7a4e39a07f6b5014f02f5a269c4a,False,False
驚嚇小貓,ROUND_1,3,31,1,蹲下,驚嚇小貓/ROUND_1/04_蹲下/31.webp,3bde944528662120d099d5516c964a50649c8e57d53dce1254924f61b524533f,detected_or_manifest,0,56,258,176,fc659b7def8144f64b62b9481d076fe8af019ae58a3ae53c7f2b57c5ad42ef1a,False,False
驚嚇小貓,ROUND_1,3,32,2,跳躍,驚嚇小貓/ROUND_1/05_跳躍/32.webp,3bde944528662120d099d5516c964a50649c8e57d53dce1254924f61b524533f,detected_or_manifest,256,0,256,256,724ea4493222f7bfb2df51e09ec100114e92a0a22e72a53ea92b4ceca7ce7a5a,False,False
驚嚇小貓,ROUND_1,3,33,3,跳躍,驚嚇小貓/ROUND_1/05_跳躍/33.webp,3bde944528662120d099d5516c964a50649c8e57d53dce1254924f61b524533f,detected_or_manifest,512,0,256,256,75ebf891af9b96b23e6ecf689ff850a14ba4473325105b2218cacb8e1a61f7b6,False,False
驚嚇小貓,ROUND_1,3,34,4,跳躍,驚嚇小貓/ROUND_1/05_跳躍/34.webp,3bde944528662120d099d5516c964a50649c8e57d53dce1254924f61b524533f,detected_or_manifest,0,240,256,272,e1d0a5217f028e3986f27093ab86ccd4060c245d09afab21f451d8a45cc8d1ff,False,False
驚嚇小貓,ROUND_1,3,35,5,跳躍,驚嚇小貓/ROUND_1/05_跳躍/35.webp,3bde944528662120d099d5516c964a50649c8e57d53dce1254924f61b524533f,manual,261,249,249,262,9605560c9fb8c0af7a3bd666fa11871d659aa44cc244c964387bf3083a854f10,False,True
驚嚇小貓,ROUND_1,3,36,6,Landing,驚嚇小貓/ROUND_1/06_Landing/36.webp,3bde944528662120d099d5516c964a50649c8e57d53dce1254924f61b524533f,detected_or_manifest,512,256,256,256,8485067a233fb82c4c83308232a38499b42838bc85dc9dea378dd79cadd17e10,False,False
驚嚇小貓,ROUND_1,4,41,1,輕攻「不要過來拳」,驚嚇小貓/ROUND_1/07_輕攻「不要過來拳」/41.webp,e64052acc7a20d1dab906465f1b7f1865ad26040dec0dd902e48c9048d6b0a92,manual,12,0,246,264,cc25b537b2f3fedf2287a26666af4454239ad3b6b812f1e0572bdcfced283ea4,False,True
驚嚇小貓,ROUND_1,4,42,2,輕攻「不要過來拳」,驚嚇小貓/ROUND_1/07_輕攻「不要過來拳」/42.webp,e64052acc7a20d1dab906465f1b7f1865ad26040dec0dd902e48c9048d6b0a92,detected_or_manifest,256,0,256,256,9bd2d4d7939f3594dc7fa1c596d5b4f5e2004f00de94bf66edb2e9b9b8ea285f,False,False
驚嚇小貓,ROUND_1,4,43,3,輕攻「不要過來拳」,驚嚇小貓/ROUND_1/07_輕攻「不要過來拳」/43.webp,e64052acc7a20d1dab906465f1b7f1865ad26040dec0dd902e48c9048d6b0a92,detected_or_manifest,512,0,256,256,b7c1ad23d8b395da07ab682eda13dbef267e31ed93164d075367f32a497cb653,False,False
驚嚇小貓,ROUND_1,4,44,4,輕攻「不要過來拳」,驚嚇小貓/ROUND_1/07_輕攻「不要過來拳」/44.webp,e64052acc7a20d1dab906465f1b7f1865ad26040dec0dd902e48c9048d6b0a92,detected_or_manifest,0,256,256,256,2611d113a143b797b189d4b67e1ec456240833736fce0e9a0706f9eb25bef2c2,False,False
驚嚇小貓,ROUND_1,4,45,5,輕攻「不要過來拳」,驚嚇小貓/ROUND_1/07_輕攻「不要過來拳」/45.webp,e64052acc7a20d1dab906465f1b7f1865ad26040dec0dd902e48c9048d6b0a92,detected_or_manifest,256,256,256,256,c2ac94267f0c14fd1ce579058571a5ba41d8bc8a67f3c10d4f7e1c4e51ba0d8f,False,False
驚嚇小貓,ROUND_1,4,46,6,輕攻「不要過來拳」,驚嚇小貓/ROUND_1/07_輕攻「不要過來拳」/46.webp,e64052acc7a20d1dab906465f1b7f1865ad26040dec0dd902e48c9048d6b0a92,detected_or_manifest,511,260,257,252,869923f61b1f45eaf6d34eb1a812106a8a6ceb1db81237c002a33237c1e894e1,False,False
驚嚇小貓,ROUND_1,5,51,1,重攻「救命亂抓」,驚嚇小貓/ROUND_1/08_重攻「救命亂抓」/51.webp,5904c4b9de51cfe53a34fadb86d479736983ee42c8619ccae879b2acbc0cf293,detected_or_manifest,0,0,245,248,00bcebd4969cbff6c4d55e052b48c66d6d877cdb342b85f9b4e44c7c9d368606,False,False
驚嚇小貓,ROUND_1,5,52,2,重攻「救命亂抓」,驚嚇小貓/ROUND_1/08_重攻「救命亂抓」/52.webp,5904c4b9de51cfe53a34fadb86d479736983ee42c8619ccae879b2acbc0cf293,detected_or_manifest,256,0,256,256,51666d93d7969957c4f15b6f50dadaf354c6a83c319761d51531a91364c89dc8,False,False
驚嚇小貓,ROUND_1,5,53,3,重攻「救命亂抓」,驚嚇小貓/ROUND_1/08_重攻「救命亂抓」/53.webp,5904c4b9de51cfe53a34fadb86d479736983ee42c8619ccae879b2acbc0cf293,manual,518,0,250,250,27051ce09d5e0c1a952e391e5630cdd457e92bcfb08d03a67319c43811c5f2f5,False,True
驚嚇小貓,ROUND_1,5,54,4,重攻「救命亂抓」,驚嚇小貓/ROUND_1/08_重攻「救命亂抓」/54.webp,5904c4b9de51cfe53a34fadb86d479736983ee42c8619ccae879b2acbc0cf293,detected_or_manifest,0,256,256,256,689a8c1c9f0fd5b78676849a2f114edacf7a765333797c7362b150bac64e155e,False,False
驚嚇小貓,ROUND_1,5,55,5,重攻「救命亂抓」,驚嚇小貓/ROUND_1/08_重攻「救命亂抓」/55.webp,5904c4b9de51cfe53a34fadb86d479736983ee42c8619ccae879b2acbc0cf293,detected_or_manifest,256,256,256,256,a61e465d60c994c942c8d6dcefbb72a1e15e2a8965c6eb1c643be5c63db2124d,False,False
驚嚇小貓,ROUND_1,5,56,6,重攻「救命亂抓」,驚嚇小貓/ROUND_1/08_重攻「救命亂抓」/56.webp,5904c4b9de51cfe53a34fadb86d479736983ee42c8619ccae879b2acbc0cf293,detected_or_manifest,549,259,219,253,6e10f273986e63a6139444e87d7e705e624537d4a9debf2cc29c3213f98932bc,False,False
驚嚇小貓,ROUND_1,6,61,1,下段「尾巴被踩到了！」,驚嚇小貓/ROUND_1/09_下段「尾巴被踩到了！」/61.webp,334707b2b50fbeb587a491ce485aba2619ec2796b27b086fed16c426f2dc21b8,manual,0,35,274,185,9c71e3f6d494057502a0669574e8f609e9d9ad5e0b949ca3c25881308fdfe517,False,True
驚嚇小貓,ROUND_1,6,62,2,下段「尾巴被踩到了！」,驚嚇小貓/ROUND_1/09_下段「尾巴被踩到了！」/62.webp,334707b2b50fbeb587a491ce485aba2619ec2796b27b086fed16c426f2dc21b8,manual,265,49,232,174,81908f9ec47a95ed56e910d8dea3392e0c9df70e581323f1c8661f86a8980330,False,True
驚嚇小貓,ROUND_1,6,64,4,下段「尾巴被踩到了！」,驚嚇小貓/ROUND_1/09_下段「尾巴被踩到了！」/64.webp,334707b2b50fbeb587a491ce485aba2619ec2796b27b086fed16c426f2dc21b8,detected_or_manifest,0,223,280,280,5b08ef1bb6e983423304df327117751fd57ba6399d742b315236b90acb4edde0,False,False
驚嚇小貓,ROUND_1,6,65,5,下段「尾巴被踩到了！」,驚嚇小貓/ROUND_1/09_下段「尾巴被踩到了！」/65.webp,334707b2b50fbeb587a491ce485aba2619ec2796b27b086fed16c426f2dc21b8,detected_or_manifest,272,223,241,283,2e551a7b5c3130ec4409033d8bff7c14d4bbc7c6d4da8a76b2cb5705612120f5,False,False
驚嚇小貓,ROUND_1,7,71,1,空中攻擊「空中炸毛亂抓」,驚嚇小貓/ROUND_1/10_空中攻擊「空中炸毛亂抓」/71.webp,58a4e3fc48e0bd70550c8ca2c67eb75439fb64d8e93dee227523fc9a868b9539,detected_or_manifest,0,0,256,256,7c3ee92127329a1ee41d9304b562a82cc9e120d129928b584b49a4d2f7849567,False,False
驚嚇小貓,ROUND_1,7,72,2,空中攻擊「空中炸毛亂抓」,驚嚇小貓/ROUND_1/10_空中攻擊「空中炸毛亂抓」/72.webp,58a4e3fc48e0bd70550c8ca2c67eb75439fb64d8e93dee227523fc9a868b9539,manual,269,8,240,231,a2dcf1b258dd1fd251ac6ea958ddd169302f715e2f9ac46a7fd1a9592632743e,False,True
驚嚇小貓,ROUND_1,7,73,3,空中攻擊「空中炸毛亂抓」,驚嚇小貓/ROUND_1/10_空中攻擊「空中炸毛亂抓」/73.webp,58a4e3fc48e0bd70550c8ca2c67eb75439fb64d8e93dee227523fc9a868b9539,detected_or_manifest,511,0,257,272,2490e52d755ebe632dece5346d36de6f793b67c3c7a79bbc0a73c7eecc2083b7,False,False
驚嚇小貓,ROUND_1,7,74,4,空中攻擊「空中炸毛亂抓」,驚嚇小貓/ROUND_1/10_空中攻擊「空中炸毛亂抓」/74.webp,58a4e3fc48e0bd70550c8ca2c67eb75439fb64d8e93dee227523fc9a868b9539,detected_or_manifest,0,256,256,256,e5fdf9362d30766bf54739dc8c12c28083c79c6b9470f8d8ae4cbcd7816c4aa4,False,False
驚嚇小貓,ROUND_1,7,75,5,空中攻擊「空中炸毛亂抓」,驚嚇小貓/ROUND_1/10_空中攻擊「空中炸毛亂抓」/75.webp,58a4e3fc48e0bd70550c8ca2c67eb75439fb64d8e93dee227523fc9a868b9539,detected_or_manifest,256,256,256,256,729623b6219536a284a788ea42e80ee057cffd8b135dd14d5f0f36521bb1991a,False,False
驚嚇小貓,ROUND_1,8,81,1,站防,驚嚇小貓/ROUND_1/11_站防/81.webp,d53f601e8d799030c0c704fd84935110b6de37408dda6e6c4f91bdac92bac658,detected_or_manifest,0,16,245,257,7a3bd9cf1b51fd99a425bbc6a4535c8480fc9da5a4ceeb1f024c0419dbe71dbc,False,False
驚嚇小貓,ROUND_1,8,82,2,Standing Guard Impact,驚嚇小貓/ROUND_1/12_Standing_Guard_Impact/82.webp,d53f601e8d799030c0c704fd84935110b6de37408dda6e6c4f91bdac92bac658,detected_or_manifest,255,10,273,274,7a89d907f270b2ac7f2f47c04520e4969bf33e51df576cc3d6e32b170a516b7f,False,False
驚嚇小貓,ROUND_1,8,84,4,蹲防／縮毛球,驚嚇小貓/ROUND_1/14_蹲防_縮毛球/84.webp,d53f601e8d799030c0c704fd84935110b6de37408dda6e6c4f91bdac92bac658,detected_or_manifest,0,279,274,233,60194d421d503a4ceee907180bc7e6508e88d41189acfe626c9f68733454b9fb,False,False
驚嚇小貓,ROUND_1,9,91,1,Light High Hit,驚嚇小貓/ROUND_1/17_Light_High_Hit/91.webp,61b4f1d99815874abc5a90ed34acc079649ddb26d54d6f58552b25498c6ab241,manual,14,0,246,248,dafa53dc18e3998479982ad65dd41f085c318435812068586ad2aaddf394f6eb,False,True
驚嚇小貓,ROUND_1,9,92,2,Light Body Hit,驚嚇小貓/ROUND_1/18_Light_Body_Hit/92.webp,61b4f1d99815874abc5a90ed34acc079649ddb26d54d6f58552b25498c6ab241,detected_or_manifest,256,0,256,256,ce7acc6fb1c4e29814d2af482b9a840dff7272b199ccb6938601690305aee9fe,False,False
驚嚇小貓,ROUND_1,9,93,3,Medium High Hit,驚嚇小貓/ROUND_1/19_Medium_High_Hit/93.webp,61b4f1d99815874abc5a90ed34acc079649ddb26d54d6f58552b25498c6ab241,detected_or_manifest,512,0,256,256,556fff47d1b60d4a5dd69c8a4f242ec2618f378a0fbb241556f52d8c3c707afb,False,False
驚嚇小貓,ROUND_1,9,94,4,Medium Body Hit,驚嚇小貓/ROUND_1/20_Medium_Body_Hit/94.webp,61b4f1d99815874abc5a90ed34acc079649ddb26d54d6f58552b25498c6ab241,detected_or_manifest,0,256,256,256,81de59accbfc43616a383214a6acbcc79d32c6f4351e1988071f38075f3a49f6,False,False
驚嚇小貓,ROUND_1,9,95,5,Low Hit,驚嚇小貓/ROUND_1/21_Low_Hit/95.webp,61b4f1d99815874abc5a90ed34acc079649ddb26d54d6f58552b25498c6ab241,detected_or_manifest,256,256,256,256,7abb838bce167e2454cd03c1239fbab87b670e0d003c2193a7844b41ea44aa7b,False,False
驚嚇小貓,ROUND_1,9,96,6,Heavy Stagger,驚嚇小貓/ROUND_1/22_Heavy_Stagger/96.webp,61b4f1d99815874abc5a90ed34acc079649ddb26d54d6f58552b25498c6ab241,detected_or_manifest,512,256,256,256,c13b5dc575eeab9dbe3308e2ba8e6edbcf32dd47ab522312fa223ad65a1b5edb,False,False
驚嚇小貓,ROUND_1,10,101,1,前衝,驚嚇小貓/ROUND_1/23_前衝/101.webp,27da467b5bdc071c5f0d822fef43149bfcdbad5e288cf696748d8fc9413ee085,manual,0,14,245,245,b1ddaff0d5815540d7e496d6f64cbb06e3f6e37a353983d6e6413d4f1051e428,False,True
驚嚇小貓,ROUND_1,10,102,2,前衝,驚嚇小貓/ROUND_1/23_前衝/102.webp,27da467b5bdc071c5f0d822fef43149bfcdbad5e288cf696748d8fc9413ee085,manual,274,12,233,238,aa448957282d20364b7717c926217d98896d9636404eebd3ef8c7c103de99e81,False,True
驚嚇小貓,ROUND_1,10,103,3,前衝,驚嚇小貓/ROUND_1/23_前衝/103.webp,27da467b5bdc071c5f0d822fef43149bfcdbad5e288cf696748d8fc9413ee085,manual,526,32,242,233,40ef2e73429fc77e21b997362332389414f6d40974e973b752b533e5e475e1a9,False,True
驚嚇小貓,ROUND_1,10,104,4,普通後撤,驚嚇小貓/ROUND_1/24_普通後撤/104.webp,27da467b5bdc071c5f0d822fef43149bfcdbad5e288cf696748d8fc9413ee085,manual,0,269,278,242,62ddc077deebac98e549bdeda1ef3c338f45e996f14b164ffb9c7d4f77840ae2,False,True
驚嚇小貓,ROUND_1,10,105,5,普通後撤,驚嚇小貓/ROUND_1/24_普通後撤/105.webp,27da467b5bdc071c5f0d822fef43149bfcdbad5e288cf696748d8fc9413ee085,manual,264,278,270,197,e486f63edfcddd16785781bf3c4d0713d2754e51992a5952cc790200ac96058b,False,True
驚嚇小貓,ROUND_1,10,106,6,普通後撤,驚嚇小貓/ROUND_1/24_普通後撤/106.webp,27da467b5bdc071c5f0d822fef43149bfcdbad5e288cf696748d8fc9413ee085,manual,497,290,271,200,fcc3d3eb289841ab49dbce8cfa9a245cd392046dba337e2017b0e5cc82f3f2e4,False,True
驚嚇小貓,ROUND_1,10,107,7,Panic Exit 強化後撤,驚嚇小貓/ROUND_1/25_Panic_Exit_強化後撤/107.webp,27da467b5bdc071c5f0d822fef43149bfcdbad5e288cf696748d8fc9413ee085,manual,0,483,216,285,db0a631970c1c65466214f3e2d17570d5e4d1ca6e1904a7768384901afe70116,False,True
驚嚇小貓,ROUND_1,10,108,8,Panic Exit 強化後撤,驚嚇小貓/ROUND_1/25_Panic_Exit_強化後撤/108.webp,27da467b5bdc071c5f0d822fef43149bfcdbad5e288cf696748d8fc9413ee085,manual,252,499,279,249,a3a9d982a175d3edbcf6fc491a4ca265b5fd9642f9371746b3fac92cfeceafa7,False,True
驚嚇小貓,ROUND_1,10,109,9,Panic Exit 強化後撤,驚嚇小貓/ROUND_1/25_Panic_Exit_強化後撤/109.webp,27da467b5bdc071c5f0d822fef43149bfcdbad5e288cf696748d8fc9413ee085,manual,529,492,233,276,684a32f0103a648eff52c1010c0164d7785d72eb7dd6f645f97715bd60b13738,False,True
驚嚇小貓,ROUND_2,1,13,3,投技「啊啊啊不是你！」,驚嚇小貓/ROUND_2/01_投技「啊啊啊不是你！」/13.webp,45b96b443099241ab289a8b1c5459d7dcd6bee876bcfe6dd81c2bfaecb3b3174,detected_or_manifest,514,0,254,276,1fef4901a2b9f2d4c5867fed6a65b76e9ea8e7489a4f8ea92285d99f7f31d8ae,False,False
驚嚇小貓,ROUND_2,2,21,1,Thrown Start,驚嚇小貓/ROUND_2/02_Thrown_Start/21.webp,082cb08e413e79b2082cce260c154c83dfe93d6dfd842afe59835d514d03d62e,manual,0,0,284,336,64b09b9668574429cdfe2660a7bf123b3104d21080fa563cce8d1ed24b9854dd,False,True
驚嚇小貓,ROUND_2,2,22,2,Airborne Tumble,驚嚇小貓/ROUND_2/03_Airborne_Tumble/22.webp,082cb08e413e79b2082cce260c154c83dfe93d6dfd842afe59835d514d03d62e,manual,293,13,209,264,ffda6659fd15319d47ef8e26ed35e0bfef96295ffdf022ef86c114e20dd7ece8,False,True
驚嚇小貓,ROUND_2,2,23,3,Ground Impact,驚嚇小貓/ROUND_2/04_Ground_Impact/23.webp,082cb08e413e79b2082cce260c154c83dfe93d6dfd842afe59835d514d03d62e,manual,511,9,257,274,5456ce636bddb192ab9e640dd7d699d97237f3ed1608b908170cc04b0fddf120,False,True
驚嚇小貓,ROUND_2,2,24,4,Knockdown Hold,驚嚇小貓/ROUND_2/05_Knockdown_Hold/24.webp,082cb08e413e79b2082cce260c154c83dfe93d6dfd842afe59835d514d03d62e,manual,0,337,282,170,ef6a6132844d1be8e5f9594a31853e468eecaa1183882023d14c7220111bbadb,False,True
驚嚇小貓,ROUND_2,2,25,5,Getup Start,驚嚇小貓/ROUND_2/06_Getup_Start/25.webp,082cb08e413e79b2082cce260c154c83dfe93d6dfd842afe59835d514d03d62e,manual,280,312,233,177,8741bd6f9cf230d854dcef00972e039962de6d722c774e0b3edce1934196705c,False,True
驚嚇小貓,ROUND_2,2,26,6,Getup Middle,驚嚇小貓/ROUND_2/07_Getup_Middle/26.webp,082cb08e413e79b2082cce260c154c83dfe93d6dfd842afe59835d514d03d62e,manual,525,284,243,187,1163bf4a97cb11d42f72d6e433cdcc34b3ad3e8956eb7b35bf59df1530e1270d,False,True
驚嚇小貓,ROUND_2,2,27,7,Getup Finish,驚嚇小貓/ROUND_2/08_Getup_Finish/27.webp,082cb08e413e79b2082cce260c154c83dfe93d6dfd842afe59835d514d03d62e,manual,0,510,243,229,cac21affd7c1075d21aaff4020be201eebde3fa307e414e3188a459f85917643,False,True
驚嚇小貓,ROUND_2,2,28,8,KO Collapse,驚嚇小貓/ROUND_2/09_KO_Collapse/28.webp,082cb08e413e79b2082cce260c154c83dfe93d6dfd842afe59835d514d03d62e,manual,270,501,254,267,bd56810ed7cace085d257213866d7f61c5a15ccbaf34404448553fdb1695488c,False,True
驚嚇小貓,ROUND_2,2,29,9,KO Hold,驚嚇小貓/ROUND_2/10_KO_Hold/29.webp,082cb08e413e79b2082cce260c154c83dfe93d6dfd842afe59835d514d03d62e,manual,520,519,242,225,f4c7bcfee77166a4f9174102327f64cf503dca205cbc5005d5cb3ce15ea05dcd,False,True
驚嚇小貓,ROUND_2,3,32,2,Charge Hold,驚嚇小貓/ROUND_2/12_Charge_Hold/32.webp,85593b6bd0d8789f6a16640719f288607e2c871b6c25021c3aba44ff6edde9e6,detected_or_manifest,275,8,249,241,7ee3224f7fa312396131a18475471033fc152abed02771298e3ffbca35f59108,False,False
驚嚇小貓,ROUND_2,3,33,3,Release Anticipation,驚嚇小貓/ROUND_2/13_Release_Anticipation/33.webp,85593b6bd0d8789f6a16640719f288607e2c871b6c25021c3aba44ff6edde9e6,detected_or_manifest,533,0,235,249,d79157d2a108df694a9440c67760083f73f8bb26dec105197dc16a0c6087caa5,False,False
驚嚇小貓,ROUND_2,3,34,4,Panic Rush Active,驚嚇小貓/ROUND_2/14_Panic_Rush_Active/34.webp,85593b6bd0d8789f6a16640719f288607e2c871b6c25021c3aba44ff6edde9e6,detected_or_manifest,0,263,299,210,bfe4706e7bab6d8eb65cf5a094f092b6953980b02cf8527aaacda685e4428028,False,False
驚嚇小貓,ROUND_2,3,35,5,撞到後自己反彈,驚嚇小貓/ROUND_2/15_撞到後自己反彈/35.webp,85593b6bd0d8789f6a16640719f288607e2c871b6c25021c3aba44ff6edde9e6,detected_or_manifest,290,261,260,196,f1c81ef9cb28918ff73b818365b35b08b26abcfaa0ed8d5484c6829691725402,False,False
驚嚇小貓,ROUND_2,3,36,6,Recovery／距離重設,驚嚇小貓/ROUND_2/16_Recovery_距離重設/36.webp,85593b6bd0d8789f6a16640719f288607e2c871b6c25021c3aba44ff6edde9e6,detected_or_manifest,543,273,225,217,2d7fadff651958087808cec82f3014d0ce726d06786c3bfed7b142558a79b825,False,False
驚嚇小貓,ROUND_2,4,41,1,Lv1 Charge Pulse,驚嚇小貓/ROUND_2/17_Lv1_Charge_Pulse/41.webp,bedc22c0c43ffe937e47262d13fbcbf9dbdd83c5ed08972fe2384c477c721dcd,manual,47,91,161,197,c55f6f981ac570487a6aac959bba707cf09a4d739fbf8f02e7f0b944ecbc531f,False,True
驚嚇小貓,ROUND_2,4,42,2,Lv2 Charge Pulse,驚嚇小貓/ROUND_2/18_Lv2_Charge_Pulse/42.webp,bedc22c0c43ffe937e47262d13fbcbf9dbdd83c5ed08972fe2384c477c721dcd,manual,273,65,204,206,f57bac87803ddfbe703519265ea518fad399e7dba76cbcd3642a4f33205a8e84,False,True
驚嚇小貓,ROUND_2,4,43,3,Lv3 Maximum Charge,驚嚇小貓/ROUND_2/19_Lv3_Maximum_Charge/43.webp,bedc22c0c43ffe937e47262d13fbcbf9dbdd83c5ed08972fe2384c477c721dcd,manual,478,15,284,266,12cf8faac9036d2af37793c016d0452160c7f008a1e876f4e73548f0a99f1c50,False,True
驚嚇小貓,ROUND_2,4,44,4,Lv1 Short Rush Streak,驚嚇小貓/ROUND_2/20_Lv1_Short_Rush_Streak/44.webp,bedc22c0c43ffe937e47262d13fbcbf9dbdd83c5ed08972fe2384c477c721dcd,manual,40,322,163,129,b4697747dee53e9282d26b2fd4cc366b90af079e086da10e7dde28ceea9462fd,False,True
驚嚇小貓,ROUND_2,4,45,5,Lv2 Rush Streak,驚嚇小貓/ROUND_2/21_Lv2_Rush_Streak/45.webp,bedc22c0c43ffe937e47262d13fbcbf9dbdd83c5ed08972fe2384c477c721dcd,manual,240,326,212,148,b812a97b8b6f247b7b610002fea505fd260ff7d45a28f2a802e203ee950d1d09,False,True
驚嚇小貓,ROUND_2,4,46,6,Lv3 High-Speed Rush,驚嚇小貓/ROUND_2/22_Lv3_High-Speed_Rush/46.webp,bedc22c0c43ffe937e47262d13fbcbf9dbdd83c5ed08972fe2384c477c721dcd,manual,452,287,316,187,e3967040d9e77266c64190970b60a20b7428bdcd30c36fd8cf312f4a65d1e3f8,False,True
驚嚇小貓,ROUND_2,4,47,7,Lv1 Impact,驚嚇小貓/ROUND_2/23_Lv1_Impact/47.webp,bedc22c0c43ffe937e47262d13fbcbf9dbdd83c5ed08972fe2384c477c721dcd,manual,9,531,185,191,992f9d05c221096e04a78b2fb3662e407c373b7e063b63500d746f5764dcb648,False,True
驚嚇小貓,ROUND_2,4,48,8,Lv2 強 Knockback Shockwave,驚嚇小貓/ROUND_2/24_Lv2_強_Knockback_Shockwave/48.webp,bedc22c0c43ffe937e47262d13fbcbf9dbdd83c5ed08972fe2384c477c721dcd,manual,199,501,249,231,222f3b276763b74eb8d356273d1f97cfbb87884d92c3a95b49ae214f17e1a200,False,True
驚嚇小貓,ROUND_2,5,51,1,突然警報,驚嚇小貓/ROUND_2/26_突然警報/51.webp,37fade563b315adcb433e183de6c8e2e21d97eb5b81b6fbc8d3d01b526768831,detected_or_manifest,0,0,256,256,824adbb3414d4c7c57cf76625818cf315e0d61a253e7f22148df1394cf9fd51f,False,False
驚嚇小貓,ROUND_2,5,52,2,超巨大吸氣,驚嚇小貓/ROUND_2/27_超巨大吸氣/52.webp,37fade563b315adcb433e183de6c8e2e21d97eb5b81b6fbc8d3d01b526768831,detected_or_manifest,256,0,256,256,6ccc27387c3cfe351d54d03c0dfac5d76c154d6db0fd6b6af38dcc5d2b85a5d2,False,False
驚嚇小貓,ROUND_2,5,53,3,開始尖叫,驚嚇小貓/ROUND_2/28_開始尖叫/53.webp,37fade563b315adcb433e183de6c8e2e21d97eb5b81b6fbc8d3d01b526768831,manual,512,0,249,264,d42b0d0448260594a3c4b1d73dc8d48c8878a3a4465173622a9fce93f973e9a6,False,True
驚嚇小貓,ROUND_2,5,54,4,Ultimate Peak Scream,驚嚇小貓/ROUND_2/29_Ultimate_Peak_Scream/54.webp,37fade563b315adcb433e183de6c8e2e21d97eb5b81b6fbc8d3d01b526768831,manual,0,214,286,284,53a10de6e8a15e6cc541a9ac02894e4b5045b3d0ffc39a82afec9fbd4a538e82,False,True
驚嚇小貓,ROUND_2,5,55,5,尖叫後驚恐,驚嚇小貓/ROUND_2/30_尖叫後驚恐/55.webp,37fade563b315adcb433e183de6c8e2e21d97eb5b81b6fbc8d3d01b526768831,manual,276,234,238,243,4a92d95845fc8700dead908e1d80467731050ffe157b0c83abd53ddbf8734595,False,True
驚嚇小貓,ROUND_2,5,56,6,恢復正常操作／哈士奇持續在場,驚嚇小貓/ROUND_2/31_恢復正常操作_哈士奇持續在場/56.webp,37fade563b315adcb433e183de6c8e2e21d97eb5b81b6fbc8d3d01b526768831,manual,518,251,250,249,dfecddc31955328c4c02f351421f892fc829e8998d584ed74360575b5e9d1020,False,True
驚嚇小貓,ROUND_2,6,61,1,Neutral Arrival,驚嚇小貓/ROUND_2/32_Neutral_Arrival/61.webp,e93da7499c021ff17375f57f187a1b7ad4e37dfe619d89af1e9014080d0934c7,manual,0,0,254,276,8e94eec7a5397dcd5c35883052d4bbdc4c03e3142e11a8950e0fcb03c1454b20,False,True
驚嚇小貓,ROUND_2,6,62,2,Chase Start,驚嚇小貓/ROUND_2/33_Chase_Start/62.webp,e93da7499c021ff17375f57f187a1b7ad4e37dfe619d89af1e9014080d0934c7,manual,254,12,244,243,5a5bb84ae63eba203f77edb4737a8fc6c353457eedf4035ed64b1acb276b08be,False,True
驚嚇小貓,ROUND_2,6,63,3,Low Chase Gallop,驚嚇小貓/ROUND_2/34_Low_Chase_Gallop/63.webp,e93da7499c021ff17375f57f187a1b7ad4e37dfe619d89af1e9014080d0934c7,manual,503,24,265,229,d8595c08cf16f87642ae98ad89a614e4af6b9dc9d987e5982e52a26e0a0b641b,False,True
驚嚇小貓,ROUND_2,6,64,4,Chase Passing,驚嚇小貓/ROUND_2/35_Chase_Passing/64.webp,e93da7499c021ff17375f57f187a1b7ad4e37dfe619d89af1e9014080d0934c7,manual,0,283,257,198,b8d7d88ae6f2deca1b82531323df4cc469b04dd7912afd1edd09e0fa559c352a,False,True
驚嚇小貓,ROUND_2,6,65,5,Fast Open-Mouth Sprint,驚嚇小貓/ROUND_2/36_Fast_Open-Mouth_Sprint/65.webp,e93da7499c021ff17375f57f187a1b7ad4e37dfe619d89af1e9014080d0934c7,manual,258,273,251,211,dd27ef1cb1ca2a6a7e32895065e5dc7ed602def7de949f74e4e9dccbd51d0b4f,False,True
驚嚇小貓,ROUND_2,6,66,6,Bark Warning,驚嚇小貓/ROUND_2/37_Bark_Warning/66.webp,e93da7499c021ff17375f57f187a1b7ad4e37dfe619d89af1e9014080d0934c7,manual,508,257,260,236,fb0e922893a243eb209ae1d1ed2e33a4c4d3f5daa69d0e0d8c14e7bef7f7c0ae,False,True
驚嚇小貓,ROUND_2,6,67,7,Target Point／「就是你」警告,驚嚇小貓/ROUND_2/38_Target_Point_「就是你」警告/67.webp,e93da7499c021ff17375f57f187a1b7ad4e37dfe619d89af1e9014080d0934c7,manual,0,484,229,284,aab716e9fb7f54679c876ea1ed29efabd8781676f22394e4b24c5e7c0bbb4b36,False,True
驚嚇小貓,ROUND_2,6,68,8,Tongue-Out Cooldown,驚嚇小貓/ROUND_2/39_Tongue-Out_Cooldown/68.webp,e93da7499c021ff17375f57f187a1b7ad4e37dfe619d89af1e9014080d0934c7,manual,243,482,251,286,75d17c8f35e5a8c457467ababf1d8452cd35cb8b23aba846dafc9a7ec3d3079b,False,True
驚嚇小貓,ROUND_2,6,69,9,Cooldown → Chase Recovery,驚嚇小貓/ROUND_2/40_Cooldown_to_Chase_Recovery/69.webp,e93da7499c021ff17375f57f187a1b7ad4e37dfe619d89af1e9014080d0934c7,manual,502,493,266,256,65073f90aeba1599ed3360c97f44de4d3c61076c9610c8097cd7c4f6d6f379f9,False,True
驚嚇小貓,ROUND_2,7,71,1,Pounce Anticipation,驚嚇小貓/ROUND_2/41_Pounce_Anticipation/71.webp,618e01726e44919f1f9abf38f86af4356dccfa479c75cd3aee3af8fdfe91ed56,manual,0,16,220,231,b2550954bfd99f90444c81885abf424eb7ff1a837d33fc071d3bc35cea2596ee,False,True
驚嚇小貓,ROUND_2,7,72,2,前爪飛撲 Active,驚嚇小貓/ROUND_2/42_前爪飛撲_Active/72.webp,618e01726e44919f1f9abf38f86af4356dccfa479c75cd3aee3af8fdfe91ed56,manual,242,0,300,191,2957192a90d0b8ab292419cf1cde4f9405081ace67a1b989e4660c06ae6b021c,False,True
驚嚇小貓,ROUND_2,7,73,3,Pounce Landing／Recovery,驚嚇小貓/ROUND_2/43_Pounce_Landing_Recovery/73.webp,618e01726e44919f1f9abf38f86af4356dccfa479c75cd3aee3af8fdfe91ed56,manual,549,0,209,244,99360da1fd61dd2cb577d951794d177bf08e4966e2bb5786775fe63018d7e27d,False,True
驚嚇小貓,ROUND_2,7,74,4,Bite Windup,驚嚇小貓/ROUND_2/44_Bite_Windup/74.webp,618e01726e44919f1f9abf38f86af4356dccfa479c75cd3aee3af8fdfe91ed56,manual,0,255,253,231,13826fff8ba8d836879f8de730a327ba50829215f4e48a7b530088b623434fae,False,True
驚嚇小貓,ROUND_2,7,75,5,張嘴飛咬 Active,驚嚇小貓/ROUND_2/45_張嘴飛咬_Active/75.webp,618e01726e44919f1f9abf38f86af4356dccfa479c75cd3aee3af8fdfe91ed56,manual,254,251,265,230,8180c9e0591a7a9fdf5fcf222d773b5a6e33a5d7acfe4975d5f1ae80cc8b2ecd,False,True
驚嚇小貓,ROUND_2,7,76,6,Bite Recovery,驚嚇小貓/ROUND_2/46_Bite_Recovery/76.webp,618e01726e44919f1f9abf38f86af4356dccfa479c75cd3aee3af8fdfe91ed56,manual,531,251,237,230,bcba0f21584a42215dc956bae7182966558c264988b6d71b23e909b4eac8a77d,False,True
驚嚇小貓,ROUND_2,7,77,7,Hit Reaction,驚嚇小貓/ROUND_2/47_Hit_Reaction/77.webp,618e01726e44919f1f9abf38f86af4356dccfa479c75cd3aee3af8fdfe91ed56,manual,0,483,241,285,b03d70d7c0e3e6282d19a1819596a1851018f7c4b86c52deeb27796c761f99c8,False,True
驚嚇小貓,ROUND_2,7,78,8,Heavy Hit／Forced Back,驚嚇小貓/ROUND_2/48_Heavy_Hit_Forced_Back/78.webp,618e01726e44919f1f9abf38f86af4356dccfa479c75cd3aee3af8fdfe91ed56,manual,253,486,266,277,6689430be8c1522ba7724692b94bd8acf9a62e355854be5d8fde29560fc2688c,False,True
驚嚇小貓,ROUND_2,7,79,9,Defeated Disengage／Despawn,驚嚇小貓/ROUND_2/49_Defeated_Disengage_Despawn/79.webp,618e01726e44919f1f9abf38f86af4356dccfa479c75cd3aee3af8fdfe91ed56,manual,517,491,251,267,89433f2e0384f9329e7efae90524cc30403f3ff8cbe6b910cd78e8fcf1760cc6,False,True
驚嚇小貓,ROUND_2,8,81,1,主要 Paw／Bite Impact,驚嚇小貓/ROUND_2/50_主要_Paw_Bite_Impact/81.webp,ec121894781cfa6da40c9869a7233cb728aa1f848feb8292f8244b0077e7ce03,manual,31,27,233,225,12759cda3e52fae7f5fd0ab8b425dd3029dd0277cf76194b4dac395291f3dfcd,False,True
驚嚇小貓,ROUND_2,8,82,2,小型 Contact Impact,驚嚇小貓/ROUND_2/51_小型_Contact_Impact/82.webp,ec121894781cfa6da40c9869a7233cb728aa1f848feb8292f8244b0077e7ce03,manual,315,86,157,126,a093b7372eb700e0fcfdf536b5685217e79ff60158fa8474cf73c7d9e6615f46,False,True
驚嚇小貓,ROUND_2,8,83,3,Heavy Companion Impact,驚嚇小貓/ROUND_2/52_Heavy_Companion_Impact/83.webp,ec121894781cfa6da40c9869a7233cb728aa1f848feb8292f8244b0077e7ce03,manual,489,0,279,271,14b856b4dfadc15f043220de8d8946fc8e662910a952fafb4c4ad2047bc40d9c,False,True
驚嚇小貓,ROUND_2,8,84,4,Horizontal Speed Smear,驚嚇小貓/ROUND_2/53_Horizontal_Speed_Smear/84.webp,ec121894781cfa6da40c9869a7233cb728aa1f848feb8292f8244b0077e7ce03,manual,8,301,251,205,6d97188bfcc93fe420cf37ba4b387dd50a3307d036c4105188b90abfd8746b68,False,True
驚嚇小貓,ROUND_2,8,85,5,Pounce Directional Streak,驚嚇小貓/ROUND_2/54_Pounce_Directional_Streak/85.webp,ec121894781cfa6da40c9869a7233cb728aa1f848feb8292f8244b0077e7ce03,manual,294,262,230,227,5292e2a1e9087cb7f662f9f466d891717e2b77bbe5ce850995fc2147e4254209,False,True
驚嚇小貓,ROUND_2,8,86,6,Bite Lunge Directional Streak,驚嚇小貓/ROUND_2/55_Bite_Lunge_Directional_Streak/86.webp,ec121894781cfa6da40c9869a7233cb728aa1f848feb8292f8244b0077e7ce03,manual,523,288,240,176,bf1c85dfde30856b0bd5578bdedeae2945038e051603625f069a562a6e584ccd,False,True
OK喵老大,ROUND_1,1,11,1,待機,OK喵老大/ROUND_1/01_待機/11.webp,6e290b20a2c171b14f5b7b132d3f958225c7ea4c0d7fbbae530c2f0b893b36c8,manual,0,0,260,266,8adb047f0b1f988275e50c43d75c50d7653bb16dc25491c166f529961f2b56c1,False,True
OK喵老大,ROUND_1,1,13,3,待機,OK喵老大/ROUND_1/01_待機/13.webp,6e290b20a2c171b14f5b7b132d3f958225c7ea4c0d7fbbae530c2f0b893b36c8,manual,527,5,241,252,19fd0694ad7a5bf9e44d68bbb5df90a22397623322d20ca6357a038f2d87f6e8,False,True
OK喵老大,ROUND_1,1,14,4,前走,OK喵老大/ROUND_1/02_前走/14.webp,6e290b20a2c171b14f5b7b132d3f958225c7ea4c0d7fbbae530c2f0b893b36c8,manual,0,287,260,219,134c5bee8cde6de0c4554fac74a89ce02e2934663d96eeebd5d8da3230940688,False,True
OK喵老大,ROUND_1,1,15,5,前走,OK喵老大/ROUND_1/02_前走/15.webp,6e290b20a2c171b14f5b7b132d3f958225c7ea4c0d7fbbae530c2f0b893b36c8,manual,278,272,241,224,4767ae49dd5821a9aa9014f2ff505518d6d58f1a2e9b1be196f4562be3d6642a,False,True
OK喵老大,ROUND_1,1,16,6,前走,OK喵老大/ROUND_1/02_前走/16.webp,6e290b20a2c171b14f5b7b132d3f958225c7ea4c0d7fbbae530c2f0b893b36c8,manual,541,274,227,224,4a10f7d18ba57210674f4bdab53580898d53bae8e6782baf494020f81d0367a9,False,True
OK喵老大,ROUND_1,1,17,7,後走,OK喵老大/ROUND_1/03_後走/17.webp,6e290b20a2c171b14f5b7b132d3f958225c7ea4c0d7fbbae530c2f0b893b36c8,manual,0,481,275,287,c14d8727f7a61d246fd4c900f46d3381d2f88ddb73447227838f54210e99dfae,False,True
OK喵老大,ROUND_1,1,18,8,後走,OK喵老大/ROUND_1/03_後走/18.webp,6e290b20a2c171b14f5b7b132d3f958225c7ea4c0d7fbbae530c2f0b893b36c8,manual,271,509,248,259,0c9ff408cd5d4b5712a9cb336012968566df24048eaefa4e194ed9976bb6bfd7,False,True
OK喵老大,ROUND_1,1,19,9,後走,OK喵老大/ROUND_1/03_後走/19.webp,6e290b20a2c171b14f5b7b132d3f958225c7ea4c0d7fbbae530c2f0b893b36c8,manual,519,521,244,247,69531076d4f9ab0bffd0d179c1034c02e873c7a8a00493dda64fccbb9419ece7,False,True
OK喵老大,ROUND_1,2,21,1,蹲下,OK喵老大/ROUND_1/04_蹲下/21.webp,69de4ea21eb24435156678fe20ab37995bd750be8c73c24ec5567b6123c98363,manual,13,46,258,207,6cf0b9e3daca6a7c4ea3cbc342554e4a8f94d6cc05cb0611317e4f45aec3cf79,False,True
OK喵老大,ROUND_1,2,22,2,跳躍,OK喵老大/ROUND_1/05_跳躍/22.webp,69de4ea21eb24435156678fe20ab37995bd750be8c73c24ec5567b6123c98363,manual,281,8,229,235,8c511aff7d486b77bd6a974cc4ca14cb01068a26c1bad8103b8dd445b57d4595,False,True
OK喵老大,ROUND_1,2,23,3,跳躍,OK喵老大/ROUND_1/05_跳躍/23.webp,69de4ea21eb24435156678fe20ab37995bd750be8c73c24ec5567b6123c98363,manual,516,12,241,226,79e5e79a29481adf0ce30ccc434b7b31931eb2b0e1f2b0c10730763879e0dff0,False,True
OK喵老大,ROUND_1,2,25,5,跳躍,OK喵老大/ROUND_1/05_跳躍/25.webp,69de4ea21eb24435156678fe20ab37995bd750be8c73c24ec5567b6123c98363,detected_or_manifest,256,256,256,256,89b0b3c844380414ced6fbfc27d70d7d9ccf7f8c0c8946695712b630f1fe50a1,False,False
OK喵老大,ROUND_1,2,26,6,落地,OK喵老大/ROUND_1/06_落地/26.webp,69de4ea21eb24435156678fe20ab37995bd750be8c73c24ec5567b6123c98363,manual,521,244,243,251,20c269f48230e118ae2bf6aa861e168fed88800ccc7b69bf864d0edb26b1b75b,False,True
OK喵老大,ROUND_1,3,32,2,前衝,OK喵老大/ROUND_1/07_前衝/32.webp,e451af2f7180dd495d723a60f328cac8105f16397f9ef72d25e8ae115c414832,manual,253,11,281,208,05487e1715a4e0ae89904629b4a652dd02c4eb33f767c0b8583f22b0d7577694,False,True
OK喵老大,ROUND_1,3,33,3,前衝,OK喵老大/ROUND_1/07_前衝/33.webp,e451af2f7180dd495d723a60f328cac8105f16397f9ef72d25e8ae115c414832,manual,551,0,217,227,99cbfc82fa97c2b25af0bc66253c4d9cab66c726d0837ab8137da6b2715cce98,False,True
OK喵老大,ROUND_1,3,34,4,後撤,OK喵老大/ROUND_1/08_後撤/34.webp,e451af2f7180dd495d723a60f328cac8105f16397f9ef72d25e8ae115c414832,manual,0,234,294,261,a3e0dd8ff97ec4ac606d65be539aa4087956b2c30ff11e23fd1d1701cba843ff,False,True
OK喵老大,ROUND_1,3,36,6,後撤,OK喵老大/ROUND_1/08_後撤/36.webp,e451af2f7180dd495d723a60f328cac8105f16397f9ef72d25e8ae115c414832,manual,520,230,248,272,34d5d9c5e4699e5f014b7b39854264d5d57ea254c437ee8a76468bbe074eb8c1,False,True
OK喵老大,ROUND_1,4,41,1,輕攻「OK 指示」,OK喵老大/ROUND_1/09_輕攻「OK_指示」/41.webp,fe9eac36f7ae3fc7e5891fb26163447a3047117a450bf4a758d6a06bd3930328,detected_or_manifest,0,0,256,256,bf132b35e55c6db90ab6171dfc8369d2764820c5c659f29bb07757cc83d8c85c,False,False
OK喵老大,ROUND_1,4,42,2,輕攻「OK 指示」,OK喵老大/ROUND_1/09_輕攻「OK_指示」/42.webp,fe9eac36f7ae3fc7e5891fb26163447a3047117a450bf4a758d6a06bd3930328,detected_or_manifest,256,0,256,256,1ea01fda1db286dd304cdaa02408e98abf60499e4582019087cd055bab577e50,False,False
OK喵老大,ROUND_1,4,43,3,輕攻「OK 指示」,OK喵老大/ROUND_1/09_輕攻「OK_指示」/43.webp,fe9eac36f7ae3fc7e5891fb26163447a3047117a450bf4a758d6a06bd3930328,detected_or_manifest,512,0,256,256,06158abda0caf0cdea28751bae0b8eb96539388a98ccdfddeed3bfb31df191a6,False,False
OK喵老大,ROUND_1,4,44,4,輕攻「OK 指示」,OK喵老大/ROUND_1/09_輕攻「OK_指示」/44.webp,fe9eac36f7ae3fc7e5891fb26163447a3047117a450bf4a758d6a06bd3930328,manual,0,280,281,217,04b10208f28520ede9d49d6e0a89c3bd6e6bb8580a25846db03073a306b8a140,False,True
OK喵老大,ROUND_1,4,45,5,輕攻「OK 指示」,OK喵老大/ROUND_1/09_輕攻「OK_指示」/45.webp,fe9eac36f7ae3fc7e5891fb26163447a3047117a450bf4a758d6a06bd3930328,manual,281,255,234,244,19195d6a164f2c38c75a14d54382b66411e30331059e552b49c4a36e87d49585,False,True
OK喵老大,ROUND_1,4,46,6,輕攻「OK 指示」,OK喵老大/ROUND_1/09_輕攻「OK_指示」/46.webp,fe9eac36f7ae3fc7e5891fb26163447a3047117a450bf4a758d6a06bd3930328,manual,503,264,258,237,1f49628b7ec0646f762800feaae3869389434c41d84e58633f92af963e5b4cd1,False,True
OK喵老大,ROUND_1,5,51,1,重攻「老大上勾」,OK喵老大/ROUND_1/10_重攻「老大上勾」/51.webp,192ed43f6ed5efb138669e0ce84030815e73648a10b0474589206b88e40bf409,manual,0,6,245,206,8c3d08990c3807286891de515ffbc3d3d4ab25d34bc5522520a8dab342027e95,False,True
OK喵老大,ROUND_1,5,52,2,重攻「老大上勾」,OK喵老大/ROUND_1/10_重攻「老大上勾」/52.webp,192ed43f6ed5efb138669e0ce84030815e73648a10b0474589206b88e40bf409,manual,244,9,283,208,a19ea86aa969095f92c08a464e74956ea2bfa7074103ff76d7f78c86c13304bb,False,True
OK喵老大,ROUND_1,5,53,3,重攻「老大上勾」,OK喵老大/ROUND_1/10_重攻「老大上勾」/53.webp,192ed43f6ed5efb138669e0ce84030815e73648a10b0474589206b88e40bf409,manual,534,0,234,226,ce5fd2c261d5b2c50fbe6cc70a9f3da98296b1179a0812fa620422cfeef10197,False,True
OK喵老大,ROUND_1,5,54,4,重攻「老大上勾」,OK喵老大/ROUND_1/10_重攻「老大上勾」/54.webp,192ed43f6ed5efb138669e0ce84030815e73648a10b0474589206b88e40bf409,manual,9,210,282,284,dbb4e585f76bdcf5c59c7609ff74332621490f13f2a42967841bbc56588fd329,False,True
OK喵老大,ROUND_1,5,55,5,重攻「老大上勾」,OK喵老大/ROUND_1/10_重攻「老大上勾」/55.webp,192ed43f6ed5efb138669e0ce84030815e73648a10b0474589206b88e40bf409,manual,285,223,233,272,954750f95b79b398e04d356f19888c365d2370efb548ffaeae43d41bbd3d7fc6,False,True
OK喵老大,ROUND_1,5,56,6,重攻「老大上勾」,OK喵老大/ROUND_1/10_重攻「老大上勾」/56.webp,192ed43f6ed5efb138669e0ce84030815e73648a10b0474589206b88e40bf409,detected_or_manifest,524,231,244,272,a2b5a553c96d4dbc9bdea42be79d4b2b9b1e5f22ba76795b68d2f6cca458d27d,False,False
OK喵老大,ROUND_1,6,61,1,下段「這個不OK」,OK喵老大/ROUND_1/11_下段「這個不OK」/61.webp,0a97fac2b69e05afa9dec8acc4e10efbccdd940529a403c5641bf277a8a6785d,detected_or_manifest,0,0,256,256,9c8dacffba4a948959a5940601a06b630fd9b269a457fb21ed3683c2ddae2210,False,False
OK喵老大,ROUND_1,6,62,2,下段「這個不OK」,OK喵老大/ROUND_1/11_下段「這個不OK」/62.webp,0a97fac2b69e05afa9dec8acc4e10efbccdd940529a403c5641bf277a8a6785d,manual,288,8,226,252,58487bdd74b1bb3ef2ad0b334db7ad9f1c1575d92c7f82e28f166c8f527632ff,False,True
OK喵老大,ROUND_1,6,64,4,下段「這個不OK」,OK喵老大/ROUND_1/11_下段「這個不OK」/64.webp,0a97fac2b69e05afa9dec8acc4e10efbccdd940529a403c5641bf277a8a6785d,manual,0,264,265,224,4f55b35d2cc2164f113af09dafaad8e2a5bd1e6b4fa9fd5fa9fb1cae649230ae,False,True
OK喵老大,ROUND_1,6,65,5,下段「這個不OK」,OK喵老大/ROUND_1/11_下段「這個不OK」/65.webp,0a97fac2b69e05afa9dec8acc4e10efbccdd940529a403c5641bf277a8a6785d,detected_or_manifest,256,256,256,256,9371e1431843f07618cf69fc4a4e0484119b7074be86f5edce687c8360f74f98,False,False
OK喵老大,ROUND_1,6,66,6,下段「這個不OK」,OK喵老大/ROUND_1/11_下段「這個不OK」/66.webp,0a97fac2b69e05afa9dec8acc4e10efbccdd940529a403c5641bf277a8a6785d,manual,533,263,235,249,392be5e07b5f17589b45d3ff15eee2f9360782f78fa05d725d24a0a3b8c29d99,False,True
OK喵老大,ROUND_1,7,71,1,空中攻擊「老大巡場」,OK喵老大/ROUND_1/12_空中攻擊「老大巡場」/71.webp,5b401a46d98f575933681208ad6155b0ee38dd932cc0b3169e4b4e32dde277d7,manual,17,0,213,207,ac4f3f53b6a4dd144b134ac2c6557751709d913bc611780feb61c23f6863de3a,False,True
OK喵老大,ROUND_1,7,72,2,空中攻擊「老大巡場」,OK喵老大/ROUND_1/12_空中攻擊「老大巡場」/72.webp,5b401a46d98f575933681208ad6155b0ee38dd932cc0b3169e4b4e32dde277d7,manual,264,23,208,213,a1dee4e6f845b666365f76df6cc46d00d9f641fd67d29981fa656604b39d4a04,False,True
OK喵老大,ROUND_1,7,73,3,空中攻擊「老大巡場」,OK喵老大/ROUND_1/12_空中攻擊「老大巡場」/73.webp,5b401a46d98f575933681208ad6155b0ee38dd932cc0b3169e4b4e32dde277d7,manual,504,14,255,222,1e612dec4a1816ba91e6f2b3a8302ac5d3e181eb8cabb876d6aedc18bd5be134,False,True
OK喵老大,ROUND_1,7,74,4,空中攻擊「老大巡場」,OK喵老大/ROUND_1/12_空中攻擊「老大巡場」/74.webp,5b401a46d98f575933681208ad6155b0ee38dd932cc0b3169e4b4e32dde277d7,manual,12,221,241,284,2bbe9f5f36c2bb2b53d5486f71abb338a8b200195037f817f8bb7fd3a5ddf305,False,True
OK喵老大,ROUND_1,7,75,5,空中攻擊「老大巡場」,OK喵老大/ROUND_1/12_空中攻擊「老大巡場」/75.webp,5b401a46d98f575933681208ad6155b0ee38dd932cc0b3169e4b4e32dde277d7,manual,276,232,220,264,2e4d420dcfc858e63a68ca4a54388bcacce73240a90b7e24350a185a68fba501,False,True
OK喵老大,ROUND_1,7,76,6,空中攻擊「老大巡場」,OK喵老大/ROUND_1/12_空中攻擊「老大巡場」/76.webp,5b401a46d98f575933681208ad6155b0ee38dd932cc0b3169e4b4e32dde277d7,manual,493,245,275,257,79561a776f7868eec0b95108327780312074c55d83295130f9ba09076facecd3,False,True
OK喵老大,ROUND_1,8,81,1,站防,OK喵老大/ROUND_1/13_站防/81.webp,4e1e4c902192abbafa8a2729174e064e85c905bf9ac4c7f37a478d6c7aa2c66d,manual,0,0,238,262,1af444b30ca2c3e9c6d2fd066dcaa2873cf69a39a3edfd66a38cdab3be075cda,False,True
OK喵老大,ROUND_1,8,82,2,站防硬直,OK喵老大/ROUND_1/14_站防硬直/82.webp,4e1e4c902192abbafa8a2729174e064e85c905bf9ac4c7f37a478d6c7aa2c66d,manual,262,15,260,248,92099e49cd78beb6c777973a5945f591d1e39611b831c8674e1b8c73847bee59,False,True
OK喵老大,ROUND_1,8,83,3,站防恢復,OK喵老大/ROUND_1/15_站防恢復/83.webp,4e1e4c902192abbafa8a2729174e064e85c905bf9ac4c7f37a478d6c7aa2c66d,manual,513,0,255,293,4be1a73e7e86c02221e543f04fe183fd2183444c6875b434b149440566132516,False,True
OK喵老大,ROUND_1,8,84,4,蹲防,OK喵老大/ROUND_1/16_蹲防/84.webp,4e1e4c902192abbafa8a2729174e064e85c905bf9ac4c7f37a478d6c7aa2c66d,manual,15,260,235,232,ed467430c4004b6b536c5c5515ce354c179daec9f39ec16f48089ea6313637b2,False,True
OK喵老大,ROUND_1,8,85,5,蹲防硬直,OK喵老大/ROUND_1/17_蹲防硬直/85.webp,4e1e4c902192abbafa8a2729174e064e85c905bf9ac4c7f37a478d6c7aa2c66d,manual,250,275,265,213,12271e5aefdd2370536771ce64f93009b8774243e25c78faae5d083cc1b31804,False,True
OK喵老大,ROUND_1,8,86,6,蹲防恢復,OK喵老大/ROUND_1/18_蹲防恢復/86.webp,4e1e4c902192abbafa8a2729174e064e85c905bf9ac4c7f37a478d6c7aa2c66d,manual,512,294,256,187,5575975eee33edb81a64892b3673a7bbd3cb428be286fb1017704bfbef09f8d7,False,True
OK喵老大,ROUND_1,8,87,7,上段受擊,OK喵老大/ROUND_1/19_上段受擊/87.webp,4e1e4c902192abbafa8a2729174e064e85c905bf9ac4c7f37a478d6c7aa2c66d,manual,0,480,256,288,154affbfe17e07be5d9c57a645a5214c268f6179eef84f556cbe64b626d3e08b,False,True
OK喵老大,ROUND_1,8,88,8,中段受擊,OK喵老大/ROUND_1/20_中段受擊/88.webp,4e1e4c902192abbafa8a2729174e064e85c905bf9ac4c7f37a478d6c7aa2c66d,manual,261,472,262,296,1eb5c58eb981948efe2839af9116bab6516b66fb044b140a44eefca58eda4397,False,True
OK喵老大,ROUND_1,8,89,9,下段受擊,OK喵老大/ROUND_1/21_下段受擊/89.webp,4e1e4c902192abbafa8a2729174e064e85c905bf9ac4c7f37a478d6c7aa2c66d,manual,530,483,233,285,4dffadcdce846f65efea1536d1703534b2203149bbde03f19884bb8d4380f046,False,True
OK喵老大,ROUND_2,1,11,1,前衝,OK喵老大/ROUND_2/01_前衝/11.webp,bb7ecc36c465e007fc0a35f3c33d52f044dfd2b54d80e0577cf274a378894da4,manual,0,9,268,256,1172755ddbe7771a06754ff41f0a5e4da72b29265133fc0b7f003a4b6b4b49a1,False,True
OK喵老大,ROUND_2,1,13,3,前衝,OK喵老大/ROUND_2/01_前衝/13.webp,bb7ecc36c465e007fc0a35f3c33d52f044dfd2b54d80e0577cf274a378894da4,manual,539,24,229,219,5cff1126517a685dd8cfeb46cf4599cab385b889e1875ba921837d258b0b2894,False,True
OK喵老大,ROUND_2,1,14,4,後撤,OK喵老大/ROUND_2/02_後撤/14.webp,bb7ecc36c465e007fc0a35f3c33d52f044dfd2b54d80e0577cf274a378894da4,manual,6,272,233,225,8f262e690b8393bb19b03708272f122cf419a519c67f44afefea6fafbb83e64c,False,True
OK喵老大,ROUND_2,1,16,6,後撤,OK喵老大/ROUND_2/02_後撤/16.webp,bb7ecc36c465e007fc0a35f3c33d52f044dfd2b54d80e0577cf274a378894da4,manual,505,258,262,236,38f2cc4176534e241a847256f4cfb4eaffeba04046eca1a2ac58d279813d1967,False,True
OK喵老大,ROUND_2,2,21,1,投技「過來談一下」,OK喵老大/ROUND_2/03_投技「過來談一下」/21.webp,4bb8f36bfa102100b2bb790b6490a7b0238d8e00fdd168c0696ebb7cb38667bf,manual,0,19,266,233,d7459173730ccd149b4f5f538ec28ecb47e438795999836d1248561badb8882e,False,True
OK喵老大,ROUND_2,2,22,2,投技「過來談一下」,OK喵老大/ROUND_2/03_投技「過來談一下」/22.webp,4bb8f36bfa102100b2bb790b6490a7b0238d8e00fdd168c0696ebb7cb38667bf,manual,279,40,264,210,51737ea3fdf1334c0a1a0268ad1f88bc50c629aadb383994696e6afafa36b1bf,False,True
OK喵老大,ROUND_2,2,23,3,投技「過來談一下」,OK喵老大/ROUND_2/03_投技「過來談一下」/23.webp,4bb8f36bfa102100b2bb790b6490a7b0238d8e00fdd168c0696ebb7cb38667bf,manual,543,33,225,228,62d210404bf083cd532aa9d11d0e8953013958d84742cb0449d8489abc40cc3c,False,True
OK喵老大,ROUND_2,2,24,4,投技「過來談一下」,OK喵老大/ROUND_2/03_投技「過來談一下」/24.webp,4bb8f36bfa102100b2bb790b6490a7b0238d8e00fdd168c0696ebb7cb38667bf,manual,0,266,248,227,0a279ab3276153d32bf1fa6c91d26b08d314e354eb7c6dce59da2004fe445d03,False,True
OK喵老大,ROUND_2,2,25,5,投技「過來談一下」,OK喵老大/ROUND_2/03_投技「過來談一下」/25.webp,4bb8f36bfa102100b2bb790b6490a7b0238d8e00fdd168c0696ebb7cb38667bf,manual,254,259,293,227,1acc2c903ac34a2b3c386cb55a35f408d4723bd0227715446b76fc83a2cd8655,False,True
OK喵老大,ROUND_2,2,26,6,投技「過來談一下」,OK喵老大/ROUND_2/03_投技「過來談一下」/26.webp,4bb8f36bfa102100b2bb790b6490a7b0238d8e00fdd168c0696ebb7cb38667bf,manual,542,248,221,259,9078a9d6912fba38867f536885c08271e5cc993c34bf91cfb5036d53f570e29d,False,True
OK喵老大,ROUND_2,3,31,1,上段受擊,OK喵老大/ROUND_2/04_上段受擊/31.webp,a70f9e5482bb2c37b60316eb2d0af9290c599f113ae989045452c41c65d44b9d,manual,0,0,271,271,b742936419ce30cf89258bd0482032e13a8bea32d75fc7304e56537445651d01,False,True
OK喵老大,ROUND_2,3,32,2,下段受擊,OK喵老大/ROUND_2/05_下段受擊/32.webp,a70f9e5482bb2c37b60316eb2d0af9290c599f113ae989045452c41c65d44b9d,detected_or_manifest,256,0,256,256,aacdd3737de39aaa135916465f73cbd1ed0f54156b58a96bd966bb9f483f41e5,False,False
OK喵老大,ROUND_2,3,33,3,Heavy Counter Hit 大後仰,OK喵老大/ROUND_2/06_Heavy_Counter_Hit_大後仰/33.webp,a70f9e5482bb2c37b60316eb2d0af9290c599f113ae989045452c41c65d44b9d,manual,529,0,238,300,5edc0ce2d9e74554eaa39407b3dcc0131f13067ec586df341591907cdc7156df,False,True
OK喵老大,ROUND_2,3,34,4,被摔空中,OK喵老大/ROUND_2/07_被摔空中/34.webp,a70f9e5482bb2c37b60316eb2d0af9290c599f113ae989045452c41c65d44b9d,manual,0,261,248,217,93d04521c73dc60f7406d90e266068caf2102c2437842d8c89adb86f39cc1baa,False,True
OK喵老大,ROUND_2,3,35,5,倒地撞擊,OK喵老大/ROUND_2/08_倒地撞擊/35.webp,a70f9e5482bb2c37b60316eb2d0af9290c599f113ae989045452c41c65d44b9d,manual,249,277,266,198,b3cff85e31577d37ab50aab93fed68fdee769812ce3d3bf827b98fcf0a64b8d3,False,True
OK喵老大,ROUND_2,3,36,6,倒地 Hold,OK喵老大/ROUND_2/09_倒地_Hold/36.webp,a70f9e5482bb2c37b60316eb2d0af9290c599f113ae989045452c41c65d44b9d,manual,516,296,252,264,f53e24b5068ce3a7b5ccf10a62f51b2fcb437fb72d84dc68f7290c71f5a12a5f,False,True
OK喵老大,ROUND_2,3,37,7,起身前段,OK喵老大/ROUND_2/10_起身前段/37.webp,a70f9e5482bb2c37b60316eb2d0af9290c599f113ae989045452c41c65d44b9d,manual,0,482,269,279,19eb255300b3339c20d69834915127626cd17670a7c0e41d4978aeed9c7bba86,False,True
OK喵老大,ROUND_2,3,38,8,起身後段,OK喵老大/ROUND_2/11_起身後段/38.webp,a70f9e5482bb2c37b60316eb2d0af9290c599f113ae989045452c41c65d44b9d,manual,253,489,248,264,0185c27b0b070d5f431f08a4f9e1fb99d4aeec6071937f8fdaee37b35befb9c7,False,True
OK喵老大,ROUND_2,3,39,9,KO,OK喵老大/ROUND_2/12_KO/39.webp,a70f9e5482bb2c37b60316eb2d0af9290c599f113ae989045452c41c65d44b9d,detected_or_manifest,512,512,256,256,0f0cab54c66b70bf8bada816852e2635083b042021b2ba3dd25b2ec02cdcbd81,False,False
OK喵老大,ROUND_2,4,41,1,開始蓄力,OK喵老大/ROUND_2/13_開始蓄力/41.webp,36f17edcf26a21fa048865ffeaca6f1afb59d39832eef43199291c7668960549,manual,0,15,239,249,31b317b6838a3ef017684b97828db9ec5da528aff9a80eeadd65befd5cbd3ee6,False,True
OK喵老大,ROUND_2,4,42,2,蓄力維持,OK喵老大/ROUND_2/14_蓄力維持/42.webp,36f17edcf26a21fa048865ffeaca6f1afb59d39832eef43199291c7668960549,manual,244,21,249,247,f374a65f238a0f6a0b43058758654cf446cba31b59a677701edbb4825f6e1bae,False,True
OK喵老大,ROUND_2,4,43,3,最大蓄力,OK喵老大/ROUND_2/15_最大蓄力/43.webp,36f17edcf26a21fa048865ffeaca6f1afb59d39832eef43199291c7668960549,manual,505,9,255,247,e6796aa11de793f614e7d6df75fe3ddfe740ce22fb927858f142bdde78d95a07,False,True
OK喵老大,ROUND_2,4,44,4,放招準備,OK喵老大/ROUND_2/16_放招準備/44.webp,36f17edcf26a21fa048865ffeaca6f1afb59d39832eef43199291c7668960549,manual,10,287,251,168,f446e687c218537ca4594615ef132edf4808a2bdf5dad47061efd827d5a0eb75,False,True
OK喵老大,ROUND_2,4,45,5,判決波發射,OK喵老大/ROUND_2/17_判決波發射/45.webp,36f17edcf26a21fa048865ffeaca6f1afb59d39832eef43199291c7668960549,manual,254,262,263,217,e31417b2358bb20f839a5c243c7052e3cf31f9bb16a7ed066c8313c04d707738,False,True
OK喵老大,ROUND_2,4,46,6,後座／收招,OK喵老大/ROUND_2/18_後座_收招/46.webp,36f17edcf26a21fa048865ffeaca6f1afb59d39832eef43199291c7668960549,manual,517,252,245,239,c1d7dbd321de0e30b368cd39b61e6673c9f37b669a2fadb497a863d6322294ae,False,True
OK喵老大,ROUND_2,5,51,1,判決波蓄力核心,OK喵老大/ROUND_2/19_判決波蓄力核心/51.webp,f6fe1bbb788d7d5db1b1d29dab4444e9b77da8f54a549ee78102f7180558eef2,manual,23,26,202,224,c27f211014e83af057f993b3be3983bf618be77a0adf03a508ec97c2b2fb181d,False,True
OK喵老大,ROUND_2,5,52,2,Lv1「OK」,OK喵老大/ROUND_2/20_Lv1「OK」/52.webp,f6fe1bbb788d7d5db1b1d29dab4444e9b77da8f54a549ee78102f7180558eef2,manual,279,41,218,170,8411a2faa6a8b4a8dc841a96cf65216e85d4466d137849eeed837c04be78c116,False,True
OK喵老大,ROUND_2,5,53,3,Lv1「OK」,OK喵老大/ROUND_2/20_Lv1「OK」/53.webp,f6fe1bbb788d7d5db1b1d29dab4444e9b77da8f54a549ee78102f7180558eef2,manual,516,43,223,202,d77ce89f9ac3f160db08b12e6114cc3f1835bc184ccb9db4fe88c8f4590a565a,False,True
OK喵老大,ROUND_2,5,54,4,Lv2「你確定？」,OK喵老大/ROUND_2/21_Lv2「你確定？」/54.webp,f6fe1bbb788d7d5db1b1d29dab4444e9b77da8f54a549ee78102f7180558eef2,manual,0,260,252,221,bf0dc61f3a5256f1b88933c878d5deac7372a8059e3e07820167516a4a18eb47,False,True
OK喵老大,ROUND_2,5,55,5,Lv2「你確定？」,OK喵老大/ROUND_2/21_Lv2「你確定？」/55.webp,f6fe1bbb788d7d5db1b1d29dab4444e9b77da8f54a549ee78102f7180558eef2,manual,0,478,256,285,507951f381035df0a9a4c5b3b3f94c1cbaf287f399e39ee2efee6a837aa010e9,False,True
OK喵老大,ROUND_2,5,56,6,Lv2「你確定？」,OK喵老大/ROUND_2/21_Lv2「你確定？」/56.webp,f6fe1bbb788d7d5db1b1d29dab4444e9b77da8f54a549ee78102f7180558eef2,manual,519,234,249,261,91d619a65c6101b4fa72277f27f0eb914886260e8d74711b3a330b69557f68cf,False,True
OK喵老大,ROUND_2,5,57,7,Lv3「這不OK」,OK喵老大/ROUND_2/22_Lv3「這不OK」/57.webp,f6fe1bbb788d7d5db1b1d29dab4444e9b77da8f54a549ee78102f7180558eef2,manual,254,284,258,176,0feffa0b5619ee4f7c686b8e03937d47244ba92788bb156d8277034cd6181927,False,True
OK喵老大,ROUND_2,5,58,8,Lv3「這不OK」,OK喵老大/ROUND_2/22_Lv3「這不OK」/58.webp,f6fe1bbb788d7d5db1b1d29dab4444e9b77da8f54a549ee78102f7180558eef2,manual,263,503,259,211,1829781ecc9844ac7d7692f8b2bde704d4c99015c25eff1b02e93ec1dddf3d7e,False,True
OK喵老大,ROUND_2,5,59,9,Lv3「這不OK」,OK喵老大/ROUND_2/22_Lv3「這不OK」/59.webp,f6fe1bbb788d7d5db1b1d29dab4444e9b77da8f54a549ee78102f7180558eef2,manual,512,488,255,280,4a49c84f1e1be6308c2df4c037f7f4ead2cc39b0da3f19ed6b06ee4b26b46cd8,False,True
OK喵老大,ROUND_2,6,61,1,Capture Ultimate 發動,OK喵老大/ROUND_2/23_Capture_Ultimate_發動/61.webp,9623da18fc179c5bf9af0fef8516d56c2444f4ba8be48f7b1ce7adee26a34220,replacement_grid,0,0,418,418,b986a89d07b88c001dbda7fd68a54ca87c1071b7790f922ef0d5f4bfafcd895e,True,False
OK喵老大,ROUND_2,6,62,2,向前抓取判定,OK喵老大/ROUND_2/24_向前抓取判定/62.webp,9623da18fc179c5bf9af0fef8516d56c2444f4ba8be48f7b1ce7adee26a34220,manual,418,0,418,418,1a042cba01482b071925a59bc14e2ed536aec5430c1db373604af3e83497407d,True,True
OK喵老大,ROUND_2,6,63,3,抓空 Whiff,OK喵老大/ROUND_2/25_抓空_Whiff/63.webp,9623da18fc179c5bf9af0fef8516d56c2444f4ba8be48f7b1ce7adee26a34220,replacement_grid,836,0,418,418,1abb0985ab8296572913aee0e3ccb182e6e40f7d06d601cc2b3f9133d6d81c4a,True,False
OK喵老大,ROUND_2,6,64,4,超大破綻收招,OK喵老大/ROUND_2/26_超大破綻收招/64.webp,9623da18fc179c5bf9af0fef8516d56c2444f4ba8be48f7b1ce7adee26a34220,replacement_grid,0,418,418,418,56e4011fb9989955b82e8a75a2fad6fabf6d2d3b9c9173a3070ae0eaf35f0857,True,False
OK喵老大,ROUND_2,6,65,5,成功抓到／老大確認,OK喵老大/ROUND_2/27_成功抓到_老大確認/65.webp,9623da18fc179c5bf9af0fef8516d56c2444f4ba8be48f7b1ce7adee26a34220,replacement_grid,418,418,418,418,ae0c47f49dd275129b38ac4b8ec3946669ca79652a5ea1679d9451bbe5c6f28a,True,False
OK喵老大,ROUND_2,6,66,6,老大慢慢走向對手,OK喵老大/ROUND_2/28_老大慢慢走向對手/66.webp,9623da18fc179c5bf9af0fef8516d56c2444f4ba8be48f7b1ce7adee26a34220,replacement_grid,836,418,418,418,fd291d1866c76a82a5e3b2a61deac6c6470516edf0892a620927ede99e8eef64,True,False
OK喵老大,ROUND_2,6,67,7,拿出重機槍,OK喵老大/ROUND_2/29_拿出重機槍/67.webp,9623da18fc179c5bf9af0fef8516d56c2444f4ba8be48f7b1ce7adee26a34220,replacement_grid,0,836,418,418,cb60c96de24910fc929f226d7276eace98cb52f32dce7ee9b23bdb3a966f9aa5,True,False
OK喵老大,ROUND_2,6,68,8,持續機槍掃射,OK喵老大/ROUND_2/30_持續機槍掃射/68.webp,9623da18fc179c5bf9af0fef8516d56c2444f4ba8be48f7b1ce7adee26a34220,replacement_grid,418,836,418,418,f02be284137725b1c387672f17fc7e0670d59c9035c2b2490013da0200e56df6,True,False
OK喵老大,ROUND_2,6,69,9,最後重火力爆發／後座,OK喵老大/ROUND_2/31_最後重火力爆發_後座/69.webp,9623da18fc179c5bf9af0fef8516d56c2444f4ba8be48f7b1ce7adee26a34220,replacement_grid,836,836,418,418,41e325e30daff40b7eb4c53e781f9211ab77f3f579e27880ff4b621db4dac507,True,False
OK喵老大,ROUND_2,7,71,1,小弟 A 衝入準備,OK喵老大/ROUND_2/32_小弟_A_衝入準備/71.webp,eff28bb053aa62a031656ceeba561f56c8cce035e464c0f292d2a9945a1518e7,manual,9,21,221,230,613b05eb88b88815999b4e7864ac1c89bd33b24f54b2cff721f8f56281697244,False,True
OK喵老大,ROUND_2,7,72,2,高速衝入,OK喵老大/ROUND_2/33_高速衝入/72.webp,eff28bb053aa62a031656ceeba561f56c8cce035e464c0f292d2a9945a1518e7,manual,269,38,248,220,5b7929f4813cf0221dfbaccd0065b8f81b91cf272f0b3c3bab08c9b0e81b7154,False,True
OK喵老大,ROUND_2,7,74,4,鎖住上半身,OK喵老大/ROUND_2/35_鎖住上半身/74.webp,eff28bb053aa62a031656ceeba561f56c8cce035e464c0f292d2a9945a1518e7,manual,0,221,242,287,9138a9f41701ac938f9d3cb7ba4851a38f290ca9d8165c90301693c2ba2e48d8,False,True
OK喵老大,ROUND_2,7,75,5,持續壓制,OK喵老大/ROUND_2/36_持續壓制/75.webp,eff28bb053aa62a031656ceeba561f56c8cce035e464c0f292d2a9945a1518e7,detected_or_manifest,256,256,256,256,7cff9378be166533988e8b69a75923e8503f6d9e0620596c23a5c84990733f21,False,False
OK喵老大,ROUND_2,8,81,1,小弟 B 衝入,OK喵老大/ROUND_2/38_小弟_B_衝入/81.webp,7db42445ed70abee9dc524b289158012c61decbdd5b78f19104414d3f018008f,detected_or_manifest,0,49,285,197,92cd776eacc3da78800a535880be92f6b0ca7312e5be2b45edcb32dd92b9066c,False,False
OK喵老大,ROUND_2,9,91,1,重機槍本體素材,OK喵老大/ROUND_2/44_重機槍本體素材/91.webp,1c8d638f6bdcea9e54faf13ea4654bfaf7034f9f19f7d9a61df5d731e538102b,manual,0,9,270,288,6e0ca866214e692f0b9e22dc05f0d32aa9cd6003f0f08b5a40b271ac6af2d550,False,True
OK喵老大,ROUND_2,9,92,2,槍口火光,OK喵老大/ROUND_2/45_槍口火光/92.webp,1c8d638f6bdcea9e54faf13ea4654bfaf7034f9f19f7d9a61df5d731e538102b,manual,277,0,240,262,b169de95c62beea124aa29c1c5eaa4982ec57594849d305c351ea560510777b9,False,True
OK喵老大,ROUND_2,9,93,3,持續掃射槍口火焰,OK喵老大/ROUND_2/46_持續掃射槍口火焰/93.webp,1c8d638f6bdcea9e54faf13ea4654bfaf7034f9f19f7d9a61df5d731e538102b,manual,515,10,253,248,72a802db22db02e4f1302df4f2e045293e6df47d9990be3d24ddb63305bf8784,False,True
OK喵老大,ROUND_2,9,94,4,子彈曳光群,OK喵老大/ROUND_2/47_子彈曳光群/94.webp,1c8d638f6bdcea9e54faf13ea4654bfaf7034f9f19f7d9a61df5d731e538102b,manual,24,246,244,225,7e9d012374d43c4505e5c38b278be2fb277130d867e81101ac23af5bd7705848,False,True
OK喵老大,ROUND_2,9,95,5,密集自動射擊彈道,OK喵老大/ROUND_2/48_密集自動射擊彈道/95.webp,1c8d638f6bdcea9e54faf13ea4654bfaf7034f9f19f7d9a61df5d731e538102b,manual,255,238,262,263,06faa83ad62c75322b1d680bcef256344330b07a62bff07d7caf70ecd79c2315,False,True
OK喵老大,ROUND_2,9,96,6,子彈命中火花,OK喵老大/ROUND_2/49_子彈命中火花/96.webp,1c8d638f6bdcea9e54faf13ea4654bfaf7034f9f19f7d9a61df5d731e538102b,manual,526,252,225,214,100dc498d8750de80d14b75b795f27e6d9d8ff8214eb66682f4e8c960fe8b93a,False,True
OK喵老大,ROUND_2,9,97,7,持續命中煙霧／火花,OK喵老大/ROUND_2/50_持續命中煙霧_火花/97.webp,1c8d638f6bdcea9e54faf13ea4654bfaf7034f9f19f7d9a61df5d731e538102b,manual,0,489,262,279,210a0e951a53b4650c57c26acc68e4c978a5604b1da1034d17271679e2998042,False,True
OK喵老大,ROUND_2,9,98,8,處決階段大型命中爆發,OK喵老大/ROUND_2/51_處決階段大型命中爆發/98.webp,1c8d638f6bdcea9e54faf13ea4654bfaf7034f9f19f7d9a61df5d731e538102b,manual,238,480,287,288,9df6c5e368d30b04d5df438dc8f93df923c28fbf833b8c20edf2409b6453d960,False,True
OK喵老大,ROUND_2,9,99,9,FINAL LAUNCH IMPACT,OK喵老大/ROUND_2/52_FINAL_LAUNCH_IMPACT/99.webp,1c8d638f6bdcea9e54faf13ea4654bfaf7034f9f19f7d9a61df5d731e538102b,manual,521,485,247,283,6a02e4525d183f7876211d0fc75cbd2fd9c25d9299ec5613077d806799cc29dc,False,True
牛來,ROUND_1,1,11,1,待機 Courage Lv0「膽小」,牛來/ROUND_1/01_待機_Courage_Lv0「膽小」/11.webp,39f1516971db55fc3ca3cb2aebb668d1d1f61e27d89f67d7729e317d26060d3d,manual,10,0,242,265,e61d3cec3ba7d87d48bcca9d34374affb9c9f278f615cfce5f45ae24b7109cd3,False,True
牛來,ROUND_1,1,12,2,待機 Courage Lv3「夢的勇士」,牛來/ROUND_1/02_待機_Courage_Lv3「夢的勇士」/12.webp,39f1516971db55fc3ca3cb2aebb668d1d1f61e27d89f67d7729e317d26060d3d,manual,269,0,278,258,f9d6b42faf5083dc42fc69e1e59ddc61bec56db4f0e7c924c7567c0b44d692fa,False,True
牛來,ROUND_1,1,13,3,前走 Lv0–1,牛來/ROUND_1/03_前走_Lv0–1/13.webp,39f1516971db55fc3ca3cb2aebb668d1d1f61e27d89f67d7729e317d26060d3d,detected_or_manifest,512,0,256,256,e4e5b1e1d7268a123cffe4aaaf9dc43733655ef5453b7dc28a91c38e4e6cef8b,False,False
牛來,ROUND_1,1,14,4,前走 Lv0–1,牛來/ROUND_1/03_前走_Lv0–1/14.webp,39f1516971db55fc3ca3cb2aebb668d1d1f61e27d89f67d7729e317d26060d3d,manual,62,259,165,245,5ba968c24fb71d0f11db7addf2433ce9b9ab8330a2598906c9078824f94d0e89,False,True
牛來,ROUND_1,1,15,5,強化前走 Lv2–3,牛來/ROUND_1/04_強化前走_Lv2–3/15.webp,39f1516971db55fc3ca3cb2aebb668d1d1f61e27d89f67d7729e317d26060d3d,manual,300,260,202,241,5d078a744423f62571005d67c616495a8c634666386fbbfe9b0b425d40c8b742,False,True
牛來,ROUND_1,1,16,6,強化前走 Lv2–3,牛來/ROUND_1/04_強化前走_Lv2–3/16.webp,39f1516971db55fc3ca3cb2aebb668d1d1f61e27d89f67d7729e317d26060d3d,manual,540,255,228,243,6a1cba6558a253a9286626c943c221eb60fb625a44480ba39cec3fba02e64d17,False,True
牛來,ROUND_1,1,17,7,後走,牛來/ROUND_1/05_後走/17.webp,39f1516971db55fc3ca3cb2aebb668d1d1f61e27d89f67d7729e317d26060d3d,manual,9,508,256,260,36836d252cd99f35fd04216ac213e8671e73210b1630c064d1c1e1dc2d736e4d,False,True
牛來,ROUND_1,1,18,8,後走,牛來/ROUND_1/05_後走/18.webp,39f1516971db55fc3ca3cb2aebb668d1d1f61e27d89f67d7729e317d26060d3d,manual,267,502,255,266,d5d1f4186a304ba5fc15ed89bf8e081785c3b9733e1fa4139ac80867633b6d1e,False,True
牛來,ROUND_1,1,19,9,蹲下,牛來/ROUND_1/06_蹲下/19.webp,39f1516971db55fc3ca3cb2aebb668d1d1f61e27d89f67d7729e317d26060d3d,detected_or_manifest,512,512,256,256,ab1b7cb6080277d8b36b6a4ce466bcc28ccabba40e3e877a26f7c99bfafa5d79,False,False
牛來,ROUND_1,2,21,1,跳躍,牛來/ROUND_1/07_跳躍/21.webp,1dc03d53f27c2dba89690827bc8da89ad0783d884e88717ba3ed0fdd8e22a5fd,detected_or_manifest,0,0,286,265,155e2086605b246e789b0ba682ffb99f6a3fb109400712abf8ac7abde5d33f05,False,False
牛來,ROUND_1,2,22,2,跳躍,牛來/ROUND_1/07_跳躍/22.webp,1dc03d53f27c2dba89690827bc8da89ad0783d884e88717ba3ed0fdd8e22a5fd,detected_or_manifest,278,0,253,260,e429669868ddeecc542fff882b63a95f403d104ecb69dac7573846642a655403,False,False
牛來,ROUND_1,2,23,3,落地,牛來/ROUND_1/08_落地/23.webp,1dc03d53f27c2dba89690827bc8da89ad0783d884e88717ba3ed0fdd8e22a5fd,detected_or_manifest,530,26,238,254,e7aba17c8be0a54d3ac2ea228025f6ef11da836a931044591461bcfba6c3ae53,False,False
牛來,ROUND_1,2,25,5,前衝,牛來/ROUND_1/09_前衝/25.webp,1dc03d53f27c2dba89690827bc8da89ad0783d884e88717ba3ed0fdd8e22a5fd,detected_or_manifest,256,256,256,256,14d5adda3bfed76202948d248113e6323e670322001ea8b16733d48f2e45d155,False,False
牛來,ROUND_1,2,26,6,前衝收招 Lv0–1,牛來/ROUND_1/10_前衝收招_Lv0–1/26.webp,1dc03d53f27c2dba89690827bc8da89ad0783d884e88717ba3ed0fdd8e22a5fd,manual,547,261,221,258,aeed4b2e28739df47f1c937846bd0605974971b315184a9a341587b28da064cd,False,True
牛來,ROUND_1,2,27,7,強化前衝收招 Lv2–3,牛來/ROUND_1/11_強化前衝收招_Lv2–3/27.webp,1dc03d53f27c2dba89690827bc8da89ad0783d884e88717ba3ed0fdd8e22a5fd,manual,0,517,272,251,df9eda0e3aa4c1ac0c7a946535c1c2cf7311ba68d3d867046e03fb05cc86eca9,False,True
牛來,ROUND_1,2,28,8,後撤,牛來/ROUND_1/12_後撤/28.webp,1dc03d53f27c2dba89690827bc8da89ad0783d884e88717ba3ed0fdd8e22a5fd,detected_or_manifest,256,512,256,256,d02cf5bfb59c4b75e0afc259ab5c636bf67056903b6b7781ca00a6c7b38a82b2,False,False
牛來,ROUND_1,3,32,2,Lv0 輕攻「試探拳」,牛來/ROUND_1/14_Lv0_輕攻「試探拳」/32.webp,aa726842e8821ca823231dc01ef89832f1441ffeb0b25713deef15f1875fbf97,detected_or_manifest,256,0,256,256,0376a57ef0f196de7af2aa2fe168f824cda269419c86aedea9e37e2fef0e3bed,False,False
牛來,ROUND_1,3,33,3,Lv0 輕攻「試探拳」,牛來/ROUND_1/14_Lv0_輕攻「試探拳」/33.webp,aa726842e8821ca823231dc01ef89832f1441ffeb0b25713deef15f1875fbf97,detected_or_manifest,512,0,256,256,19223565e97590faf4f48aac9145650879abe0dd66201e38bf954ddae41fbc69,False,False
牛來,ROUND_1,3,35,5,Lv3 強化動作版「試探拳」,牛來/ROUND_1/15_Lv3_強化動作版「試探拳」/35.webp,aa726842e8821ca823231dc01ef89832f1441ffeb0b25713deef15f1875fbf97,manual,265,254,280,240,c5fa337f58c40d4e10e9587758bef25448134c8ba37e14d00c8768bc336b0de6,False,True
牛來,ROUND_1,3,36,6,Lv3 強化動作版「試探拳」,牛來/ROUND_1/15_Lv3_強化動作版「試探拳」/36.webp,aa726842e8821ca823231dc01ef89832f1441ffeb0b25713deef15f1875fbf97,detected_or_manifest,512,256,256,256,17cb9e4bc7ff021715581204e36abbcb9b750e4f429a64a866607c1010ae23b5,False,False
牛來,ROUND_1,4,41,1,Lv0–1 重攻「牛角重槌」,牛來/ROUND_1/16_Lv0–1_重攻「牛角重槌」/41.webp,0b025edd50f9e7454be6ef92b8918058d63d4054fe7ba9517a35e45c29f15a81,manual,0,0,256,256,7ff5486305cd93ca7fa860575f3e1a083312fd9eed74c35924147db5c50b2f4e,False,True
牛來,ROUND_1,4,42,2,Lv0–1 重攻「牛角重槌」,牛來/ROUND_1/16_Lv0–1_重攻「牛角重槌」/42.webp,0b025edd50f9e7454be6ef92b8918058d63d4054fe7ba9517a35e45c29f15a81,manual,259,5,262,244,dd980141fe9cc3ba609582da4d006fb7dc7cdb9ae9035dd83aba5da0c3f26577,False,True
牛來,ROUND_1,4,43,3,Lv0–1 重攻「牛角重槌」,牛來/ROUND_1/16_Lv0–1_重攻「牛角重槌」/43.webp,0b025edd50f9e7454be6ef92b8918058d63d4054fe7ba9517a35e45c29f15a81,manual,512,0,256,256,53cc0d766605602d6774128d4d3c9f22b2ee0d5a4057be217550306e5969f305,False,True
牛來,ROUND_1,4,44,4,Lv2–3 前踏版「牛角重槌」,牛來/ROUND_1/17_Lv2–3_前踏版「牛角重槌」/44.webp,0b025edd50f9e7454be6ef92b8918058d63d4054fe7ba9517a35e45c29f15a81,detected_or_manifest,0,256,256,256,5f308b15087d42c89c5a0149812389e7b429b03a943b27f585f5a5120dbe895e,False,False
牛來,ROUND_1,4,45,5,Lv2–3 前踏版「牛角重槌」,牛來/ROUND_1/17_Lv2–3_前踏版「牛角重槌」/45.webp,0b025edd50f9e7454be6ef92b8918058d63d4054fe7ba9517a35e45c29f15a81,manual,255,257,282,218,881a8b23a423e38172f770d445342f14802855ac63de9052048bf2f1eb2e3977,False,True
牛來,ROUND_1,4,46,6,Lv2–3 前踏版「牛角重槌」,牛來/ROUND_1/17_Lv2–3_前踏版「牛角重槌」/46.webp,0b025edd50f9e7454be6ef92b8918058d63d4054fe7ba9517a35e45c29f15a81,manual,537,256,231,256,412bfec86f00505eb9efdc470d0e1e9f19132cb858022c810c497140f36b9693,False,True
牛來,ROUND_1,5,51,1,Lv0–1「怕歸怕還是要踢」,牛來/ROUND_1/18_Lv0–1「怕歸怕還是要踢」/51.webp,0654fd47717f00d2ae05d8d8d249a8eb4955637495f00e9fc08fa3add41a1085,detected_or_manifest,0,0,256,256,7ae14fd5d2fc2603c8fb08c786ea12508dd70fa13b4bf60eb67059d9c73e23a2,False,False
牛來,ROUND_1,5,55,5,Lv2 加長版,牛來/ROUND_1/19_Lv2_加長版/55.webp,0654fd47717f00d2ae05d8d8d249a8eb4955637495f00e9fc08fa3add41a1085,detected_or_manifest,256,256,256,256,223a56b5e241f6e86ace23b04ccbf123dfb7a5cc856b0fc90a5848963703da39,False,False
牛來,ROUND_1,5,56,6,Lv2 加長版,牛來/ROUND_1/19_Lv2_加長版/56.webp,0654fd47717f00d2ae05d8d8d249a8eb4955637495f00e9fc08fa3add41a1085,manual,551,266,217,243,98f234386c70387a847bfa0e46dcfc8e79f10d5ff775972e5f7c1bb8f1f554cf,False,True
牛來,ROUND_1,5,58,8,Lv3 Counter Hit 後向前確認,牛來/ROUND_1/21_Lv3_Counter_Hit_後向前確認/58.webp,0654fd47717f00d2ae05d8d8d249a8eb4955637495f00e9fc08fa3add41a1085,manual,282,494,232,274,c312c6b06b17f959d45dee9b2c2c89f0085135b998b7a88c4c046334659771c9,False,True
牛來,ROUND_1,5,59,9,Lv3 接輕攻準備,牛來/ROUND_1/22_Lv3_接輕攻準備/59.webp,0654fd47717f00d2ae05d8d8d249a8eb4955637495f00e9fc08fa3add41a1085,manual,530,501,238,267,4856132e3a9f0449be185372dc368e92a6a7eaae548b9bd007508793d4c856e7,False,True
牛來,ROUND_1,6,61,1,Lv0–1「閉眼勇氣飛踢」,牛來/ROUND_1/23_Lv0–1「閉眼勇氣飛踢」/61.webp,d2ea885275d942c09a436e9c69daedca70b1949f739a5c856044b2c22ddd08ec,detected_or_manifest,0,0,256,256,d8e8b3fa31d772e5eace0e5b0719ccd9f6f04d4b7e4f1518226147334e66d4eb,False,False
牛來,ROUND_1,6,62,2,Lv0–1「閉眼勇氣飛踢」,牛來/ROUND_1/23_Lv0–1「閉眼勇氣飛踢」/62.webp,d2ea885275d942c09a436e9c69daedca70b1949f739a5c856044b2c22ddd08ec,detected_or_manifest,256,0,256,256,58c38d067a3d3b785930d102a370b154846bb5ad7f333b1f7516c22f43ef6207,False,False
牛來,ROUND_1,6,64,4,Lv2 前進版,牛來/ROUND_1/24_Lv2_前進版/64.webp,d2ea885275d942c09a436e9c69daedca70b1949f739a5c856044b2c22ddd08ec,detected_or_manifest,0,256,256,256,4e785d182ee95f9a7409ae5c8ee134e370476036ac6cb3c64dd83b1a99cde742,False,False
牛來,ROUND_1,6,65,5,Lv2 前進版,牛來/ROUND_1/24_Lv2_前進版/65.webp,d2ea885275d942c09a436e9c69daedca70b1949f739a5c856044b2c22ddd08ec,detected_or_manifest,266,251,254,244,f63029265e0e494b8dd1849795d71986baf4da4cf08e654a1e59bad12e498a3d,False,False
牛來,ROUND_1,6,66,6,Lv2 前進版,牛來/ROUND_1/24_Lv2_前進版/66.webp,d2ea885275d942c09a436e9c69daedca70b1949f739a5c856044b2c22ddd08ec,detected_or_manifest,512,256,256,256,1512a47771c506692c5b930d2b34abb026444a81a5685aed8e23eb35cbee15e5,False,False
牛來,ROUND_1,6,67,7,Lv3 完整 Jump-in 版,牛來/ROUND_1/25_Lv3_完整_Jump-in_版/67.webp,d2ea885275d942c09a436e9c69daedca70b1949f739a5c856044b2c22ddd08ec,detected_or_manifest,0,512,256,256,8e1c482072afabb7e8fbfd9f39f89ad736c99bebdd78660b073dcdd633158e78,False,False
牛來,ROUND_1,6,68,8,Lv3 完整 Jump-in 版,牛來/ROUND_1/25_Lv3_完整_Jump-in_版/68.webp,d2ea885275d942c09a436e9c69daedca70b1949f739a5c856044b2c22ddd08ec,manual,272,512,268,256,c316c4b6d00722be74737182d40431724d145db944e7e731a5567fdb390f2afe,False,True
牛來,ROUND_1,6,69,9,Lv3 完整 Jump-in 版,牛來/ROUND_1/25_Lv3_完整_Jump-in_版/69.webp,d2ea885275d942c09a436e9c69daedca70b1949f739a5c856044b2c22ddd08ec,detected_or_manifest,512,512,256,256,4fbbc674c52b6733dc202d30f48422afe3486096cc7750a599fca47bfdb9e7f8,False,False
牛來,ROUND_1,7,71,1,站防 Lv0,牛來/ROUND_1/26_站防_Lv0/71.webp,2838b6bca20a14bbb270ed3eec3491d860bc01943f9eb4d9561e48a371eceb67,detected_or_manifest,0,0,259,252,14b3a33b36dd6da0419b7f353dfdab53637519fec6b4e29611ee20b8e5f07f0b,False,False
牛來,ROUND_1,7,74,4,站防 Lv3,牛來/ROUND_1/29_站防_Lv3/74.webp,2838b6bca20a14bbb270ed3eec3491d860bc01943f9eb4d9561e48a371eceb67,detected_or_manifest,0,256,256,256,3316092a077943e9d400e6f4f64621e5ab78933c0de6e07ee250d72dfa58c48b,False,False
牛來,ROUND_1,7,75,5,蹲防 Lv0,牛來/ROUND_1/30_蹲防_Lv0/75.webp,2838b6bca20a14bbb270ed3eec3491d860bc01943f9eb4d9561e48a371eceb67,detected_or_manifest,256,256,256,256,803581986388a15b8e0170777b3867b520410aa57cb1cb487349363bbdc25c3d,False,False
牛來,ROUND_1,7,76,6,蹲防 Lv1,牛來/ROUND_1/31_蹲防_Lv1/76.webp,2838b6bca20a14bbb270ed3eec3491d860bc01943f9eb4d9561e48a371eceb67,manual,529,295,229,204,e905fcd6a7a01f97d54f22e7fbc7ecebdf8801afbbd2cff01098a71684a9c616,False,True
牛來,ROUND_1,7,78,8,蹲防 Lv3,牛來/ROUND_1/33_蹲防_Lv3/78.webp,2838b6bca20a14bbb270ed3eec3491d860bc01943f9eb4d9561e48a371eceb67,manual,265,521,295,247,b549670e273f369a2be75a31735379bf6a45a20c31a4731e1bd9e5a0c8aaec25,False,True
牛來,ROUND_1,7,79,9,防禦解除／回待機,牛來/ROUND_1/34_防禦解除_回待機/79.webp,2838b6bca20a14bbb270ed3eec3491d860bc01943f9eb4d9561e48a371eceb67,manual,547,501,195,250,b34b48b3f973f96a570ba1c94f0497cec6640297cbc3526ad4cdfe20c7649129,False,True
牛來,ROUND_1,8,83,3,上段受擊,牛來/ROUND_1/37_上段受擊/83.webp,ebe23771cd160d86d2546cb14f5776a4ae3a28435a5e5961136efcbcc8fe9678,detected_or_manifest,515,0,253,242,cc21d01f2301f064214765e2c5cac888d39555fe1d98b30c7d44faa032d403be,False,False
牛來,ROUND_1,8,85,5,重受擊,牛來/ROUND_1/39_重受擊/85.webp,ebe23771cd160d86d2546cb14f5776a4ae3a28435a5e5961136efcbcc8fe9678,detected_or_manifest,254,251,276,253,8ee16cd971a74bf900510c8c16125bb51c55c433f0907cc5238d7e5df1cbaa3a,False,False
牛來,ROUND_1,8,86,6,空中受擊,牛來/ROUND_1/40_空中受擊/86.webp,ebe23771cd160d86d2546cb14f5776a4ae3a28435a5e5961136efcbcc8fe9678,detected_or_manifest,533,243,235,235,caf351ddff64317d903e77d5c2d3b29c525ed80dedded658b54b15279393c9a9,False,False
牛來,ROUND_2,1,11,1,投技「友情抱摔」,牛來/ROUND_2/01_投技「友情抱摔」/11.webp,326b64fd2d6eec531130a56aca25f7adf4e050777a1479fa90a16dd7cca421f1,manual,0,0,293,238,755f1a221a53efec455778e8d0dad9e3d20a7b7369a8fcae2b87b7555cabc876,False,True
牛來,ROUND_2,1,12,2,投技「友情抱摔」,牛來/ROUND_2/01_投技「友情抱摔」/12.webp,326b64fd2d6eec531130a56aca25f7adf4e050777a1479fa90a16dd7cca421f1,detected_or_manifest,301,0,212,271,83a5cfa790040441e4b0a766399c55656a4306e3120c0645826cba281490f5cc,False,False
牛來,ROUND_2,1,13,3,投技「友情抱摔」,牛來/ROUND_2/01_投技「友情抱摔」/13.webp,326b64fd2d6eec531130a56aca25f7adf4e050777a1479fa90a16dd7cca421f1,detected_or_manifest,514,0,235,251,2ff1ce7faaab0fed73e0b7f04b1c5714e1a117ae634c2a9e107df606965c37ed,False,False
牛來,ROUND_2,1,14,4,投技「友情抱摔」,牛來/ROUND_2/01_投技「友情抱摔」/14.webp,326b64fd2d6eec531130a56aca25f7adf4e050777a1479fa90a16dd7cca421f1,manual,35,238,195,256,23eab28c216df8e6fe7507f308a107632f312f54533ae85002a88ac50d4e5bdf,False,True
牛來,ROUND_2,1,16,6,投技「友情抱摔」,牛來/ROUND_2/01_投技「友情抱摔」/16.webp,326b64fd2d6eec531130a56aca25f7adf4e050777a1479fa90a16dd7cca421f1,detected_or_manifest,512,256,256,256,12398090024ee13cfd70ff99ed6bb225f083a3748931da0c6049a08aa6a159a4,False,False
牛來,ROUND_2,3,31,1,開始蓄力／深呼吸,牛來/ROUND_2/08_開始蓄力_深呼吸/31.webp,375bce1d36e05d07fa3c027ea1bed4ecf26e7832aeb60dd1c68eed9c36f46503,manual,22,0,254,277,ef87e876343bd6b5331caed793c445fee7998e7baf0164547fcc0a859af92e68,False,True
牛來,ROUND_2,3,33,3,持續蓄力,牛來/ROUND_2/09_持續蓄力/33.webp,375bce1d36e05d07fa3c027ea1bed4ecf26e7832aeb60dd1c68eed9c36f46503,manual,531,0,236,256,6d256ef5c3f84b4c2ad4db835fe4568a16529fba000d8592492ccaab24520600,False,True
牛來,ROUND_2,3,34,4,Charge Lv1「小聲打氣」,牛來/ROUND_2/10_Charge_Lv1「小聲打氣」/34.webp,375bce1d36e05d07fa3c027ea1bed4ecf26e7832aeb60dd1c68eed9c36f46503,manual,47,277,194,217,a915701e44b4c061675b8c3f0534fa6bdd86b8f74e16f50bcbda1068e1b2db21,False,True
牛來,ROUND_2,3,35,5,Lv1 尷尬後座／收招,牛來/ROUND_2/11_Lv1_尷尬後座_收招/35.webp,375bce1d36e05d07fa3c027ea1bed4ecf26e7832aeb60dd1c68eed9c36f46503,manual,283,270,240,234,5b6326adb88f7179c13bb20cc6e112ed1e400482ab3b75f4018e609695583060,False,True
牛來,ROUND_2,3,36,6,Charge Lv2「站起來！」,牛來/ROUND_2/12_Charge_Lv2「站起來！」/36.webp,375bce1d36e05d07fa3c027ea1bed4ecf26e7832aeb60dd1c68eed9c36f46503,manual,564,249,180,260,0f1b1742e7bd483bc649131dcd81bc70ca8798b3864a5a55c4826b4c1a8ed4d0,False,True
牛來,ROUND_2,3,37,7,Lv2 勇氣提升後收招,牛來/ROUND_2/13_Lv2_勇氣提升後收招/37.webp,375bce1d36e05d07fa3c027ea1bed4ecf26e7832aeb60dd1c68eed9c36f46503,manual,0,493,244,266,fe9593774734ce97d937b6aa4a9659ce3546220487a7e3768f0b6f37f4021a6b,False,True
牛來,ROUND_2,3,38,8,Charge Lv3「牛來，站起來！」,牛來/ROUND_2/14_Charge_Lv3「牛來，站起來！」/38.webp,375bce1d36e05d07fa3c027ea1bed4ecf26e7832aeb60dd1c68eed9c36f46503,manual,291,501,209,267,e6648bb6c12cbe4e7006408fb83e51c324f88b9b78a939d93d2ea5c56e26d70c,False,True
牛來,ROUND_2,3,39,9,Lv3 收招,牛來/ROUND_2/15_Lv3_收招/39.webp,375bce1d36e05d07fa3c027ea1bed4ecf26e7832aeb60dd1c68eed9c36f46503,manual,537,508,231,260,ebc39f5fa5f5b7bf8dbd4095b577de7eae1c3bc88b2fd19bf1e851381ef0fb39,False,True
牛來,ROUND_2,4,41,1,牛角蓄力光 Lv1,牛來/ROUND_2/16_牛角蓄力光_Lv1/41.webp,5d5d562253446d9e7d19c39346656d191db6d058e379a149e1ddba94e6959bef,manual,26,82,184,123,699334af66962e372c873c81484ef33e9a9f9c5f890e2ec4f7b137a503226018,False,True
牛來,ROUND_2,4,42,2,牛角強蓄力光,牛來/ROUND_2/17_牛角強蓄力光/42.webp,5d5d562253446d9e7d19c39346656d191db6d058e379a149e1ddba94e6959bef,manual,268,32,228,204,1023a11b275ba93673b96ade5b670816eaacbcef7ecbf042081ae0c6424a432b,False,True
牛來,ROUND_2,4,43,3,Courage +1 爆發,牛來/ROUND_2/18_Courage_+1_爆發/43.webp,5d5d562253446d9e7d19c39346656d191db6d058e379a149e1ddba94e6959bef,manual,546,0,192,265,2b9931c46af9d95c56139b4865cc4524e62f93db59862cd4941f74bb1cf212fa,False,True
牛來,ROUND_2,4,44,4,Courage +1 收束,牛來/ROUND_2/19_Courage_+1_收束/44.webp,5d5d562253446d9e7d19c39346656d191db6d058e379a149e1ddba94e6959bef,manual,23,281,230,200,00b492f7477427ad0b3eb116846e01b87dd7f32a982cd34cbc4bdebf6512ddac,False,True
牛來,ROUND_2,4,45,5,Lv1 咆哮推退 VFX,牛來/ROUND_2/20_Lv1_咆哮推退_VFX/45.webp,5d5d562253446d9e7d19c39346656d191db6d058e379a149e1ddba94e6959bef,manual,285,266,214,234,ab836dfb3f2b6036eb668540400b90450e0a81032b2473e226d4e17ca8082a34,False,True
牛來,ROUND_2,4,46,6,Lv3 咆哮推退 VFX,牛來/ROUND_2/21_Lv3_咆哮推退_VFX/46.webp,5d5d562253446d9e7d19c39346656d191db6d058e379a149e1ddba94e6959bef,manual,535,257,233,264,ddc2302990de63b30e329c48009810892909f8c3a12dda01a7cfb9603c4df34c,False,True
牛來,ROUND_2,4,47,7,Courage -1 破裂,牛來/ROUND_2/22_Courage_-1_破裂/47.webp,5d5d562253446d9e7d19c39346656d191db6d058e379a149e1ddba94e6959bef,manual,0,485,248,283,6d6fb2484513cff564e8a1049f144830be9c01ec5f98e600aa3253493bf00464,False,True
牛來,ROUND_2,4,48,8,Courage -1 掉落粒子,牛來/ROUND_2/23_Courage_-1_掉落粒子/48.webp,5d5d562253446d9e7d19c39346656d191db6d058e379a149e1ddba94e6959bef,manual,295,522,198,211,8da43ec5d875fb0caf6db1a9752329ded132fc046b09cbb85af878723426b741,False,True
牛來,ROUND_2,4,49,9,Courage Lv3 達成特效,牛來/ROUND_2/24_Courage_Lv3_達成特效/49.webp,5d5d562253446d9e7d19c39346656d191db6d058e379a149e1ddba94e6959bef,manual,537,510,216,223,4b709cbfa146fd5e0edf38d093268a5d457eba699162848077310e93b20e9136,False,True
牛來,ROUND_2,5,51,1,Ultimate 發動決意,牛來/ROUND_2/25_Ultimate_發動決意/51.webp,4bee33a916711cefe3c6ab389eb17d5b51df89167bc9d8829a329b778a1eaeac,manual,1,0,259,263,41358092d9c8c11807bb99df8a3d9ca9fd74f6fbcdafc870cd5a2080da41dea4,False,True
牛來,ROUND_2,5,52,2,夢之牛角突進起手,牛來/ROUND_2/26_夢之牛角突進起手/52.webp,4bee33a916711cefe3c6ab389eb17d5b51df89167bc9d8829a329b778a1eaeac,manual,268,12,231,243,8ef003b9c858ab646bf79f3213c3b1bfa00822f99fe5caf88e87a48a533e5286,False,True
牛來,ROUND_2,5,53,3,「夢之牛角撞擊」有效攻擊,牛來/ROUND_2/27_「夢之牛角撞擊」有效攻擊/53.webp,4bee33a916711cefe3c6ab389eb17d5b51df89167bc9d8829a329b778a1eaeac,manual,510,6,258,256,4498d049d2a63107e1e9b89b1e0f7b4499a1f59ef7db373f65d82291c649d446,False,True
牛來,ROUND_2,5,54,4,Ultimate 揮空大硬直,牛來/ROUND_2/28_Ultimate_揮空大硬直/54.webp,4bee33a916711cefe3c6ab389eb17d5b51df89167bc9d8829a329b778a1eaeac,manual,0,300,279,191,34c74725648d4c400fdc8799e63439ed66183b4e69baee5f7069391fbef3b707,False,True
牛來,ROUND_2,5,55,5,命中確認／夢境啟動,牛來/ROUND_2/29_命中確認_夢境啟動/55.webp,4bee33a916711cefe3c6ab389eb17d5b51df89167bc9d8829a329b778a1eaeac,manual,307,242,211,253,7168e0a94dbb4c28ca38f5428d4dc706fff6c47701be2fedfe425644a2cd75a1,False,True
牛來,ROUND_2,5,56,6,Courage Lv0～Lv2 共用「夢境覺醒」收尾,牛來/ROUND_2/30_Courage_Lv0～Lv2_共用「夢境覺醒」收尾/56.webp,4bee33a916711cefe3c6ab389eb17d5b51df89167bc9d8829a329b778a1eaeac,manual,502,256,260,256,dc28b90ee792ab4496153495bb12579e616a58358cdfea884ac94421c825b3d3,False,True
牛來,ROUND_2,5,57,7,Courage Lv3 夢境轉場,牛來/ROUND_2/31_Courage_Lv3_夢境轉場/57.webp,4bee33a916711cefe3c6ab389eb17d5b51df89167bc9d8829a329b778a1eaeac,manual,19,482,206,281,8745773c255ef6fcf7919ee1b3c2fdc4a813dcb031eee747537e8c805aa9744e,False,True
牛來,ROUND_2,5,58,8,Courage Lv3 完整「夢境覺醒」衝鋒,牛來/ROUND_2/32_Courage_Lv3_完整「夢境覺醒」衝鋒/58.webp,4bee33a916711cefe3c6ab389eb17d5b51df89167bc9d8829a329b778a1eaeac,manual,237,534,312,234,e48ffcd6d8b1c6abc3d49d8dfeccf98ece9a99b7d0be6278968d2edfeb176c69,False,True
牛來,ROUND_2,5,59,9,Ultimate 結束→Courage 重置 Lv0,牛來/ROUND_2/33_Ultimate_結束toCourage_重置_Lv0/59.webp,4bee33a916711cefe3c6ab389eb17d5b51df89167bc9d8829a329b778a1eaeac,manual,555,521,208,247,6d9889b27e5b7ff11d075c357b1e7b902e40f260532a6d86ecc4fa714aa1ae12,False,True
牛來,ROUND_2,7,71,1,夢之牛角命中特效,牛來/ROUND_2/35_夢之牛角命中特效/71.webp,334e06d8c4d6b508194ef9c401877d04d139c2f5314a1d1931d11d60b44873a1,manual,0,0,252,214,0f326698ca32c3e3256f24b385bf7a1c9691474312f4bc938855aa921bdf8a06,False,True
牛來,ROUND_2,7,72,2,Hit Confirm 夢境啟動,牛來/ROUND_2/36_Hit_Confirm_夢境啟動/72.webp,334e06d8c4d6b508194ef9c401877d04d139c2f5314a1d1931d11d60b44873a1,manual,257,8,248,221,3e77ed93123b9c4a7768105d707a4a7228cbf6b7dc1f810f7759b2a3fb565d93,False,True
牛來,ROUND_2,7,73,3,Courage Lv0 基礎終結撞擊,牛來/ROUND_2/37_Courage_Lv0_基礎終結撞擊/73.webp,334e06d8c4d6b508194ef9c401877d04d139c2f5314a1d1931d11d60b44873a1,manual,517,13,236,238,c0b448bbcbca3745a0d939b13eed62cea1064feb506a613ca6eb13aa9ee58a16,False,True
牛來,ROUND_2,7,74,4,Lv0 終結殘留,牛來/ROUND_2/38_Lv0_終結殘留/74.webp,334e06d8c4d6b508194ef9c401877d04d139c2f5314a1d1931d11d60b44873a1,manual,0,279,226,164,044a11c80c66d1be4031428cc4ceaee0eba459816d0532410fe589e8b14bfcff,False,True
牛來,ROUND_2,7,75,5,Courage Lv1 Corner Carry 軌跡,牛來/ROUND_2/39_Courage_Lv1_Corner_Carry_軌跡/75.webp,334e06d8c4d6b508194ef9c401877d04d139c2f5314a1d1931d11d60b44873a1,manual,250,278,267,166,fb1e927539ce1148522a53d7ac4c0af0f4c9ea98f0b88cd07ba18247e9633630,False,True
牛來,ROUND_2,7,76,6,Courage Lv1 Carry 撞擊,牛來/ROUND_2/40_Courage_Lv1_Carry_撞擊/76.webp,334e06d8c4d6b508194ef9c401877d04d139c2f5314a1d1931d11d60b44873a1,manual,504,259,264,208,428a1b8e14577227e8d47a55bb9083a309fad599c0797c750b7a8d3d6399b4a2,False,True
牛來,ROUND_2,7,77,7,Courage Lv2 強化位置獎勵撞擊,牛來/ROUND_2/41_Courage_Lv2_強化位置獎勵撞擊/77.webp,334e06d8c4d6b508194ef9c401877d04d139c2f5314a1d1931d11d60b44873a1,manual,0,478,235,246,2cdea0629e7f98794fa6e9d1fa6c7ccd8e2803b8cc999651ca00279734d7583e,False,True
牛來,ROUND_2,7,78,8,Courage Lv3 完整夢境衝鋒軌跡,牛來/ROUND_2/42_Courage_Lv3_完整夢境衝鋒軌跡/78.webp,334e06d8c4d6b508194ef9c401877d04d139c2f5314a1d1931d11d60b44873a1,manual,215,495,298,225,c844a7391ce609c34af6ac701297f2599bdaba3b39caa7a112b72a125a8d1619,False,True
牛來,ROUND_2,7,79,9,Courage Lv3 最終「夢境覺醒」撞擊,牛來/ROUND_2/43_Courage_Lv3_最終「夢境覺醒」撞擊/79.webp,334e06d8c4d6b508194ef9c401877d04d139c2f5314a1d1931d11d60b44873a1,manual,508,473,252,289,87623fdd752a8823217e4be742cc9a7b2f194afc991f20ed95aaf126fac6652c,False,True
豹拉,ROUND_1,1,11,1,待機,豹拉/ROUND_1/01_待機/11.webp,7cbd50b6d9d72e8412b11b207f58958b3b681824fa5357b002e591d47aa0651d,manual,15,0,263,252,e34e35dfff3a78976c53cfca40f5de5d37c7c00b8416aafd14b5ca496a330b4c,False,True
豹拉,ROUND_1,1,13,3,前走,豹拉/ROUND_1/02_前走/13.webp,7cbd50b6d9d72e8412b11b207f58958b3b681824fa5357b002e591d47aa0651d,manual,493,10,263,245,0aea127f8828617bdf761f28da8b34da6aa06055f08c817a2adc2c5e84cfe835,False,True
豹拉,ROUND_1,1,14,4,前走,豹拉/ROUND_1/02_前走/14.webp,7cbd50b6d9d72e8412b11b207f58958b3b681824fa5357b002e591d47aa0651d,manual,0,249,257,273,b8830070b81cfd2de9355715a93582c94cd562ab29d0c021458aeeec4ab74986,False,True
豹拉,ROUND_1,1,15,5,後走,豹拉/ROUND_1/03_後走/15.webp,7cbd50b6d9d72e8412b11b207f58958b3b681824fa5357b002e591d47aa0651d,detected_or_manifest,256,256,256,256,ba5d692f2b8e826782ac80dff5600550c488e22bc30c594e25062f0dc6c4ac38,False,False
豹拉,ROUND_1,1,17,7,蹲下,豹拉/ROUND_1/04_蹲下/17.webp,7cbd50b6d9d72e8412b11b207f58958b3b681824fa5357b002e591d47aa0651d,manual,0,532,282,226,4d3877a1d077287da079937748fabfc3a9b10a955c54c23b1c2fcd6080681a14,False,True
豹拉,ROUND_1,1,18,8,跳躍,豹拉/ROUND_1/05_跳躍/18.webp,7cbd50b6d9d72e8412b11b207f58958b3b681824fa5357b002e591d47aa0651d,manual,261,492,251,263,c2a821284e13bc3c77b795d8e293db26fe92a5161686ae44e38d324414fb552f,False,True
豹拉,ROUND_1,1,19,9,落地,豹拉/ROUND_1/06_落地/19.webp,7cbd50b6d9d72e8412b11b207f58958b3b681824fa5357b002e591d47aa0651d,manual,504,524,264,232,b4e8ab2d623921b800dbd6096347399eaf7b7b089f2a0939f87d237613b81d00,False,True
豹拉,ROUND_1,2,21,1,前衝,豹拉/ROUND_1/07_前衝/21.webp,932ca6510eeb4c00246cf463d2acff99c808543f5017ea50cb90b6a2ebf6d0a4,manual,0,14,263,225,b4f12a7e7b6d6e3beacd7bef6985d18fa082fdacab3b775ab03891232b77649b,False,True
豹拉,ROUND_1,2,22,2,前衝,豹拉/ROUND_1/07_前衝/22.webp,932ca6510eeb4c00246cf463d2acff99c808543f5017ea50cb90b6a2ebf6d0a4,detected_or_manifest,256,0,256,256,7b15bec50379e5560060d6cb4edeba8d30d0bc25aa28f0d2572b1d472c8c5caa,False,False
豹拉,ROUND_1,2,23,3,前衝,豹拉/ROUND_1/07_前衝/23.webp,932ca6510eeb4c00246cf463d2acff99c808543f5017ea50cb90b6a2ebf6d0a4,manual,495,13,273,233,1388d3b4266c556b7b7b20a08d3813eaecff5dd29669ebb6bcd3ae219a54b3c6,False,True
豹拉,ROUND_1,2,24,4,後撤,豹拉/ROUND_1/08_後撤/24.webp,932ca6510eeb4c00246cf463d2acff99c808543f5017ea50cb90b6a2ebf6d0a4,manual,0,255,310,238,bd0e2558e6cc212cdbb952d21bfa242b71910b271514d6020f7b785b7a74a877,False,True
豹拉,ROUND_1,2,25,5,後撤,豹拉/ROUND_1/08_後撤/25.webp,932ca6510eeb4c00246cf463d2acff99c808543f5017ea50cb90b6a2ebf6d0a4,manual,304,256,240,247,41d35fdd7c27409b2ae3d3bfebd7723ee7fc8bc44a49b139d97c7690464bfa26,False,True
豹拉,ROUND_1,2,26,6,後撤,豹拉/ROUND_1/08_後撤/26.webp,932ca6510eeb4c00246cf463d2acff99c808543f5017ea50cb90b6a2ebf6d0a4,manual,553,276,214,211,944be98d58ceea6f825a3d4da8cf5eb20c0bd404b7f2e514c36997b7edacdd2d,False,True
豹拉,ROUND_1,3,33,3,輕攻「豹爪」,豹拉/ROUND_1/09_輕攻「豹爪」/33.webp,7ff97e9021104b6d1223f9674ba2627d8e5d2747183c420f2225935a742d0b3e,manual,505,0,254,275,8040aaa71d47976e3ac228b04f1f51117af0bf1188fb10ad6674e5924751b4e2,False,True
豹拉,ROUND_1,3,35,5,輕攻「豹爪」,豹拉/ROUND_1/09_輕攻「豹爪」/35.webp,7ff97e9021104b6d1223f9674ba2627d8e5d2747183c420f2225935a742d0b3e,manual,273,254,250,247,ed80a396351f0cddaaa94bf085833d96a73d76fdd6bdbebbf4c705fbb39bd293,False,True
豹拉,ROUND_1,3,36,6,輕攻「豹爪」,豹拉/ROUND_1/09_輕攻「豹爪」/36.webp,7ff97e9021104b6d1223f9674ba2627d8e5d2747183c420f2225935a742d0b3e,detected_or_manifest,512,256,256,256,8a11fc09ed97dc2002dc2bd7919ad5e8dd0623200533d26a1b7aadfe96a16cf0,False,False
豹拉,ROUND_1,4,41,1,重攻「裂痕重爪」,豹拉/ROUND_1/10_重攻「裂痕重爪」/41.webp,2259f9cee559f36c4a0ccb506ab4c063956b6338b90382ae68368438bdeefff2,manual,0,0,268,260,b128306df3843277272ef878237e19a14d219d7a8744f14cdd58a6b5a2069a1b,False,True
豹拉,ROUND_1,4,42,2,重攻「裂痕重爪」,豹拉/ROUND_1/10_重攻「裂痕重爪」/42.webp,2259f9cee559f36c4a0ccb506ab4c063956b6338b90382ae68368438bdeefff2,detected_or_manifest,256,0,256,256,b61be3558061a9edb9600aad9ffdc4fc5e6247dab38316f50899a3386ddff5ea,False,False
豹拉,ROUND_1,4,43,3,重攻「裂痕重爪」,豹拉/ROUND_1/10_重攻「裂痕重爪」/43.webp,2259f9cee559f36c4a0ccb506ab4c063956b6338b90382ae68368438bdeefff2,manual,490,16,277,246,ccc98730ece457bfb4621a242b1d5b9139974a3dc336eeb735bb8a667da96040,False,True
豹拉,ROUND_1,4,44,4,重攻「裂痕重爪」,豹拉/ROUND_1/10_重攻「裂痕重爪」/44.webp,2259f9cee559f36c4a0ccb506ab4c063956b6338b90382ae68368438bdeefff2,manual,0,264,291,226,43340c11a82fa61ae6226c19163c157f43136de61eacfc409d302ba8bd97b59d,False,True
豹拉,ROUND_1,4,45,5,重攻「裂痕重爪」,豹拉/ROUND_1/10_重攻「裂痕重爪」/45.webp,2259f9cee559f36c4a0ccb506ab4c063956b6338b90382ae68368438bdeefff2,detected_or_manifest,256,256,256,256,6dfde3aa00a95909b1ebecffce74976d562a372efa441bc3f642179157c416ff,False,False
豹拉,ROUND_1,4,46,6,重攻「裂痕重爪」,豹拉/ROUND_1/10_重攻「裂痕重爪」/46.webp,2259f9cee559f36c4a0ccb506ab4c063956b6338b90382ae68368438bdeefff2,manual,540,274,225,220,79f576947af76f441e2beca40f300561d554b4eb4ed2b9daa94afb11d735cbac,False,True
豹拉,ROUND_1,6,62,2,空中攻擊「回身斷後爪」,豹拉/ROUND_1/12_空中攻擊「回身斷後爪」/62.webp,790401c80a7f38a9e803813153719d26ebae4f390e93d03069bcfebba75a834f,manual,252,0,242,260,1783fb43e103d491058a8181b85c4ebba82a171f721ddd4df56f2e959d4d7509,False,True
豹拉,ROUND_1,6,64,4,空中攻擊「回身斷後爪」,豹拉/ROUND_1/12_空中攻擊「回身斷後爪」/64.webp,790401c80a7f38a9e803813153719d26ebae4f390e93d03069bcfebba75a834f,manual,0,260,280,243,a220101a457291b8d45fd0eae7109035268f619a6a86edbc987fe7e8c951a720,False,True
豹拉,ROUND_1,6,65,5,空中攻擊「回身斷後爪」,豹拉/ROUND_1/12_空中攻擊「回身斷後爪」/65.webp,790401c80a7f38a9e803813153719d26ebae4f390e93d03069bcfebba75a834f,manual,292,258,211,247,49b5839139349c60cf39b9db92512649ec4c037f94705bc8599efb94e5a518d9,False,True
豹拉,ROUND_1,7,72,2,蹲防,豹拉/ROUND_1/14_蹲防/72.webp,269a8a122c441419c93a231f315c911a597073d2348a6ccc44d21e9215c74408,detected_or_manifest,277,0,229,258,28f055627ac2ca7e96c17a930ce6d21f6ad0e977cfade47b3718aad9261c807c,False,False
豹拉,ROUND_1,7,74,4,重防禦硬直,豹拉/ROUND_1/16_重防禦硬直/74.webp,269a8a122c441419c93a231f315c911a597073d2348a6ccc44d21e9215c74408,detected_or_manifest,3,235,282,277,d5692a0dc9d0f356e188313df2fab1213c9053be5666225d7bbacff9638ae872,False,False
豹拉,ROUND_1,7,75,5,上段受擊,豹拉/ROUND_1/17_上段受擊/75.webp,269a8a122c441419c93a231f315c911a597073d2348a6ccc44d21e9215c74408,detected_or_manifest,286,247,243,265,9bd2e1b4ae637da260cc38bcac8e2fdb05734193248d92c41bfbbee34f6bf866,False,False
豹拉,ROUND_1,7,76,6,下段受擊,豹拉/ROUND_1/18_下段受擊/76.webp,269a8a122c441419c93a231f315c911a597073d2348a6ccc44d21e9215c74408,detected_or_manifest,530,245,238,267,997fed016f5f0bbf3693022dc301806806ff5571e952f143ccdcd741caa13bb8,False,False
豹拉,ROUND_2,1,11,1,投技「斷後摔」,豹拉/ROUND_2/01_投技「斷後摔」/11.webp,1ccee0c35ec841b7293b76d1ec774d6650fd5a79e4ed0d36e3cd00739fbfd5f5,detected_or_manifest,0,0,256,256,42020f06cc14033dcffa45a5831c4c636aebe4783fb49bfb8b5efd983a1c66da,False,False
豹拉,ROUND_2,1,12,2,投技「斷後摔」,豹拉/ROUND_2/01_投技「斷後摔」/12.webp,1ccee0c35ec841b7293b76d1ec774d6650fd5a79e4ed0d36e3cd00739fbfd5f5,detected_or_manifest,287,0,232,243,940589d2a1c1f776fdd5dbfa385956fb26ed9ae8226c3dc098fc7d7fc062f963,False,False
豹拉,ROUND_2,1,13,3,投技「斷後摔」,豹拉/ROUND_2/01_投技「斷後摔」/13.webp,1ccee0c35ec841b7293b76d1ec774d6650fd5a79e4ed0d36e3cd00739fbfd5f5,detected_or_manifest,512,0,256,256,3621248e76b97197cee28ad677e4b431a8dbbd2e1cdd04ff3766eb1b9f67aa6d,False,False
豹拉,ROUND_2,1,14,4,投技「斷後摔」,豹拉/ROUND_2/01_投技「斷後摔」/14.webp,1ccee0c35ec841b7293b76d1ec774d6650fd5a79e4ed0d36e3cd00739fbfd5f5,detected_or_manifest,0,256,256,256,ed49322565a8972f3d2068f4e499c691f95295ca33f540051f3edaba4b6669da,False,False
豹拉,ROUND_2,1,15,5,投技「斷後摔」,豹拉/ROUND_2/01_投技「斷後摔」/15.webp,1ccee0c35ec841b7293b76d1ec774d6650fd5a79e4ed0d36e3cd00739fbfd5f5,detected_or_manifest,256,256,256,256,a787f873e23bd37a4c40a42aff51d79a958fd0a50d9356bee7447f5c2de2e2b8,False,False
豹拉,ROUND_2,1,16,6,投技「斷後摔」,豹拉/ROUND_2/01_投技「斷後摔」/16.webp,1ccee0c35ec841b7293b76d1ec774d6650fd5a79e4ed0d36e3cd00739fbfd5f5,detected_or_manifest,512,256,256,256,3868fa4d50e7badd322ed04c2736aa95759c0f311a4a1005d5aeb9541aee8480,False,False
豹拉,ROUND_2,2,21,1,被摔起飛,豹拉/ROUND_2/02_被摔起飛/21.webp,397b48e6f9441382da771ddf61bcfb812299e43ebcd6117fda1e48ea77c1b12f,manual,0,16,271,277,618e83c5ff2177535c56668102a461059fff80dd2dff4a9533ccb158aa85a71a,False,True
豹拉,ROUND_2,2,22,2,空中翻滾,豹拉/ROUND_2/03_空中翻滾/22.webp,397b48e6f9441382da771ddf61bcfb812299e43ebcd6117fda1e48ea77c1b12f,manual,272,22,244,225,89a1ab0f1a5d6cc11d563308ccbaa0280919f6fb54478e35a07a94efa100a127,False,True
豹拉,ROUND_2,2,23,3,倒地撞擊,豹拉/ROUND_2/04_倒地撞擊/23.webp,397b48e6f9441382da771ddf61bcfb812299e43ebcd6117fda1e48ea77c1b12f,manual,518,53,250,272,f4aefaeb1e98435682de3bbe87656c315e6f144514e9e0c152c1a110be565c84,False,True
豹拉,ROUND_2,2,24,4,倒地,豹拉/ROUND_2/05_倒地/24.webp,397b48e6f9441382da771ddf61bcfb812299e43ebcd6117fda1e48ea77c1b12f,manual,0,323,269,189,765ba66f409bcb692e7dd511f4a830565183024835cc46ea7c8cb41a3f104ac4,False,True
豹拉,ROUND_2,2,25,5,起身,豹拉/ROUND_2/06_起身/25.webp,397b48e6f9441382da771ddf61bcfb812299e43ebcd6117fda1e48ea77c1b12f,manual,260,278,254,200,2558deb851c74fd4ee9a7d3e030a06d45cf70800e0029c5bdc80af02c80d1d9c,False,True
豹拉,ROUND_2,2,26,6,KO,豹拉/ROUND_2/07_KO/26.webp,397b48e6f9441382da771ddf61bcfb812299e43ebcd6117fda1e48ea77c1b12f,manual,508,333,260,179,23c35430c6514c7adcd7ed36c957ed6fb7aff163222871e8d8c56b208d3b8ac0,False,True
豹拉,ROUND_2,3,34,4,放開／進入反擊準備,豹拉/ROUND_2/10_放開_進入反擊準備/34.webp,2e1e44f3e3c936fcb7458d96d3aafe1b0ded09419fd8f597c10dd2513dbf3013,detected_or_manifest,8,249,273,263,74db081d44879f646acbfd3c5f2612c777d1339ccfcea656ae0479e3691e9a54,False,False
豹拉,ROUND_2,3,35,5,Counter 有效窗口,豹拉/ROUND_2/11_Counter_有效窗口/35.webp,2e1e44f3e3c936fcb7458d96d3aafe1b0ded09419fd8f597c10dd2513dbf3013,manual,281,262,223,240,88604cda25f1214e8af3aae93df332808eb31db9f0998c0134c03edafa397a71,False,True
豹拉,ROUND_2,3,36,6,反擊失敗收招,豹拉/ROUND_2/12_反擊失敗收招/36.webp,2e1e44f3e3c936fcb7458d96d3aafe1b0ded09419fd8f597c10dd2513dbf3013,detected_or_manifest,512,256,256,256,e6d76629154e3224ad52cad6716d44dbebfa8bcf186f090de3599132dca3ced9,False,False
豹拉,ROUND_2,4,41,1,Lv1「護身」成功,豹拉/ROUND_2/13_Lv1「護身」成功/41.webp,69bd5f8848e58956841073502998e60db1da5cc350feac6d5692c4bd5e06f314,detected_or_manifest,0,0,256,256,e7a568adceb8222154c0ff2a8417254b7da1254fb08f0e75f086523dcc87cc74,False,False
豹拉,ROUND_2,4,42,2,Lv1「護身」成功,豹拉/ROUND_2/13_Lv1「護身」成功/42.webp,69bd5f8848e58956841073502998e60db1da5cc350feac6d5692c4bd5e06f314,manual,273,0,246,262,4ebbd748f303123deaa3b3263e923efd81ae0a33058afe3832593ae30aae1643,False,True
豹拉,ROUND_2,4,44,4,Lv2「斷後反擊」成功,豹拉/ROUND_2/14_Lv2「斷後反擊」成功/44.webp,69bd5f8848e58956841073502998e60db1da5cc350feac6d5692c4bd5e06f314,manual,28,271,247,189,43dd17d471549a38ab54df6c74730fa519ca6d64dec2593b09188e02255fee65,False,True
豹拉,ROUND_2,4,45,5,Lv2「斷後反擊」成功,豹拉/ROUND_2/14_Lv2「斷後反擊」成功/45.webp,69bd5f8848e58956841073502998e60db1da5cc350feac6d5692c4bd5e06f314,manual,277,258,283,218,82aaee11c6c02dc15f68c9d7be07338cfba6d8cd4d1d1036b683a489327da365,False,True
豹拉,ROUND_2,4,46,6,Lv2「斷後反擊」成功,豹拉/ROUND_2/14_Lv2「斷後反擊」成功/46.webp,69bd5f8848e58956841073502998e60db1da5cc350feac6d5692c4bd5e06f314,manual,553,278,204,214,79ef9ec86643df6a6ba8f7b2ff211f21d1ab77b268a870b22e62a2273c496294,False,True
豹拉,ROUND_2,5,51,1,Lv3 對 Strike 反擊,豹拉/ROUND_2/15_Lv3_對_Strike_反擊/51.webp,72087ee2f63d15ef12ffcb3c7eb6cdf9c5a563ef10be3de49a74189594e83416,manual,0,9,267,279,e668e26d887c0e1b1a116c4baaec2627410afe3c7674316133365fe467020b6e,False,True
豹拉,ROUND_2,5,52,2,Lv3 對 Strike 反擊,豹拉/ROUND_2/15_Lv3_對_Strike_反擊/52.webp,72087ee2f63d15ef12ffcb3c7eb6cdf9c5a563ef10be3de49a74189594e83416,manual,278,15,233,251,64877dee65128594816607fe12dc05e050b251e7290515c590b0da9620133f16,False,True
豹拉,ROUND_2,5,54,4,Lv3 對 Strike 反擊,豹拉/ROUND_2/15_Lv3_對_Strike_反擊/54.webp,72087ee2f63d15ef12ffcb3c7eb6cdf9c5a563ef10be3de49a74189594e83416,manual,0,273,283,233,fe1c2c554e38dabc32e5926cdd25a4509aa88d686d6614d0f467f2575fd2ac50,False,True
豹拉,ROUND_2,5,55,5,Lv3 對 Strike 反擊,豹拉/ROUND_2/15_Lv3_對_Strike_反擊/55.webp,72087ee2f63d15ef12ffcb3c7eb6cdf9c5a563ef10be3de49a74189594e83416,manual,277,285,231,208,69ec6b83ddb838083b7f5588801daaa2a0fa8fd136e1e5ef011f098a2a8e6947,False,True
豹拉,ROUND_2,5,56,6,Lv3 對 Projectile 反擊,豹拉/ROUND_2/16_Lv3_對_Projectile_反擊/56.webp,72087ee2f63d15ef12ffcb3c7eb6cdf9c5a563ef10be3de49a74189594e83416,manual,512,266,252,241,f10c4c6b133f8c9491defbfc4fd7868d8835f0b947eef85b45ada2173a6efa05,False,True
豹拉,ROUND_2,5,57,7,Lv3 對 Projectile 反擊,豹拉/ROUND_2/16_Lv3_對_Projectile_反擊/57.webp,72087ee2f63d15ef12ffcb3c7eb6cdf9c5a563ef10be3de49a74189594e83416,manual,0,511,263,257,8ea396f4e67787d901b18c255293f1e8538bd11a94c56f1df5ce8f6eb9aea0a0,False,True
豹拉,ROUND_2,5,58,8,Lv3 對 Projectile 反擊,豹拉/ROUND_2/16_Lv3_對_Projectile_反擊/58.webp,72087ee2f63d15ef12ffcb3c7eb6cdf9c5a563ef10be3de49a74189594e83416,manual,258,491,247,250,8df878726e28f7e3a7d63ef0bb7af6da144c504dcc535483581e227629d08172,False,True
豹拉,ROUND_2,5,59,9,Lv3 對 Projectile 反擊,豹拉/ROUND_2/16_Lv3_對_Projectile_反擊/59.webp,72087ee2f63d15ef12ffcb3c7eb6cdf9c5a563ef10be3de49a74189594e83416,manual,504,522,253,223,af232212a97726e1cade57bcbcf7037a75311b77993c86fdccb6b2d3de9d4ac1,False,True
豹拉,ROUND_2,6,61,1,Ultimate 啟動／深吸氣,豹拉/ROUND_2/17_Ultimate_啟動_深吸氣/61.webp,51953a812f6385d0501fa3924d6cfbd5ddc45d7748ae393e13472e1331c3833d,manual,17,0,262,262,4382d9b96cc1eab66193349a269ad13c9fbeda739259fb60c40bf4ac6d1b16ba,False,True
豹拉,ROUND_2,6,62,2,啟動咆哮,豹拉/ROUND_2/18_啟動咆哮/62.webp,51953a812f6385d0501fa3924d6cfbd5ddc45d7748ae393e13472e1331c3833d,manual,274,0,252,266,91333776bf06366bc440b5ccfa091e074b9e92fc2cc3330d1d33705194577a53,False,True
豹拉,ROUND_2,6,63,3,進入 LAST STAND,豹拉/ROUND_2/19_進入_LAST_STAND/63.webp,51953a812f6385d0501fa3924d6cfbd5ddc45d7748ae393e13472e1331c3833d,manual,529,0,229,283,801d639af6a83c1036247825d58a87eb650ac176d3c020442d886c5e75cc540b,False,True
豹拉,ROUND_2,6,64,4,LAST STAND 等待,豹拉/ROUND_2/20_LAST_STAND_等待/64.webp,51953a812f6385d0501fa3924d6cfbd5ddc45d7748ae393e13472e1331c3833d,manual,0,258,230,247,eca7c7f1c3a34594fb2aee3cf5d0db963b910d52dfe6433cb19186f8e85e15df,False,True
豹拉,ROUND_2,6,65,5,吸收敵人攻擊,豹拉/ROUND_2/21_吸收敵人攻擊/65.webp,51953a812f6385d0501fa3924d6cfbd5ddc45d7748ae393e13472e1331c3833d,manual,265,264,252,263,3f6d359b47a7cb1e264ec42197ab3dcf68d3f2737f1fa8a4051c1bd9b91e74f3,False,True
豹拉,ROUND_2,6,66,6,吸收敵人攻擊,豹拉/ROUND_2/21_吸收敵人攻擊/66.webp,51953a812f6385d0501fa3924d6cfbd5ddc45d7748ae393e13472e1331c3833d,manual,531,276,237,250,dd0ddb21add6b9d1de970a1ffa53ed66cb9bd9bf021f504a94754b1194522212,False,True
豹拉,ROUND_2,6,67,7,Resolve ≥1，準備反擊,豹拉/ROUND_2/22_Resolve_≥1，準備反擊/67.webp,51953a812f6385d0501fa3924d6cfbd5ddc45d7748ae393e13472e1331c3833d,manual,0,500,262,268,8ad155cdcaab3c507b4216866783a561564e9c4b0639b5cd350c62aa947562f7,False,True
豹拉,ROUND_2,6,68,8,反擊咆哮本體,豹拉/ROUND_2/23_反擊咆哮本體/68.webp,51953a812f6385d0501fa3924d6cfbd5ddc45d7748ae393e13472e1331c3833d,manual,282,520,243,233,184e660c21aeadcf5a00d7a2f19af0b91bd6f5da5e5d2e18c4700dd82e46dd19,False,True
豹拉,ROUND_2,6,69,9,0 Hit 失敗／巨大硬直,豹拉/ROUND_2/24_0_Hit_失敗_巨大硬直/69.webp,51953a812f6385d0501fa3924d6cfbd5ddc45d7748ae393e13472e1331c3833d,manual,525,517,240,251,b3c9eea154e907104c9ccff2e0f36449a18424be50accadd16cfe548b26a611d,False,True
豹拉,ROUND_2,7,71,1,Resolve ●,豹拉/ROUND_2/25_Resolve_●/71.webp,35f00d1ac8ea8f4f27cee2db5cf71f4f7adea859eac9c4de48f8dd666bdf22f1,detected_or_manifest,0,0,256,256,5fe8b9643bc6868c419ab8fa625439b6b0712f2e66fc70c276cd386daccc5574,False,False
豹拉,ROUND_2,7,72,2,Resolve ●●,豹拉/ROUND_2/26_Resolve_●●/72.webp,35f00d1ac8ea8f4f27cee2db5cf71f4f7adea859eac9c4de48f8dd666bdf22f1,detected_or_manifest,256,0,256,256,f4ca466a0fb738c28ff183eae572d0c029bb935fe13d51e9073e83e166eaab7c,False,False
豹拉,ROUND_2,7,73,3,Resolve ●●●,豹拉/ROUND_2/27_Resolve_●●●/73.webp,35f00d1ac8ea8f4f27cee2db5cf71f4f7adea859eac9c4de48f8dd666bdf22f1,manual,504,0,264,229,70aca5e31dab45bdfd51e4cd4232e05794fd28a29dc198d69028d347a95d74c1,False,True
豹拉,ROUND_2,7,74,4,LAST STAND 吸收命中特效,豹拉/ROUND_2/28_LAST_STAND_吸收命中特效/74.webp,35f00d1ac8ea8f4f27cee2db5cf71f4f7adea859eac9c4de48f8dd666bdf22f1,detected_or_manifest,0,256,256,256,7fcffed3b344d015f1ae97b09dc731938c4f017e611b9355e05479f67dfb5e8e,False,False
豹拉,ROUND_2,7,75,5,最大 Resolve 特效,豹拉/ROUND_2/29_最大_Resolve_特效/75.webp,35f00d1ac8ea8f4f27cee2db5cf71f4f7adea859eac9c4de48f8dd666bdf22f1,detected_or_manifest,256,256,256,256,b7b7bc99f28142df7ab71398a6c0dc256526569f92ee83685d584e40b35764e1,False,False
豹拉,ROUND_2,7,76,6,0 Hit 失敗消散特效,豹拉/ROUND_2/30_0_Hit_失敗消散特效/76.webp,35f00d1ac8ea8f4f27cee2db5cf71f4f7adea859eac9c4de48f8dd666bdf22f1,manual,547,241,211,257,7e55f86531966f62eb658458546a49248d1de145b23aa6a139d103754a4b462f,False,True
豹拉,ROUND_2,9,91,1,1 Resolve「短距離咆哮」,豹拉/ROUND_2/32_1_Resolve「短距離咆哮」/91.webp,e6bb37af18558c6fbfc224fec4209c6a0441932d8de6ee7d6bf24d40c48765e6,detected_or_manifest,0,0,256,256,abd90020234b2dcf0e08d33a1a8fae5fa613392ad1435fe982e8c1351e3f543a,False,False
豹拉,ROUND_2,9,92,2,1 Resolve「短距離咆哮」,豹拉/ROUND_2/32_1_Resolve「短距離咆哮」/92.webp,e6bb37af18558c6fbfc224fec4209c6a0441932d8de6ee7d6bf24d40c48765e6,detected_or_manifest,256,0,256,256,fa7d73999824fd50f27bbe3a3442de40dc9860750543c9192eff0f17253439b4,False,False
豹拉,ROUND_2,9,93,3,1 Resolve「短距離咆哮」,豹拉/ROUND_2/32_1_Resolve「短距離咆哮」/93.webp,e6bb37af18558c6fbfc224fec4209c6a0441932d8de6ee7d6bf24d40c48765e6,manual,528,0,230,209,908077cfa4e0f0a26ce6bdae2d0815de5965eaa1f5ed12cf510a5530677aea8b,False,True
豹拉,ROUND_2,9,94,4,2 Resolve「大型咆哮」,豹拉/ROUND_2/33_2_Resolve「大型咆哮」/94.webp,e6bb37af18558c6fbfc224fec4209c6a0441932d8de6ee7d6bf24d40c48765e6,manual,0,209,210,213,65b9453c06a55959b4e41f5dcd8975f35b87747cd24167250674d96fe3320537,False,True
豹拉,ROUND_2,9,95,5,2 Resolve「大型咆哮」,豹拉/ROUND_2/33_2_Resolve「大型咆哮」/95.webp,e6bb37af18558c6fbfc224fec4209c6a0441932d8de6ee7d6bf24d40c48765e6,manual,274,236,241,204,564d61f039fb5625b2506c4fa91c46d2fccd4e941b3ce25edfafc08381b23a56,False,True
豹拉,ROUND_2,9,96,6,2 Resolve「大型咆哮」,豹拉/ROUND_2/33_2_Resolve「大型咆哮」/96.webp,e6bb37af18558c6fbfc224fec4209c6a0441932d8de6ee7d6bf24d40c48765e6,manual,528,221,236,202,80fa8915ff9073ca69fc502ae65d0fc5f90e5137e6911a6eae12db04e3ff4c06,False,True
豹拉,ROUND_2,9,97,7,3 Resolve 完整「怪物前的咆哮」,豹拉/ROUND_2/34_3_Resolve_完整「怪物前的咆哮」/97.webp,e6bb37af18558c6fbfc224fec4209c6a0441932d8de6ee7d6bf24d40c48765e6,manual,0,452,233,239,f461dbb7a0f03b136aa4ecabd92c7a2cd4c1213c7876b7723d57ec02c94aea3a,False,True
豹拉,ROUND_2,9,98,8,3 Resolve 完整「怪物前的咆哮」,豹拉/ROUND_2/34_3_Resolve_完整「怪物前的咆哮」/98.webp,e6bb37af18558c6fbfc224fec4209c6a0441932d8de6ee7d6bf24d40c48765e6,manual,236,451,309,260,27d91bce64b197a7222b5df23b100c2615d239304e46c89917b02d8a37000d1e,False,True
豹拉,ROUND_2,9,99,9,3 Resolve 完整「怪物前的咆哮」,豹拉/ROUND_2/34_3_Resolve_完整「怪物前的咆哮」/99.webp,e6bb37af18558c6fbfc224fec4209c6a0441932d8de6ee7d6bf24d40c48765e6,manual,552,432,216,291,e4adc66728b2fb0b32e62321622a281d2ee280b96ae843ea36b5bd687cea1053,False,True
